date,month,symbol_files,chosen_symbol,chosen_expiry,days_to_expiry,chosen_5d_avg_volume,next_symbol,next_5d_avg_volume,roll_reason,total_volume_that_day,rank_by_volume_among_available_symbols,available_symbol_count
2025-01-01,2025-01,{'F:BRN\\H25': [WindowsPath('C:/Users/taran/OneDrive/Desktop/Downloads/Backtesting data 2025/January - March contract (F_BRN_H25)/2025-01-01_F_BRN_H25_1s.csv')]},F:BRN\H25,2025-01-31,22,0.0,F:BRN\J25,0.0,default_most_prompt,0.0,1.0,1
2025-01-02,2025-01,{'F:BRN\\H25': [WindowsPath('C:/Users/taran/OneDrive/Desktop/Downloads/Backtesting data 2025/January - March contract (F_BRN_H25)/2025-01-02_F_BRN_H25_1s.csv')]},F:BRN\H25,2025-01-31,21,0.0,F:BRN\J25,0.0,default_most_prompt,216897.0,1.0,1
2025-01-03,2025-01,{'F:BRN\\H25': [WindowsPath('C:/Users/taran/OneDrive/Desktop/Downloads/Backtesting data 2025/January - March contract (F_BRN_H25)/2025-01-03_F_BRN_H25_1s.csv')]},F:BRN\H25,2025-01-31,20,108448.5,F:BRN\J25,0.0,default_most_prompt,166545.0,1.0,1
2025-01-04,2025-01,{'F:BRN\\H25': [WindowsPath('C:/Users/taran/OneDrive/Desktop/Downloads/Backtesting data 2025/January - March contract (F_BRN_H25)/2025-01-04_F_BRN_H25_1s.csv')]},F:BRN\H25,2025-01-31,19,127814.0,F:BRN\J25,0.0,default_most_prompt,0.0,1.0,1
2025-01-06,2025-01,{'F:BRN\\H25': [WindowsPath('C:/Users/taran/OneDrive/Desktop/Downloads/Backtesting data 2025/January - March contract (F_BRN_H25)/2025-01-06_F_BRN_H25_1s.csv')]},F:BRN\H25,2025-01-31,19,95860.5,F:BRN\J25,0.0,default_most_prompt,217449.0,1.0,1
2025-01-07,2025-01,{'F:BRN\\H25': [WindowsPath('C:/Users/taran/OneDrive/Desktop/Downloads/Backtesting data 2025/January - March contract (F_BRN_H25)/2025-01-07_F_BRN_H25_1s.csv')]},F:BRN\H25,2025-01-31,18,120178.2,F:BRN\J25,0.0,default_most_prompt,202382.0,1.0,1
2025-01-08,2025-01,{'F:BRN\\H25': [WindowsPath('C:/Users/taran/OneDrive/Desktop/Downloads/Backtesting data 2025/January - March contract (F_BRN_H25)/2025-01-08_F_BRN_H25_1s.csv')]},F:BRN\H25,2025-01-31,17,160654.6,F:BRN\J25,0.0,default_most_prompt,233646.0,1.0,1
2025-01-09,2025-01,{'F:BRN\\H25': [WindowsPath('C:/Users/taran/OneDrive/Desktop/Downloads/Backtesting data 2025/January - March contract (F_BRN_H25)/2025-01-09_F_BRN_H25_1s.csv')]},F:BRN\H25,2025-01-31,16,164004.4,F:BRN\J25,0.0,default_most_prompt,148224.0,1.0,1
2025-01-10,2025-01,{'F:BRN\\H25': [WindowsPath('C:/Users/taran/OneDrive/Desktop/Downloads/Backtesting data 2025/January - March contract (F_BRN_H25)/2025-01-10_F_BRN_H25_1s.csv')]},F:BRN\H25,2025-01-31,15,160340.2,F:BRN\J25,0.0,default_most_prompt,417550.0,1.0,1
2025-01-11,2025-01,{'F:BRN\\H25': [WindowsPath('C:/Users/taran/OneDrive/Desktop/Downloads/Backtesting data 2025/January - March contract (F_BRN_H25)/2025-01-11_F_BRN_H25_1s.csv')]},F:BRN\H25,2025-01-31,14,243850.2,F:BRN\J25,0.0,default_most_prompt,0.0,1.0,1
2025-01-13,2025-01,{'F:BRN\\H25': [WindowsPath('C:/Users/taran/OneDrive/Desktop/Downloads/Backtesting data 2025/January - March contract (F_BRN_H25)/2025-01-13_F_BRN_H25_1s.csv')]},F:BRN\H25,2025-01-31,14,200360.4,F:BRN\J25,0.0,default_most_prompt,311830.0,1.0,1
2025-01-14,2025-01,{'F:BRN\\H25': [WindowsPath('C:/Users/taran/OneDrive/Desktop/Downloads/Backtesting data 2025/January - March contract (F_BRN_H25)/2025-01-14_F_BRN_H25_1s.csv')]},F:BRN\H25,2025-01-31,13,222250.0,F:BRN\J25,0.0,default_most_prompt,241405.0,1.0,1
2025-01-15,2025-01,{'F:BRN\\H25': [WindowsPath('C:/Users/taran/OneDrive/Desktop/Downloads/Backtesting data 2025/January - March contract (F_BRN_H25)/2025-01-15_F_BRN_H25_1s.csv')]},F:BRN\H25,2025-01-31,12,223801.8,F:BRN\J25,0.0,default_most_prompt,271984.0,1.0,1
2025-01-16,2025-01,{'F:BRN\\H25': [WindowsPath('C:/Users/taran/OneDrive/Desktop/Downloads/Backtesting data 2025/January - March contract (F_BRN_H25)/2025-01-16_F_BRN_H25_1s.csv')]},F:BRN\H25,2025-01-31,11,248553.8,F:BRN\J25,0.0,default_most_prompt,273661.0,1.0,1
2025-01-17,2025-01,{'F:BRN\\H25': [WindowsPath('C:/Users/taran/OneDrive/Desktop/Downloads/Backtesting data 2025/January - March contract (F_BRN_H25)/2025-01-17_F_BRN_H25_1s.csv')]},F:BRN\H25,2025-01-31,10,219776.0,F:BRN\J25,0.0,default_most_prompt,173231.0,1.0,1
2025-01-18,2025-01,{'F:BRN\\H25': [WindowsPath('C:/Users/taran/OneDrive/Desktop/Downloads/Backtesting data 2025/January - March contract (F_BRN_H25)/2025-01-18_F_BRN_H25_1s.csv')]},F:BRN\H25,2025-01-31,9,254422.2,F:BRN\J25,0.0,default_most_prompt,0.0,1.0,1
2025-01-20,2025-01,{'F:BRN\\H25': [WindowsPath('C:/Users/taran/OneDrive/Desktop/Downloads/Backtesting data 2025/January - March contract (F_BRN_H25)/2025-01-20_F_BRN_H25_1s.csv')]},F:BRN\H25,2025-01-31,9,192056.2,F:BRN\J25,0.0,default_most_prompt,152621.0,1.0,1
2025-01-21,2025-01,{'F:BRN\\H25': [WindowsPath('C:/Users/taran/OneDrive/Desktop/Downloads/Backtesting data 2025/January - March contract (F_BRN_H25)/2025-01-21_F_BRN_H25_1s.csv')]},F:BRN\H25,2025-01-31,8,174299.4,F:BRN\J25,0.0,default_most_prompt,198194.0,1.0,1
2025-01-22,2025-01,{'F:BRN\\H25': [WindowsPath('C:/Users/taran/OneDrive/Desktop/Downloads/Backtesting data 2025/January - March contract (F_BRN_H25)/2025-01-22_F_BRN_H25_1s.csv')]},F:BRN\H25,2025-01-31,7,159541.4,F:BRN\J25,0.0,default_most_prompt,158994.0,1.0,1
2025-01-23,2025-01,{'F:BRN\\H25': [WindowsPath('C:/Users/taran/OneDrive/Desktop/Downloads/Backtesting data 2025/January - March contract (F_BRN_H25)/2025-01-23_F_BRN_H25_1s.csv')]},F:BRN\H25,2025-01-31,6,136608.0,F:BRN\J25,0.0,default_most_prompt,175362.0,1.0,1
2025-01-24,2025-01,{'F:BRN\\H25': [WindowsPath('C:/Users/taran/OneDrive/Desktop/Downloads/Backtesting data 2025/January - March contract (F_BRN_H25)/2025-01-24_F_BRN_H25_1s.csv')]},F:BRN\H25,2025-01-31,5,137034.2,F:BRN\J25,0.0,default_most_prompt,104336.0,1.0,1
2025-01-25,2025-01,{'F:BRN\\H25': [WindowsPath('C:/Users/taran/OneDrive/Desktop/Downloads/Backtesting data 2025/January - March contract (F_BRN_H25)/2025-01-25_F_BRN_H25_1s.csv')]},F:BRN\J25,2025-02-28,24,0.0,F:BRN\J25,0.0,pre_expiry_buffer,0.0,,1
2025-01-27,2025-01,{'F:BRN\\H25': [WindowsPath('C:/Users/taran/OneDrive/Desktop/Downloads/Backtesting data 2025/January - March contract (F_BRN_H25)/2025-01-27_F_BRN_H25_1s.csv')]},F:BRN\J25,2025-02-28,24,0.0,F:BRN\J25,0.0,pre_expiry_buffer,0.0,,1
2025-01-28,2025-01,{'F:BRN\\H25': [WindowsPath('C:/Users/taran/OneDrive/Desktop/Downloads/Backtesting data 2025/January - March contract (F_BRN_H25)/2025-01-28_F_BRN_H25_1s.csv')]},F:BRN\J25,2025-02-28,23,0.0,F:BRN\J25,0.0,pre_expiry_buffer,0.0,,1
2025-01-29,2025-01,{'F:BRN\\H25': [WindowsPath('C:/Users/taran/OneDrive/Desktop/Downloads/Backtesting data 2025/January - March contract (F_BRN_H25)/2025-01-29_F_BRN_H25_1s.csv')]},F:BRN\J25,2025-02-28,22,0.0,F:BRN\J25,0.0,pre_expiry_buffer,0.0,,1
2025-01-30,2025-01,{'F:BRN\\H25': [WindowsPath('C:/Users/taran/OneDrive/Desktop/Downloads/Backtesting data 2025/January - March contract (F_BRN_H25)/2025-01-30_F_BRN_H25_1s.csv')]},F:BRN\J25,2025-02-28,21,0.0,F:BRN\J25,0.0,pre_expiry_buffer,0.0,,1
2025-01-31,2025-01,{'F:BRN\\H25': [WindowsPath('C:/Users/taran/OneDrive/Desktop/Downloads/Backtesting data 2025/January - March contract (F_BRN_H25)/2025-01-31_F_BRN_H25_1s.csv')]},F:BRN\J25,2025-02-28,20,0.0,F:BRN\J25,0.0,pre_expiry_buffer,0.0,,1
2025-02-01,2025-02,{'F:BRN\\J25': [WindowsPath('C:/Users/taran/OneDrive/Desktop/Downloads/Backtesting data 2025/February - April contract (F_BRN_J25)/2025-02-01_F_BRN_J25_1s.csv')]},F:BRN\J25,2025-02-28,19,0.0,F:BRN\K25,0.0,default_most_prompt,0.0,1.0,1
2025-02-03,2025-02,{'F:BRN\\J25': [WindowsPath('C:/Users/taran/OneDrive/Desktop/Downloads/Backtesting data 2025/February - April contract (F_BRN_J25)/2025-02-03_F_BRN_J25_1s.csv')]},F:BRN\J25,2025-02-28,19,0.0,F:BRN\K25,0.0,default_most_prompt,296702.0,1.0,1
2025-02-04,2025-02,{'F:BRN\\J25': [WindowsPath('C:/Users/taran/OneDrive/Desktop/Downloads/Backtesting data 2025/February - April contract (F_BRN_J25)/2025-02-04_F_BRN_J25_1s.csv')]},F:BRN\J25,2025-02-28,18,59340.4,F:BRN\K25,0.0,default_most_prompt,334630.0,1.0,1
2025-02-05,2025-02,{'F:BRN\\J25': [WindowsPath('C:/Users/taran/OneDrive/Desktop/Downloads/Backtesting data 2025/February - April contract (F_BRN_J25)/2025-02-05_F_BRN_J25_1s.csv')]},F:BRN\J25,2025-02-28,17,126266.4,F:BRN\K25,0.0,default_most_prompt,205965.0,1.0,1
2025-02-06,2025-02,{'F:BRN\\J25': [WindowsPath('C:/Users/taran/OneDrive/Desktop/Downloads/Backtesting data 2025/February - April contract (F_BRN_J25)/2025-02-06_F_BRN_J25_1s.csv')]},F:BRN\J25,2025-02-28,16,167459.4,F:BRN\K25,0.0,default_most_prompt,215893.0,1.0,1
2025-02-07,2025-02,{'F:BRN\\J25': [WindowsPath('C:/Users/taran/OneDrive/Desktop/Downloads/Backtesting data 2025/February - April contract (F_BRN_J25)/2025-02-07_F_BRN_J25_1s.csv')]},F:BRN\J25,2025-02-28,15,210638.0,F:BRN\K25,0.0,default_most_prompt,155917.0,1.0,1
2025-02-08,2025-02,{'F:BRN\\J25': [WindowsPath('C:/Users/taran/OneDrive/Desktop/Downloads/Backtesting data 2025/February - April contract (F_BRN_J25)/2025-02-08_F_BRN_J25_1s.csv')]},F:BRN\J25,2025-02-28,14,241821.4,F:BRN\K25,0.0,default_most_prompt,0.0,1.0,1
2025-02-10,2025-02,{'F:BRN\\J25': [WindowsPath('C:/Users/taran/OneDrive/Desktop/Downloads/Backtesting data 2025/February - April contract (F_BRN_J25)/2025-02-10_F_BRN_J25_1s.csv')]},F:BRN\J25,2025-02-28,14,182481.0,F:BRN\K25,0.0,default_most_prompt,147772.0,1.0,1
2025-02-11,2025-02,{'F:BRN\\J25': [WindowsPath('C:/Users/taran/OneDrive/Desktop/Downloads/Backtesting data 2025/February - April contract (F_BRN_J25)/2025-02-11_F_BRN_J25_1s.csv')]},F:BRN\J25,2025-02-28,13,145109.4,F:BRN\K25,0.0,default_most_prompt,191117.0,1.0,1
2025-02-12,2025-02,{'F:BRN\\J25': [WindowsPath('C:/Users/taran/OneDrive/Desktop/Downloads/Backtesting data 2025/February - April contract (F_BRN_J25)/2025-02-12_F_BRN_J25_1s.csv')]},F:BRN\J25,2025-02-28,12,142139.8,F:BRN\K25,0.0,default_most_prompt,206696.0,1.0,1
2025-02-13,2025-02,{'F:BRN\\J25': [WindowsPath('C:/Users/taran/OneDrive/Desktop/Downloads/Backtesting data 2025/February - April contract (F_BRN_J25)/2025-02-13_F_BRN_J25_1s.csv')]},F:BRN\J25,2025-02-28,11,140300.4,F:BRN\K25,0.0,default_most_prompt,185923.0,1.0,1
2025-02-14,2025-02,{'F:BRN\\J25': [WindowsPath('C:/Users/taran/OneDrive/Desktop/Downloads/Backtesting data 2025/February - April contract (F_BRN_J25)/2025-02-14_F_BRN_J25_1s.csv')]},F:BRN\J25,2025-02-28,10,146301.6,F:BRN\K25,0.0,default_most_prompt,160310.0,1.0,1
2025-02-15,2025-02,{'F:BRN\\J25': [WindowsPath('C:/Users/taran/OneDrive/Desktop/Downloads/Backtesting data 2025/February - April contract (F_BRN_J25)/2025-02-15_F_BRN_J25_1s.csv')]},F:BRN\J25,2025-02-28,9,178363.6,F:BRN\K25,0.0,default_most_prompt,0.0,1.0,1
2025-02-17,2025-02,{'F:BRN\\J25': [WindowsPath('C:/Users/taran/OneDrive/Desktop/Downloads/Backtesting data 2025/February - April contract (F_BRN_J25)/2025-02-17_F_BRN_J25_1s.csv')]},F:BRN\J25,2025-02-28,9,148809.2,F:BRN\K25,0.0,default_most_prompt,113745.0,1.0,1
2025-02-18,2025-02,{'F:BRN\\J25': [WindowsPath('C:/Users/taran/OneDrive/Desktop/Downloads/Backtesting data 2025/February - April contract (F_BRN_J25)/2025-02-18_F_BRN_J25_1s.csv')]},F:BRN\J25,2025-02-28,8,133334.8,F:BRN\K25,0.0,default_most_prompt,172997.0,1.0,1
2025-02-19,2025-02,{'F:BRN\\J25': [WindowsPath('C:/Users/taran/OneDrive/Desktop/Downloads/Backtesting data 2025/February - April contract (F_BRN_J25)/2025-02-19_F_BRN_J25_1s.csv')]},F:BRN\J25,2025-02-28,7,126595.0,F:BRN\K25,0.0,default_most_prompt,141282.0,1.0,1
2025-02-20,2025-02,{'F:BRN\\J25': [WindowsPath('C:/Users/taran/OneDrive/Desktop/Downloads/Backtesting data 2025/February - April contract (F_BRN_J25)/2025-02-20_F_BRN_J25_1s.csv')]},F:BRN\J25,2025-02-28,6,117666.8,F:BRN\K25,0.0,default_most_prompt,122183.0,1.0,1
2025-02-21,2025-02,{'F:BRN\\J25': [WindowsPath('C:/Users/taran/OneDrive/Desktop/Downloads/Backtesting data 2025/February - April contract (F_BRN_J25)/2025-02-21_F_BRN_J25_1s.csv')]},F:BRN\J25,2025-02-28,5,110041.4,F:BRN\K25,0.0,default_most_prompt,138315.0,1.0,1
2025-02-22,2025-02,{'F:BRN\\J25': [WindowsPath('C:/Users/taran/OneDrive/Desktop/Downloads/Backtesting data 2025/February - April contract (F_BRN_J25)/2025-02-22_F_BRN_J25_1s.csv')]},F:BRN\K25,2025-03-31,25,0.0,F:BRN\K25,0.0,pre_expiry_buffer,0.0,,1
2025-02-24,2025-02,{'F:BRN\\J25': [WindowsPath('C:/Users/taran/OneDrive/Desktop/Downloads/Backtesting data 2025/February - April contract (F_BRN_J25)/2025-02-24_F_BRN_J25_1s.csv')]},F:BRN\K25,2025-03-31,25,0.0,F:BRN\K25,0.0,pre_expiry_buffer,0.0,,1
2025-02-25,2025-02,{'F:BRN\\J25': [WindowsPath('C:/Users/taran/OneDrive/Desktop/Downloads/Backtesting data 2025/February - April contract (F_BRN_J25)/2025-02-25_F_BRN_J25_1s.csv')]},F:BRN\K25,2025-03-31,24,0.0,F:BRN\K25,0.0,pre_expiry_buffer,0.0,,1
2025-02-26,2025-02,{'F:BRN\\J25': [WindowsPath('C:/Users/taran/OneDrive/Desktop/Downloads/Backtesting data 2025/February - April contract (F_BRN_J25)/2025-02-26_F_BRN_J25_1s.csv')]},F:BRN\K25,2025-03-31,23,0.0,F:BRN\K25,0.0,pre_expiry_buffer,0.0,,1
2025-02-27,2025-02,{'F:BRN\\J25': [WindowsPath('C:/Users/taran/OneDrive/Desktop/Downloads/Backtesting data 2025/February - April contract (F_BRN_J25)/2025-02-27_F_BRN_J25_1s.csv')]},F:BRN\K25,2025-03-31,22,0.0,F:BRN\K25,0.0,pre_expiry_buffer,0.0,,1
2025-02-28,2025-02,{'F:BRN\\J25': [WindowsPath('C:/Users/taran/OneDrive/Desktop/Downloads/Backtesting data 2025/February - April contract (F_BRN_J25)/2025-02-28_F_BRN_J25_1s.csv')]},F:BRN\K25,2025-03-31,21,0.0,F:BRN\K25,0.0,pre_expiry_buffer,0.0,,1
2025-03-01,2025-03,{'F:BRN\\K25': [WindowsPath('C:/Users/taran/OneDrive/Desktop/Downloads/Backtesting data 2025/March - May contract (F_BRN_K25)/2025-03-01_F_BRN_K25_1s.csv')]},F:BRN\K25,2025-03-31,20,0.0,F:BRN\M25,0.0,default_most_prompt,0.0,1.0,1
2025-03-03,2025-03,{'F:BRN\\K25': [WindowsPath('C:/Users/taran/OneDrive/Desktop/Downloads/Backtesting data 2025/March - May contract (F_BRN_K25)/2025-03-03_F_BRN_K25_1s.csv')]},F:BRN\K25,2025-03-31,20,0.0,F:BRN\M25,0.0,default_most_prompt,253082.0,1.0,1
2025-03-04,2025-03,{'F:BRN\\K25': [WindowsPath('C:/Users/taran/OneDrive/Desktop/Downloads/Backtesting data 2025/March - May contract (F_BRN_K25)/2025-03-04_F_BRN_K25_1s.csv')]},F:BRN\K25,2025-03-31,19,50616.4,F:BRN\M25,0.0,default_most_prompt,301683.0,1.0,1
2025-03-05,2025-03,{'F:BRN\\K25': [WindowsPath('C:/Users/taran/OneDrive/Desktop/Downloads/Backtesting data 2025/March - May contract (F_BRN_K25)/2025-03-05_F_BRN_K25_1s.csv')]},F:BRN\K25,2025-03-31,18,110953.0,F:BRN\M25,0.0,default_most_prompt,295946.0,1.0,1
2025-03-06,2025-03,{'F:BRN\\K25': [WindowsPath('C:/Users/taran/OneDrive/Desktop/Downloads/Backtesting data 2025/March - May contract (F_BRN_K25)/2025-03-06_F_BRN_K25_1s.csv')]},F:BRN\K25,2025-03-31,17,170142.2,F:BRN\M25,0.0,default_most_prompt,243874.0,1.0,1
2025-03-07,2025-03,{'F:BRN\\K25': [WindowsPath('C:/Users/taran/OneDrive/Desktop/Downloads/Backtesting data 2025/March - May contract (F_BRN_K25)/2025-03-07_F_BRN_K25_1s.csv')]},F:BRN\K25,2025-03-31,16,218917.0,F:BRN\M25,0.0,default_most_prompt,263851.0,1.0,1
2025-03-08,2025-03,{'F:BRN\\K25': [WindowsPath('C:/Users/taran/OneDrive/Desktop/Downloads/Backtesting data 2025/March - May contract (F_BRN_K25)/2025-03-08_F_BRN_K25_1s.csv')]},F:BRN\K25,2025-03-31,15,271687.2,F:BRN\M25,0.0,default_most_prompt,0.0,1.0,1
2025-03-10,2025-03,{'F:BRN\\K25': [WindowsPath('C:/Users/taran/OneDrive/Desktop/Downloads/Backtesting data 2025/March - May contract (F_BRN_K25)/2025-03-10_F_BRN_K25_1s.csv')]},F:BRN\K25,2025-03-31,15,221070.8,F:BRN\M25,0.0,default_most_prompt,172694.0,1.0,1
2025-03-11,2025-03,{'F:BRN\\K25': [WindowsPath('C:/Users/taran/OneDrive/Desktop/Downloads/Backtesting data 2025/March - May contract (F_BRN_K25)/2025-03-11_F_BRN_K25_1s.csv')]},F:BRN\K25,2025-03-31,14,195273.0,F:BRN\M25,0.0,default_most_prompt,175695.0,1.0,1
2025-03-12,2025-03,{'F:BRN\\K25': [WindowsPath('C:/Users/taran/OneDrive/Desktop/Downloads/Backtesting data 2025/March - May contract (F_BRN_K25)/2025-03-12_F_BRN_K25_1s.csv')]},F:BRN\K25,2025-03-31,13,171222.8,F:BRN\M25,0.0,default_most_prompt,164149.0,1.0,1
2025-03-13,2025-03,{'F:BRN\\K25': [WindowsPath('C:/Users/taran/OneDrive/Desktop/Downloads/Backtesting data 2025/March - May contract (F_BRN_K25)/2025-03-13_F_BRN_K25_1s.csv')]},F:BRN\K25,2025-03-31,12,155277.8,F:BRN\M25,0.0,default_most_prompt,185160.0,1.0,1
2025-03-14,2025-03,{'F:BRN\\K25': [WindowsPath('C:/Users/taran/OneDrive/Desktop/Downloads/Backtesting data 2025/March - May contract (F_BRN_K25)/2025-03-14_F_BRN_K25_1s.csv')]},F:BRN\K25,2025-03-31,11,139539.6,F:BRN\M25,0.0,default_most_prompt,126364.0,1.0,1
2025-03-15,2025-03,{'F:BRN\\K25': [WindowsPath('C:/Users/taran/OneDrive/Desktop/Downloads/Backtesting data 2025/March - May contract (F_BRN_K25)/2025-03-15_F_BRN_K25_1s.csv')]},F:BRN\K25,2025-03-31,10,164812.4,F:BRN\M25,0.0,default_most_prompt,0.0,1.0,1
2025-03-17,2025-03,{'F:BRN\\K25': [WindowsPath('C:/Users/taran/OneDrive/Desktop/Downloads/Backtesting data 2025/March - May contract (F_BRN_K25)/2025-03-17_F_BRN_K25_1s.csv')]},F:BRN\K25,2025-03-31,10,130273.6,F:BRN\M25,0.0,default_most_prompt,154984.0,1.0,1
2025-03-18,2025-03,{'F:BRN\\K25': [WindowsPath('C:/Users/taran/OneDrive/Desktop/Downloads/Backtesting data 2025/March - May contract (F_BRN_K25)/2025-03-18_F_BRN_K25_1s.csv')]},F:BRN\K25,2025-03-31,9,126131.4,F:BRN\M25,0.0,default_most_prompt,194274.0,1.0,1
2025-03-19,2025-03,{'F:BRN\\K25': [WindowsPath('C:/Users/taran/OneDrive/Desktop/Downloads/Backtesting data 2025/March - May contract (F_BRN_K25)/2025-03-19_F_BRN_K25_1s.csv')]},F:BRN\K25,2025-03-31,8,132156.4,F:BRN\M25,0.0,default_most_prompt,141780.0,1.0,1
2025-03-20,2025-03,{'F:BRN\\K25': [WindowsPath('C:/Users/taran/OneDrive/Desktop/Downloads/Backtesting data 2025/March - May contract (F_BRN_K25)/2025-03-20_F_BRN_K25_1s.csv')]},F:BRN\K25,2025-03-31,7,123480.4,F:BRN\M25,0.0,default_most_prompt,150159.0,1.0,1
2025-03-21,2025-03,{'F:BRN\\K25': [WindowsPath('C:/Users/taran/OneDrive/Desktop/Downloads/Backtesting data 2025/March - May contract (F_BRN_K25)/2025-03-21_F_BRN_K25_1s.csv')]},F:BRN\K25,2025-03-31,6,128239.4,F:BRN\M25,0.0,default_most_prompt,98684.0,1.0,1
2025-03-22,2025-03,{'F:BRN\\K25': [WindowsPath('C:/Users/taran/OneDrive/Desktop/Downloads/Backtesting data 2025/March - May contract (F_BRN_K25)/2025-03-22_F_BRN_K25_1s.csv')]},F:BRN\K25,2025-03-31,5,147976.2,F:BRN\M25,0.0,default_most_prompt,0.0,1.0,1
2025-03-24,2025-03,{'F:BRN\\K25': [WindowsPath('C:/Users/taran/OneDrive/Desktop/Downloads/Backtesting data 2025/March - May contract (F_BRN_K25)/2025-03-24_F_BRN_K25_1s.csv')]},F:BRN\K25,2025-03-31,5,116979.4,F:BRN\M25,0.0,default_most_prompt,114685.0,1.0,1
2025-03-25,2025-03,{'F:BRN\\K25': [WindowsPath('C:/Users/taran/OneDrive/Desktop/Downloads/Backtesting data 2025/March - May contract (F_BRN_K25)/2025-03-25_F_BRN_K25_1s.csv')]},F:BRN\M25,2025-04-30,26,0.0,F:BRN\M25,0.0,pre_expiry_buffer,0.0,,1
2025-03-26,2025-03,{'F:BRN\\K25': [WindowsPath('C:/Users/taran/OneDrive/Desktop/Downloads/Backtesting data 2025/March - May contract (F_BRN_K25)/2025-03-26_F_BRN_K25_1s.csv')]},F:BRN\M25,2025-04-30,25,0.0,F:BRN\M25,0.0,pre_expiry_buffer,0.0,,1
2025-03-27,2025-03,{'F:BRN\\K25': [WindowsPath('C:/Users/taran/OneDrive/Desktop/Downloads/Backtesting data 2025/March - May contract (F_BRN_K25)/2025-03-27_F_BRN_K25_1s.csv')]},F:BRN\M25,2025-04-30,24,0.0,F:BRN\M25,0.0,pre_expiry_buffer,0.0,,1
2025-03-28,2025-03,{'F:BRN\\K25': [WindowsPath('C:/Users/taran/OneDrive/Desktop/Downloads/Backtesting data 2025/March - May contract (F_BRN_K25)/2025-03-28_F_BRN_K25_1s.csv')]},F:BRN\M25,2025-04-30,23,0.0,F:BRN\M25,0.0,pre_expiry_buffer,0.0,,1
2025-03-31,2025-03,{'F:BRN\\K25': [WindowsPath('C:/Users/taran/OneDrive/Desktop/Downloads/Backtesting data 2025/March - May contract (F_BRN_K25)/2025-03-31_F_BRN_K25_1s.csv')]},F:BRN\M25,2025-04-30,22,0.0,F:BRN\M25,0.0,pre_expiry_buffer,0.0,,1
2025-04-01,2025-04,{'F:BRN\\M25': [WindowsPath('C:/Users/taran/OneDrive/Desktop/Downloads/Backtesting data 2025/April - June contract (F_BRN_M25)/2025-04-01_F_BRN_M25_1s.csv')]},F:BRN\M25,2025-04-30,21,0.0,F:BRN\N25,0.0,default_most_prompt,210294.0,1.0,1
2025-04-02,2025-04,{'F:BRN\\M25': [WindowsPath('C:/Users/taran/OneDrive/Desktop/Downloads/Backtesting data 2025/April - June contract (F_BRN_M25)/2025-04-02_F_BRN_M25_1s.csv')]},F:BRN\M25,2025-04-30,20,42058.8,F:BRN\N25,0.0,default_most_prompt,232652.0,1.0,1
2025-04-03,2025-04,{'F:BRN\\M25': [WindowsPath('C:/Users/taran/OneDrive/Desktop/Downloads/Backtesting data 2025/April - June contract (F_BRN_M25)/2025-04-03_F_BRN_M25_1s.csv')]},F:BRN\M25,2025-04-30,19,88589.2,F:BRN\N25,0.0,default_most_prompt,440988.0,1.0,1
2025-04-04,2025-04,{'F:BRN\\M25': [WindowsPath('C:/Users/taran/OneDrive/Desktop/Downloads/Backtesting data 2025/April - June contract (F_BRN_M25)/2025-04-04_F_BRN_M25_1s.csv')]},F:BRN\M25,2025-04-30,18,176786.8,F:BRN\N25,0.0,default_most_prompt,616784.0,1.0,1
2025-04-05,2025-04,{'F:BRN\\M25': [WindowsPath('C:/Users/taran/OneDrive/Desktop/Downloads/Backtesting data 2025/April - June contract (F_BRN_M25)/2025-04-05_F_BRN_M25_1s.csv')]},F:BRN\M25,2025-04-30,17,300143.6,F:BRN\N25,0.0,default_most_prompt,0.0,1.0,1
2025-04-07,2025-04,{'F:BRN\\M25': [WindowsPath('C:/Users/taran/OneDrive/Desktop/Downloads/Backtesting data 2025/April - June contract (F_BRN_M25)/2025-04-07_F_BRN_M25_1s.csv')]},F:BRN\M25,2025-04-30,17,300143.6,F:BRN\N25,0.0,default_most_prompt,552781.0,1.0,1
2025-04-08,2025-04,{'F:BRN\\M25': [WindowsPath('C:/Users/taran/OneDrive/Desktop/Downloads/Backtesting data 2025/April - June contract (F_BRN_M25)/2025-04-08_F_BRN_M25_1s.csv')]},F:BRN\M25,2025-04-30,16,368641.0,F:BRN\N25,0.0,default_most_prompt,393639.0,1.0,1
2025-04-09,2025-04,{'F:BRN\\M25': [WindowsPath('C:/Users/taran/OneDrive/Desktop/Downloads/Backtesting data 2025/April - June contract (F_BRN_M25)/2025-04-09_F_BRN_M25_1s.csv')]},F:BRN\M25,2025-04-30,15,400838.4,F:BRN\N25,0.0,default_most_prompt,610099.0,1.0,1
2025-04-10,2025-04,{'F:BRN\\M25': [WindowsPath('C:/Users/taran/OneDrive/Desktop/Downloads/Backtesting data 2025/April - June contract (F_BRN_M25)/2025-04-10_F_BRN_M25_1s.csv')]},F:BRN\M25,2025-04-30,14,434660.6,F:BRN\N25,0.0,default_most_prompt,326442.0,1.0,1
2025-04-11,2025-04,{'F:BRN\\M25': [WindowsPath('C:/Users/taran/OneDrive/Desktop/Downloads/Backtesting data 2025/April - June contract (F_BRN_M25)/2025-04-11_F_BRN_M25_1s.csv')]},F:BRN\M25,2025-04-30,13,376592.2,F:BRN\N25,0.0,default_most_prompt,232287.0,1.0,1
2025-04-12,2025-04,{'F:BRN\\M25': [WindowsPath('C:/Users/taran/OneDrive/Desktop/Downloads/Backtesting data 2025/April - June contract (F_BRN_M25)/2025-04-12_F_BRN_M25_1s.csv')]},F:BRN\M25,2025-04-30,12,423049.6,F:BRN\N25,0.0,default_most_prompt,0.0,1.0,1
2025-04-14,2025-04,{'F:BRN\\M25': [WindowsPath('C:/Users/taran/OneDrive/Desktop/Downloads/Backtesting data 2025/April - June contract (F_BRN_M25)/2025-04-14_F_BRN_M25_1s.csv')]},F:BRN\M25,2025-04-30,12,312493.4,F:BRN\N25,0.0,default_most_prompt,161303.0,1.0,1
2025-04-15,2025-04,{'F:BRN\\M25': [WindowsPath('C:/Users/taran/OneDrive/Desktop/Downloads/Backtesting data 2025/April - June contract (F_BRN_M25)/2025-04-15_F_BRN_M25_1s.csv')]},F:BRN\M25,2025-04-30,11,266026.2,F:BRN\N25,0.0,default_most_prompt,131465.0,1.0,1
2025-04-16,2025-04,{'F:BRN\\M25': [WindowsPath('C:/Users/taran/OneDrive/Desktop/Downloads/Backtesting data 2025/April - June contract (F_BRN_M25)/2025-04-16_F_BRN_M25_1s.csv')]},F:BRN\M25,2025-04-30,10,170299.4,F:BRN\N25,0.0,default_most_prompt,179364.0,1.0,1
2025-04-17,2025-04,{'F:BRN\\M25': [WindowsPath('C:/Users/taran/OneDrive/Desktop/Downloads/Backtesting data 2025/April - June contract (F_BRN_M25)/2025-04-17_F_BRN_M25_1s.csv')]},F:BRN\M25,2025-04-30,9,140883.8,F:BRN\N25,0.0,default_most_prompt,170101.0,1.0,1
2025-04-18,2025-04,{'F:BRN\\M25': [WindowsPath('C:/Users/taran/OneDrive/Desktop/Downloads/Backtesting data 2025/April - June contract (F_BRN_M25)/2025-04-18_F_BRN_M25_1s.csv')]},F:BRN\M25,2025-04-30,8,128446.6,F:BRN\N25,0.0,default_most_prompt,0.0,1.0,1
2025-04-19,2025-04,{'F:BRN\\M25': [WindowsPath('C:/Users/taran/OneDrive/Desktop/Downloads/Backtesting data 2025/April - June contract (F_BRN_M25)/2025-04-19_F_BRN_M25_1s.csv')]},F:BRN\M25,2025-04-30,7,128446.6,F:BRN\N25,0.0,default_most_prompt,0.0,1.0,1
2025-04-21,2025-04,{'F:BRN\\M25': [WindowsPath('C:/Users/taran/OneDrive/Desktop/Downloads/Backtesting data 2025/April - June contract (F_BRN_M25)/2025-04-21_F_BRN_M25_1s.csv')]},F:BRN\M25,2025-04-30,7,96186.0,F:BRN\N25,0.0,default_most_prompt,109938.0,1.0,1
2025-04-22,2025-04,{'F:BRN\\M25': [WindowsPath('C:/Users/taran/OneDrive/Desktop/Downloads/Backtesting data 2025/April - June contract (F_BRN_M25)/2025-04-22_F_BRN_M25_1s.csv')]},F:BRN\M25,2025-04-30,6,91880.6,F:BRN\N25,0.0,default_most_prompt,149743.0,1.0,1
2025-04-23,2025-04,{'F:BRN\\M25': [WindowsPath('C:/Users/taran/OneDrive/Desktop/Downloads/Backtesting data 2025/April - June contract (F_BRN_M25)/2025-04-23_F_BRN_M25_1s.csv')]},F:BRN\M25,2025-04-30,5,85956.4,F:BRN\N25,0.0,default_most_prompt,219377.0,1.0,1
2025-04-24,2025-04,{'F:BRN\\M25': [WindowsPath('C:/Users/taran/OneDrive/Desktop/Downloads/Backtesting data 2025/April - June contract (F_BRN_M25)/2025-04-24_F_BRN_M25_1s.csv')]},F:BRN\N25,2025-05-30,26,0.0,F:BRN\N25,0.0,pre_expiry_buffer,0.0,,1
2025-04-25,2025-04,{'F:BRN\\M25': [WindowsPath('C:/Users/taran/OneDrive/Desktop/Downloads/Backtesting data 2025/April - June contract (F_BRN_M25)/2025-04-25_F_BRN_M25_1s.csv')]},F:BRN\N25,2025-05-30,25,0.0,F:BRN\N25,0.0,pre_expiry_buffer,0.0,,1
2025-04-26,2025-04,{'F:BRN\\M25': [WindowsPath('C:/Users/taran/OneDrive/Desktop/Downloads/Backtesting data 2025/April - June contract (F_BRN_M25)/2025-04-26_F_BRN_M25_1s.csv')]},F:BRN\N25,2025-05-30,24,0.0,F:BRN\N25,0.0,pre_expiry_buffer,0.0,,1
2025-04-28,2025-04,{'F:BRN\\M25': [WindowsPath('C:/Users/taran/OneDrive/Desktop/Downloads/Backtesting data 2025/April - June contract (F_BRN_M25)/2025-04-28_F_BRN_M25_1s.csv')]},F:BRN\N25,2025-05-30,24,0.0,F:BRN\N25,0.0,pre_expiry_buffer,0.0,,1
2025-04-29,2025-04,{'F:BRN\\M25': [WindowsPath('C:/Users/taran/OneDrive/Desktop/Downloads/Backtesting data 2025/April - June contract (F_BRN_M25)/2025-04-29_F_BRN_M25_1s.csv')]},F:BRN\N25,2025-05-30,23,0.0,F:BRN\N25,0.0,pre_expiry_buffer,0.0,,1
2025-04-30,2025-04,{'F:BRN\\M25': [WindowsPath('C:/Users/taran/OneDrive/Desktop/Downloads/Backtesting data 2025/April - June contract (F_BRN_M25)/2025-04-30_F_BRN_M25_1s.csv')]},F:BRN\N25,2025-05-30,22,0.0,F:BRN\N25,0.0,pre_expiry_buffer,0.0,,1
2025-05-01,2025-05,{'F:BRN\\N25': [WindowsPath('C:/Users/taran/OneDrive/Desktop/Downloads/Backtesting data 2025/May - July contract (F_BRN_N25)/2025-05-01_F_BRN_N25_1s.csv')]},F:BRN\N25,2025-05-30,21,0.0,F:BRN\Q25,0.0,default_most_prompt,268561.0,1.0,1
2025-05-02,2025-05,{'F:BRN\\N25': [WindowsPath('C:/Users/taran/OneDrive/Desktop/Downloads/Backtesting data 2025/May - July contract (F_BRN_N25)/2025-05-02_F_BRN_N25_1s.csv')]},F:BRN\N25,2025-05-30,20,53712.2,F:BRN\Q25,0.0,default_most_prompt,216817.0,1.0,1
2025-05-03,2025-05,{'F:BRN\\N25': [WindowsPath('C:/Users/taran/OneDrive/Desktop/Downloads/Backtesting data 2025/May - July contract (F_BRN_N25)/2025-05-03_F_BRN_N25_1s.csv')]},F:BRN\N25,2025-05-30,19,97075.6,F:BRN\Q25,0.0,default_most_prompt,0.0,1.0,1
2025-05-05,2025-05,{'F:BRN\\N25': [WindowsPath('C:/Users/taran/OneDrive/Desktop/Downloads/Backtesting data 2025/May - July contract (F_BRN_N25)/2025-05-05_F_BRN_N25_1s.csv')]},F:BRN\N25,2025-05-30,19,97075.6,F:BRN\Q25,0.0,default_most_prompt,182717.0,1.0,1
2025-05-06,2025-05,{'F:BRN\\N25': [WindowsPath('C:/Users/taran/OneDrive/Desktop/Downloads/Backtesting data 2025/May - July contract (F_BRN_N25)/2025-05-06_F_BRN_N25_1s.csv')]},F:BRN\N25,2025-05-30,18,133619.0,F:BRN\Q25,0.0,default_most_prompt,218485.0,1.0,1
2025-05-07,2025-05,{'F:BRN\\N25': [WindowsPath('C:/Users/taran/OneDrive/Desktop/Downloads/Backtesting data 2025/May - July contract (F_BRN_N25)/2025-05-07_F_BRN_N25_1s.csv')]},F:BRN\N25,2025-05-30,17,177316.0,F:BRN\Q25,0.0,default_most_prompt,190284.0,1.0,1
2025-05-08,2025-05,{'F:BRN\\N25': [WindowsPath('C:/Users/taran/OneDrive/Desktop/Downloads/Backtesting data 2025/May - July contract (F_BRN_N25)/2025-05-08_F_BRN_N25_1s.csv')]},F:BRN\N25,2025-05-30,16,161660.6,F:BRN\Q25,0.0,default_most_prompt,193741.0,1.0,1
2025-05-09,2025-05,{'F:BRN\\N25': [WindowsPath('C:/Users/taran/OneDrive/Desktop/Downloads/Backtesting data 2025/May - July contract (F_BRN_N25)/2025-05-09_F_BRN_N25_1s.csv')]},F:BRN\N25,2025-05-30,15,157045.4,F:BRN\Q25,0.0,default_most_prompt,170077.0,1.0,1
2025-05-10,2025-05,{'F:BRN\\N25': [WindowsPath('C:/Users/taran/OneDrive/Desktop/Downloads/Backtesting data 2025/May - July contract (F_BRN_N25)/2025-05-10_F_BRN_N25_1s.csv')]},F:BRN\N25,2025-05-30,14,191060.8,F:BRN\Q25,0.0,default_most_prompt,0.0,1.0,1
2025-05-12,2025-05,{'F:BRN\\N25': [WindowsPath('C:/Users/taran/OneDrive/Desktop/Downloads/Backtesting data 2025/May - July contract (F_BRN_N25)/2025-05-12_F_BRN_N25_1s.csv')]},F:BRN\N25,2025-05-30,14,154517.4,F:BRN\Q25,0.0,default_most_prompt,250340.0,1.0,1
2025-05-13,2025-05,{'F:BRN\\N25': [WindowsPath('C:/Users/taran/OneDrive/Desktop/Downloads/Backtesting data 2025/May - July contract (F_BRN_N25)/2025-05-13_F_BRN_N25_1s.csv')]},F:BRN\N25,2025-05-30,13,160888.4,F:BRN\Q25,0.0,default_most_prompt,179217.0,1.0,1
2025-05-14,2025-05,{'F:BRN\\N25': [WindowsPath('C:/Users/taran/OneDrive/Desktop/Downloads/Backtesting data 2025/May - July contract (F_BRN_N25)/2025-05-14_F_BRN_N25_1s.csv')]},F:BRN\N25,2025-05-30,12,158675.0,F:BRN\Q25,0.0,default_most_prompt,156773.0,1.0,1
2025-05-15,2025-05,{'F:BRN\\N25': [WindowsPath('C:/Users/taran/OneDrive/Desktop/Downloads/Backtesting data 2025/May - July contract (F_BRN_N25)/2025-05-15_F_BRN_N25_1s.csv')]},F:BRN\N25,2025-05-30,11,151281.4,F:BRN\Q25,0.0,default_most_prompt,238809.0,1.0,1
2025-05-16,2025-05,{'F:BRN\\N25': [WindowsPath('C:/Users/taran/OneDrive/Desktop/Downloads/Backtesting data 2025/May - July contract (F_BRN_N25)/2025-05-16_F_BRN_N25_1s.csv')]},F:BRN\N25,2025-05-30,10,165027.8,F:BRN\Q25,0.0,default_most_prompt,135614.0,1.0,1
2025-05-17,2025-05,{'F:BRN\\N25': [WindowsPath('C:/Users/taran/OneDrive/Desktop/Downloads/Backtesting data 2025/May - July contract (F_BRN_N25)/2025-05-17_F_BRN_N25_1s.csv')]},F:BRN\N25,2025-05-30,9,192150.6,F:BRN\Q25,0.0,default_most_prompt,0.0,1.0,1
2025-05-19,2025-05,{'F:BRN\\N25': [WindowsPath('C:/Users/taran/OneDrive/Desktop/Downloads/Backtesting data 2025/May - July contract (F_BRN_N25)/2025-05-19_F_BRN_N25_1s.csv')]},F:BRN\N25,2025-05-30,9,142082.6,F:BRN\Q25,0.0,default_most_prompt,167200.0,1.0,1
2025-05-20,2025-05,{'F:BRN\\N25': [WindowsPath('C:/Users/taran/OneDrive/Desktop/Downloads/Backtesting data 2025/May - July contract (F_BRN_N25)/2025-05-20_F_BRN_N25_1s.csv')]},F:BRN\N25,2025-05-30,8,139679.2,F:BRN\Q25,0.0,default_most_prompt,139127.0,1.0,1
2025-05-21,2025-05,{'F:BRN\\N25': [WindowsPath('C:/Users/taran/OneDrive/Desktop/Downloads/Backtesting data 2025/May - July contract (F_BRN_N25)/2025-05-21_F_BRN_N25_1s.csv')]},F:BRN\N25,2025-05-30,7,136150.0,F:BRN\Q25,0.0,default_most_prompt,174841.0,1.0,1
2025-05-22,2025-05,{'F:BRN\\N25': [WindowsPath('C:/Users/taran/OneDrive/Desktop/Downloads/Backtesting data 2025/May - July contract (F_BRN_N25)/2025-05-22_F_BRN_N25_1s.csv')]},F:BRN\N25,2025-05-30,6,123356.4,F:BRN\Q25,0.0,default_most_prompt,156907.0,1.0,1
2025-05-23,2025-05,{'F:BRN\\N25': [WindowsPath('C:/Users/taran/OneDrive/Desktop/Downloads/Backtesting data 2025/May - July contract (F_BRN_N25)/2025-05-23_F_BRN_N25_1s.csv')]},F:BRN\N25,2025-05-30,5,127615.0,F:BRN\Q25,0.0,default_most_prompt,117783.0,1.0,1
2025-05-24,2025-05,{'F:BRN\\N25': [WindowsPath('C:/Users/taran/OneDrive/Desktop/Downloads/Backtesting data 2025/May - July contract (F_BRN_N25)/2025-05-24_F_BRN_N25_1s.csv')]},F:BRN\Q25,2025-06-30,25,0.0,F:BRN\Q25,0.0,pre_expiry_buffer,0.0,,1
2025-05-26,2025-05,{'F:BRN\\N25': [WindowsPath('C:/Users/taran/OneDrive/Desktop/Downloads/Backtesting data 2025/May - July contract (F_BRN_N25)/2025-05-26_F_BRN_N25_1s.csv')]},F:BRN\Q25,2025-06-30,25,0.0,F:BRN\Q25,0.0,pre_expiry_buffer,0.0,,1
2025-05-27,2025-05,{'F:BRN\\N25': [WindowsPath('C:/Users/taran/OneDrive/Desktop/Downloads/Backtesting data 2025/May - July contract (F_BRN_N25)/2025-05-27_F_BRN_N25_1s.csv')]},F:BRN\Q25,2025-06-30,24,0.0,F:BRN\Q25,0.0,pre_expiry_buffer,0.0,,1
2025-05-28,2025-05,{'F:BRN\\N25': [WindowsPath('C:/Users/taran/OneDrive/Desktop/Downloads/Backtesting data 2025/May - July contract (F_BRN_N25)/2025-05-28_F_BRN_N25_1s.csv')]},F:BRN\Q25,2025-06-30,23,0.0,F:BRN\Q25,0.0,pre_expiry_buffer,0.0,,1
2025-05-30,2025-05,{'F:BRN\\N25': [WindowsPath('C:/Users/taran/OneDrive/Desktop/Downloads/Backtesting data 2025/May - July contract (F_BRN_N25)/2025-05-30_F_BRN_N25_1s.csv')]},F:BRN\Q25,2025-06-30,21,0.0,F:BRN\Q25,0.0,pre_expiry_buffer,0.0,,1
2025-05-31,2025-05,{'F:BRN\\N25': [WindowsPath('C:/Users/taran/OneDrive/Desktop/Downloads/Backtesting data 2025/May - July contract (F_BRN_N25)/2025-05-31_F_BRN_N25_1s.csv')]},F:BRN\Q25,2025-06-30,20,0.0,F:BRN\U25,0.0,default_most_prompt,0.0,,1
2025-06-02,2025-06,{'F:BRN\\Q25': [WindowsPath('C:/Users/taran/OneDrive/Desktop/Downloads/Backtesting data 2025/June - August contract (F_BRN_Q25)/2025-06-02_F_BRN_Q25_1s.csv')]},F:BRN\Q25,2025-06-30,20,0.0,F:BRN\U25,0.0,default_most_prompt,261689.0,1.0,1
2025-06-03,2025-06,{'F:BRN\\Q25': [WindowsPath('C:/Users/taran/OneDrive/Desktop/Downloads/Backtesting data 2025/June - August contract (F_BRN_Q25)/2025-06-03_F_BRN_Q25_1s.csv')]},F:BRN\Q25,2025-06-30,19,52337.8,F:BRN\U25,0.0,default_most_prompt,176377.0,1.0,1
2025-06-04,2025-06,{'F:BRN\\Q25': [WindowsPath('C:/Users/taran/OneDrive/Desktop/Downloads/Backtesting data 2025/June - August contract (F_BRN_Q25)/2025-06-04_F_BRN_Q25_1s.csv')]},F:BRN\Q25,2025-06-30,18,87613.2,F:BRN\U25,0.0,default_most_prompt,210617.0,1.0,1
2025-06-05,2025-06,{'F:BRN\\Q25': [WindowsPath('C:/Users/taran/OneDrive/Desktop/Downloads/Backtesting data 2025/June - August contract (F_BRN_Q25)/2025-06-05_F_BRN_Q25_1s.csv')]},F:BRN\Q25,2025-06-30,17,129736.6,F:BRN\U25,0.0,default_most_prompt,144901.0,1.0,1
2025-06-06,2025-06,{'F:BRN\\Q25': [WindowsPath('C:/Users/taran/OneDrive/Desktop/Downloads/Backtesting data 2025/June - August contract (F_BRN_Q25)/2025-06-06_F_BRN_Q25_1s.csv')]},F:BRN\Q25,2025-06-30,16,158716.8,F:BRN\U25,0.0,default_most_prompt,178945.0,1.0,1
2025-06-07,2025-06,{'F:BRN\\Q25': [WindowsPath('C:/Users/taran/OneDrive/Desktop/Downloads/Backtesting data 2025/June - August contract (F_BRN_Q25)/2025-06-07_F_BRN_Q25_1s.csv')]},F:BRN\Q25,2025-06-30,15,194505.8,F:BRN\U25,0.0,default_most_prompt,0.0,1.0,1
2025-06-09,2025-06,{'F:BRN\\Q25': [WindowsPath('C:/Users/taran/OneDrive/Desktop/Downloads/Backtesting data 2025/June - August contract (F_BRN_Q25)/2025-06-09_F_BRN_Q25_1s.csv')]},F:BRN\Q25,2025-06-30,15,142168.0,F:BRN\U25,0.0,default_most_prompt,151567.0,1.0,1
2025-06-10,2025-06,{'F:BRN\\Q25': [WindowsPath('C:/Users/taran/OneDrive/Desktop/Downloads/Backtesting data 2025/June - August contract (F_BRN_Q25)/2025-06-10_F_BRN_Q25_1s.csv')]},F:BRN\Q25,2025-06-30,14,137206.0,F:BRN\U25,0.0,default_most_prompt,187112.0,1.0,1
2025-06-11,2025-06,{'F:BRN\\Q25': [WindowsPath('C:/Users/taran/OneDrive/Desktop/Downloads/Backtesting data 2025/June - August contract (F_BRN_Q25)/2025-06-11_F_BRN_Q25_1s.csv')]},F:BRN\Q25,2025-06-30,13,132505.0,F:BRN\U25,0.0,default_most_prompt,287988.0,1.0,1
2025-06-12,2025-06,{'F:BRN\\Q25': [WindowsPath('C:/Users/taran/OneDrive/Desktop/Downloads/Backtesting data 2025/June - August contract (F_BRN_Q25)/2025-06-12_F_BRN_Q25_1s.csv')]},F:BRN\Q25,2025-06-30,12,161122.4,F:BRN\U25,0.0,default_most_prompt,270295.0,1.0,1
2025-06-13,2025-06,{'F:BRN\\Q25': [WindowsPath('C:/Users/taran/OneDrive/Desktop/Downloads/Backtesting data 2025/June - August contract (F_BRN_Q25)/2025-06-13_F_BRN_Q25_1s.csv')]},F:BRN\Q25,2025-06-30,11,179392.4,F:BRN\U25,0.0,default_most_prompt,700899.0,1.0,1
2025-06-14,2025-06,{'F:BRN\\Q25': [WindowsPath('C:/Users/taran/OneDrive/Desktop/Downloads/Backtesting data 2025/June - August contract (F_BRN_Q25)/2025-06-14_F_BRN_Q25_1s.csv')]},F:BRN\Q25,2025-06-30,10,319572.2,F:BRN\U25,0.0,default_most_prompt,0.0,1.0,1
2025-06-16,2025-06,{'F:BRN\\Q25': [WindowsPath('C:/Users/taran/OneDrive/Desktop/Downloads/Backtesting data 2025/June - August contract (F_BRN_Q25)/2025-06-16_F_BRN_Q25_1s.csv')]},F:BRN\Q25,2025-06-30,10,289258.8,F:BRN\U25,0.0,default_most_prompt,418451.0,1.0,1
2025-06-17,2025-06,{'F:BRN\\Q25': [WindowsPath('C:/Users/taran/OneDrive/Desktop/Downloads/Backtesting data 2025/June - August contract (F_BRN_Q25)/2025-06-17_F_BRN_Q25_1s.csv')]},F:BRN\Q25,2025-06-30,9,335526.6,F:BRN\U25,0.0,default_most_prompt,371346.0,1.0,1
2025-06-18,2025-06,{'F:BRN\\Q25': [WindowsPath('C:/Users/taran/OneDrive/Desktop/Downloads/Backtesting data 2025/June - August contract (F_BRN_Q25)/2025-06-18_F_BRN_Q25_1s.csv')]},F:BRN\Q25,2025-06-30,8,352198.2,F:BRN\U25,0.0,default_most_prompt,369027.0,1.0,1
2025-06-19,2025-06,{'F:BRN\\Q25': [WindowsPath('C:/Users/taran/OneDrive/Desktop/Downloads/Backtesting data 2025/June - August contract (F_BRN_Q25)/2025-06-19_F_BRN_Q25_1s.csv')]},F:BRN\Q25,2025-06-30,7,371944.6,F:BRN\U25,0.0,default_most_prompt,198487.0,1.0,1
2025-06-20,2025-06,{'F:BRN\\Q25': [WindowsPath('C:/Users/taran/OneDrive/Desktop/Downloads/Backtesting data 2025/June - August contract (F_BRN_Q25)/2025-06-20_F_BRN_Q25_1s.csv')]},F:BRN\Q25,2025-06-30,6,271462.2,F:BRN\U25,0.0,default_most_prompt,229681.0,1.0,1
2025-06-21,2025-06,{'F:BRN\\Q25': [WindowsPath('C:/Users/taran/OneDrive/Desktop/Downloads/Backtesting data 2025/June - August contract (F_BRN_Q25)/2025-06-21_F_BRN_Q25_1s.csv')]},F:BRN\Q25,2025-06-30,5,317398.4,F:BRN\U25,0.0,default_most_prompt,0.0,1.0,1
2025-06-23,2025-06,{'F:BRN\\Q25': [WindowsPath('C:/Users/taran/OneDrive/Desktop/Downloads/Backtesting data 2025/June - August contract (F_BRN_Q25)/2025-06-23_F_BRN_Q25_1s.csv')]},F:BRN\Q25,2025-06-30,5,233708.2,F:BRN\U25,0.0,default_most_prompt,376173.0,1.0,1
2025-06-24,2025-06,{'F:BRN\\Q25': [WindowsPath('C:/Users/taran/OneDrive/Desktop/Downloads/Backtesting data 2025/June - August contract (F_BRN_Q25)/2025-06-24_F_BRN_Q25_1s.csv')]},F:BRN\U25,2025-07-31,27,0.0,F:BRN\U25,0.0,pre_expiry_buffer,0.0,,1
2025-06-25,2025-06,{'F:BRN\\Q25': [WindowsPath('C:/Users/taran/OneDrive/Desktop/Downloads/Backtesting data 2025/June - August contract (F_BRN_Q25)/2025-06-25_F_BRN_Q25_1s.csv')]},F:BRN\U25,2025-07-31,26,0.0,F:BRN\U25,0.0,pre_expiry_buffer,0.0,,1
2025-06-27,2025-06,{'F:BRN\\Q25': [WindowsPath('C:/Users/taran/OneDrive/Desktop/Downloads/Backtesting data 2025/June - August contract (F_BRN_Q25)/2025-06-27_F_BRN_Q25_1s.csv')]},F:BRN\U25,2025-07-31,24,0.0,F:BRN\U25,0.0,pre_expiry_buffer,0.0,,1
2025-06-28,2025-06,{'F:BRN\\Q25': [WindowsPath('C:/Users/taran/OneDrive/Desktop/Downloads/Backtesting data 2025/June - August contract (F_BRN_Q25)/2025-06-28_F_BRN_Q25_1s.csv')]},F:BRN\U25,2025-07-31,23,0.0,F:BRN\U25,0.0,pre_expiry_buffer,0.0,,1
2025-06-30,2025-06,{'F:BRN\\Q25': [WindowsPath('C:/Users/taran/OneDrive/Desktop/Downloads/Backtesting data 2025/June - August contract (F_BRN_Q25)/2025-06-30_F_BRN_Q25_1s.csv')]},F:BRN\U25,2025-07-31,23,0.0,F:BRN\U25,0.0,pre_expiry_buffer,0.0,,1
2025-07-01,2025-07,{'F:BRN\\U25': [WindowsPath('C:/Users/taran/OneDrive/Desktop/Downloads/Backtesting data 2025/July - September contract (F_BRN_U25)/2025-07-01_F_BRN_U25_1s.csv')]},F:BRN\U25,2025-07-31,22,0.0,F:BRN\V25,0.0,default_most_prompt,123355.0,1.0,1
2025-07-02,2025-07,{'F:BRN\\U25': [WindowsPath('C:/Users/taran/OneDrive/Desktop/Downloads/Backtesting data 2025/July - September contract (F_BRN_U25)/2025-07-02_F_BRN_U25_1s.csv')]},F:BRN\U25,2025-07-31,21,24671.0,F:BRN\V25,0.0,default_most_prompt,174365.0,1.0,1
2025-07-03,2025-07,{'F:BRN\\U25': [WindowsPath('C:/Users/taran/OneDrive/Desktop/Downloads/Backtesting data 2025/July - September contract (F_BRN_U25)/2025-07-03_F_BRN_U25_1s.csv')]},F:BRN\U25,2025-07-31,20,59544.0,F:BRN\V25,0.0,default_most_prompt,132135.0,1.0,1
2025-07-04,2025-07,{'F:BRN\\U25': [WindowsPath('C:/Users/taran/OneDrive/Desktop/Downloads/Backtesting data 2025/July - September contract (F_BRN_U25)/2025-07-04_F_BRN_U25_1s.csv')]},F:BRN\U25,2025-07-31,19,85971.0,F:BRN\V25,0.0,default_most_prompt,78873.0,1.0,1
2025-07-05,2025-07,{'F:BRN\\U25': [WindowsPath('C:/Users/taran/OneDrive/Desktop/Downloads/Backtesting data 2025/July - September contract (F_BRN_U25)/2025-07-05_F_BRN_U25_1s.csv')]},F:BRN\U25,2025-07-31,18,101745.6,F:BRN\V25,0.0,default_most_prompt,0.0,1.0,1
2025-07-07,2025-07,{'F:BRN\\U25': [WindowsPath('C:/Users/taran/OneDrive/Desktop/Downloads/Backtesting data 2025/July - September contract (F_BRN_U25)/2025-07-07_F_BRN_U25_1s.csv')]},F:BRN\U25,2025-07-31,18,101745.6,F:BRN\V25,0.0,default_most_prompt,158983.0,1.0,1
2025-07-08,2025-07,{'F:BRN\\U25': [WindowsPath('C:/Users/taran/OneDrive/Desktop/Downloads/Backtesting data 2025/July - September contract (F_BRN_U25)/2025-07-08_F_BRN_U25_1s.csv')]},F:BRN\U25,2025-07-31,17,108871.2,F:BRN\V25,0.0,default_most_prompt,136371.0,1.0,1
2025-07-09,2025-07,{'F:BRN\\U25': [WindowsPath('C:/Users/taran/OneDrive/Desktop/Downloads/Backtesting data 2025/July - September contract (F_BRN_U25)/2025-07-09_F_BRN_U25_1s.csv')]},F:BRN\U25,2025-07-31,16,101272.4,F:BRN\V25,0.0,default_most_prompt,126405.0,1.0,1
2025-07-10,2025-07,{'F:BRN\\U25': [WindowsPath('C:/Users/taran/OneDrive/Desktop/Downloads/Backtesting data 2025/July - September contract (F_BRN_U25)/2025-07-10_F_BRN_U25_1s.csv')]},F:BRN\U25,2025-07-31,15,100126.4,F:BRN\V25,0.0,default_most_prompt,150100.0,1.0,1
2025-07-11,2025-07,{'F:BRN\\U25': [WindowsPath('C:/Users/taran/OneDrive/Desktop/Downloads/Backtesting data 2025/July - September contract (F_BRN_U25)/2025-07-11_F_BRN_U25_1s.csv')]},F:BRN\U25,2025-07-31,14,114371.8,F:BRN\V25,0.0,default_most_prompt,145640.0,1.0,1
2025-07-12,2025-07,{'F:BRN\\U25': [WindowsPath('C:/Users/taran/OneDrive/Desktop/Downloads/Backtesting data 2025/July - September contract (F_BRN_U25)/2025-07-12_F_BRN_U25_1s.csv')]},F:BRN\U25,2025-07-31,13,143499.8,F:BRN\V25,0.0,default_most_prompt,0.0,1.0,1
2025-07-14,2025-07,{'F:BRN\\U25': [WindowsPath('C:/Users/taran/OneDrive/Desktop/Downloads/Backtesting data 2025/July - September contract (F_BRN_U25)/2025-07-14_F_BRN_U25_1s.csv')]},F:BRN\U25,2025-07-31,13,111703.2,F:BRN\V25,0.0,default_most_prompt,166885.0,1.0,1
2025-07-15,2025-07,{'F:BRN\\U25': [WindowsPath('C:/Users/taran/OneDrive/Desktop/Downloads/Backtesting data 2025/July - September contract (F_BRN_U25)/2025-07-15_F_BRN_U25_1s.csv')]},F:BRN\U25,2025-07-31,12,117806.0,F:BRN\V25,0.0,default_most_prompt,130078.0,1.0,1
2025-07-16,2025-07,{'F:BRN\\U25': [WindowsPath('C:/Users/taran/OneDrive/Desktop/Downloads/Backtesting data 2025/July - September contract (F_BRN_U25)/2025-07-16_F_BRN_U25_1s.csv')]},F:BRN\U25,2025-07-31,11,118540.6,F:BRN\V25,0.0,default_most_prompt,149440.0,1.0,1
2025-07-17,2025-07,{'F:BRN\\U25': [WindowsPath('C:/Users/taran/OneDrive/Desktop/Downloads/Backtesting data 2025/July - September contract (F_BRN_U25)/2025-07-17_F_BRN_U25_1s.csv')]},F:BRN\U25,2025-07-31,10,118408.6,F:BRN\V25,0.0,default_most_prompt,125384.0,1.0,1
2025-07-18,2025-07,{'F:BRN\\U25': [WindowsPath('C:/Users/taran/OneDrive/Desktop/Downloads/Backtesting data 2025/July - September contract (F_BRN_U25)/2025-07-18_F_BRN_U25_1s.csv')]},F:BRN\U25,2025-07-31,9,114357.4,F:BRN\V25,0.0,default_most_prompt,172713.0,1.0,1
2025-07-19,2025-07,{'F:BRN\\U25': [WindowsPath('C:/Users/taran/OneDrive/Desktop/Downloads/Backtesting data 2025/July - September contract (F_BRN_U25)/2025-07-19_F_BRN_U25_1s.csv')]},F:BRN\U25,2025-07-31,8,148900.0,F:BRN\V25,0.0,default_most_prompt,0.0,1.0,1
2025-07-21,2025-07,{'F:BRN\\U25': [WindowsPath('C:/Users/taran/OneDrive/Desktop/Downloads/Backtesting data 2025/July - September contract (F_BRN_U25)/2025-07-21_F_BRN_U25_1s.csv')]},F:BRN\U25,2025-07-31,8,115523.0,F:BRN\V25,0.0,default_most_prompt,111085.0,1.0,1
2025-07-22,2025-07,{'F:BRN\\U25': [WindowsPath('C:/Users/taran/OneDrive/Desktop/Downloads/Backtesting data 2025/July - September contract (F_BRN_U25)/2025-07-22_F_BRN_U25_1s.csv')]},F:BRN\U25,2025-07-31,7,111724.4,F:BRN\V25,0.0,default_most_prompt,116000.0,1.0,1
2025-07-23,2025-07,{'F:BRN\\U25': [WindowsPath('C:/Users/taran/OneDrive/Desktop/Downloads/Backtesting data 2025/July - September contract (F_BRN_U25)/2025-07-23_F_BRN_U25_1s.csv')]},F:BRN\U25,2025-07-31,6,105036.4,F:BRN\V25,0.0,default_most_prompt,99341.0,1.0,1
2025-07-24,2025-07,{'F:BRN\\U25': [WindowsPath('C:/Users/taran/OneDrive/Desktop/Downloads/Backtesting data 2025/July - September contract (F_BRN_U25)/2025-07-24_F_BRN_U25_1s.csv')]},F:BRN\U25,2025-07-31,5,99827.8,F:BRN\V25,0.0,default_most_prompt,123411.0,1.0,1
2025-07-25,2025-07,{'F:BRN\\U25': [WindowsPath('C:/Users/taran/OneDrive/Desktop/Downloads/Backtesting data 2025/July - September contract (F_BRN_U25)/2025-07-25_F_BRN_U25_1s.csv')]},F:BRN\V25,2025-08-29,25,0.0,F:BRN\V25,0.0,pre_expiry_buffer,0.0,,1
2025-07-26,2025-07,{'F:BRN\\U25': [WindowsPath('C:/Users/taran/OneDrive/Desktop/Downloads/Backtesting data 2025/July - September contract (F_BRN_U25)/2025-07-26_F_BRN_U25_1s.csv')]},F:BRN\V25,2025-08-29,24,0.0,F:BRN\V25,0.0,pre_expiry_buffer,0.0,,1
2025-07-28,2025-07,{'F:BRN\\U25': [WindowsPath('C:/Users/taran/OneDrive/Desktop/Downloads/Backtesting data 2025/July - September contract (F_BRN_U25)/2025-07-28_F_BRN_U25_1s.csv')]},F:BRN\V25,2025-08-29,24,0.0,F:BRN\V25,0.0,pre_expiry_buffer,0.0,,1
2025-07-29,2025-07,{'F:BRN\\U25': [WindowsPath('C:/Users/taran/OneDrive/Desktop/Downloads/Backtesting data 2025/July - September contract (F_BRN_U25)/2025-07-29_F_BRN_U25_1s.csv')]},F:BRN\V25,2025-08-29,23,0.0,F:BRN\V25,0.0,pre_expiry_buffer,0.0,,1
2025-07-30,2025-07,{'F:BRN\\U25': [WindowsPath('C:/Users/taran/OneDrive/Desktop/Downloads/Backtesting data 2025/July - September contract (F_BRN_U25)/2025-07-30_F_BRN_U25_1s.csv')]},F:BRN\V25,2025-08-29,22,0.0,F:BRN\V25,0.0,pre_expiry_buffer,0.0,,1
2025-07-31,2025-07,{'F:BRN\\U25': [WindowsPath('C:/Users/taran/OneDrive/Desktop/Downloads/Backtesting data 2025/July - September contract (F_BRN_U25)/2025-07-31_F_BRN_U25_1s.csv')]},F:BRN\V25,2025-08-29,21,0.0,F:BRN\V25,0.0,pre_expiry_buffer,0.0,,1
2025-08-01,2025-08,{'F:BRN\\V25': [WindowsPath('C:/Users/taran/OneDrive/Desktop/Downloads/Backtesting data 2025/August - October contract (F_BRN_V25)/2025-08-01_F_BRN_V25_1s.csv')]},F:BRN\V25,2025-08-29,20,0.0,F:BRN\X25,0.0,default_most_prompt,201931.0,1.0,1
2025-08-02,2025-08,{'F:BRN\\V25': [WindowsPath('C:/Users/taran/OneDrive/Desktop/Downloads/Backtesting data 2025/August - October contract (F_BRN_V25)/2025-08-02_F_BRN_V25_1s.csv')]},F:BRN\V25,2025-08-29,19,40386.2,F:BRN\X25,0.0,default_most_prompt,0.0,1.0,1
2025-08-04,2025-08,{'F:BRN\\V25': [WindowsPath('C:/Users/taran/OneDrive/Desktop/Downloads/Backtesting data 2025/August - October contract (F_BRN_V25)/2025-08-04_F_BRN_V25_1s.csv')]},F:BRN\V25,2025-08-29,19,40386.2,F:BRN\X25,0.0,default_most_prompt,182620.0,1.0,1
2025-08-05,2025-08,{'F:BRN\\V25': [WindowsPath('C:/Users/taran/OneDrive/Desktop/Downloads/Backtesting data 2025/August - October contract (F_BRN_V25)/2025-08-05_F_BRN_V25_1s.csv')]},F:BRN\V25,2025-08-29,18,76910.2,F:BRN\X25,0.0,default_most_prompt,176729.0,1.0,1
2025-08-06,2025-08,{'F:BRN\\V25': [WindowsPath('C:/Users/taran/OneDrive/Desktop/Downloads/Backtesting data 2025/August - October contract (F_BRN_V25)/2025-08-06_F_BRN_V25_1s.csv')]},F:BRN\V25,2025-08-29,17,112256.0,F:BRN\X25,0.0,default_most_prompt,254201.0,1.0,1
2025-08-07,2025-08,{'F:BRN\\V25': [WindowsPath('C:/Users/taran/OneDrive/Desktop/Downloads/Backtesting data 2025/August - October contract (F_BRN_V25)/2025-08-07_F_BRN_V25_1s.csv')]},F:BRN\V25,2025-08-29,16,163096.2,F:BRN\X25,0.0,default_most_prompt,176955.0,1.0,1
2025-08-08,2025-08,{'F:BRN\\V25': [WindowsPath('C:/Users/taran/OneDrive/Desktop/Downloads/Backtesting data 2025/August - October contract (F_BRN_V25)/2025-08-08_F_BRN_V25_1s.csv')]},F:BRN\V25,2025-08-29,15,158101.0,F:BRN\X25,0.0,default_most_prompt,205224.0,1.0,1
2025-08-09,2025-08,{'F:BRN\\V25': [WindowsPath('C:/Users/taran/OneDrive/Desktop/Downloads/Backtesting data 2025/August - October contract (F_BRN_V25)/2025-08-09_F_BRN_V25_1s.csv')]},F:BRN\V25,2025-08-29,14,199145.8,F:BRN\X25,0.0,default_most_prompt,0.0,1.0,1
2025-08-11,2025-08,{'F:BRN\\V25': [WindowsPath('C:/Users/taran/OneDrive/Desktop/Downloads/Backtesting data 2025/August - October contract (F_BRN_V25)/2025-08-11_F_BRN_V25_1s.csv')]},F:BRN\V25,2025-08-29,14,162621.8,F:BRN\X25,0.0,default_most_prompt,117967.0,1.0,1
2025-08-12,2025-08,{'F:BRN\\V25': [WindowsPath('C:/Users/taran/OneDrive/Desktop/Downloads/Backtesting data 2025/August - October contract (F_BRN_V25)/2025-08-12_F_BRN_V25_1s.csv')]},F:BRN\V25,2025-08-29,13,150869.4,F:BRN\X25,0.0,default_most_prompt,114540.0,1.0,1
2025-08-13,2025-08,{'F:BRN\\V25': [WindowsPath('C:/Users/taran/OneDrive/Desktop/Downloads/Backtesting data 2025/August - October contract (F_BRN_V25)/2025-08-13_F_BRN_V25_1s.csv')]},F:BRN\V25,2025-08-29,12,122937.2,F:BRN\X25,0.0,default_most_prompt,162411.0,1.0,1
2025-08-14,2025-08,{'F:BRN\\V25': [WindowsPath('C:/Users/taran/OneDrive/Desktop/Downloads/Backtesting data 2025/August - October contract (F_BRN_V25)/2025-08-14_F_BRN_V25_1s.csv')]},F:BRN\V25,2025-08-29,11,120028.4,F:BRN\X25,0.0,default_most_prompt,135238.0,1.0,1
2025-08-15,2025-08,{'F:BRN\\V25': [WindowsPath('C:/Users/taran/OneDrive/Desktop/Downloads/Backtesting data 2025/August - October contract (F_BRN_V25)/2025-08-15_F_BRN_V25_1s.csv')]},F:BRN\V25,2025-08-29,10,106031.2,F:BRN\X25,0.0,default_most_prompt,120070.0,1.0,1
2025-08-16,2025-08,{'F:BRN\\V25': [WindowsPath('C:/Users/taran/OneDrive/Desktop/Downloads/Backtesting data 2025/August - October contract (F_BRN_V25)/2025-08-16_F_BRN_V25_1s.csv')]},F:BRN\V25,2025-08-29,9,130045.2,F:BRN\X25,0.0,default_most_prompt,0.0,1.0,1
2025-08-18,2025-08,{'F:BRN\\V25': [WindowsPath('C:/Users/taran/OneDrive/Desktop/Downloads/Backtesting data 2025/August - October contract (F_BRN_V25)/2025-08-18_F_BRN_V25_1s.csv')]},F:BRN\V25,2025-08-29,9,106451.8,F:BRN\X25,0.0,default_most_prompt,144103.0,1.0,1
2025-08-19,2025-08,{'F:BRN\\V25': [WindowsPath('C:/Users/taran/OneDrive/Desktop/Downloads/Backtesting data 2025/August - October contract (F_BRN_V25)/2025-08-19_F_BRN_V25_1s.csv')]},F:BRN\V25,2025-08-29,8,112364.4,F:BRN\X25,0.0,default_most_prompt,124197.0,1.0,1
2025-08-20,2025-08,{'F:BRN\\V25': [WindowsPath('C:/Users/taran/OneDrive/Desktop/Downloads/Backtesting data 2025/August - October contract (F_BRN_V25)/2025-08-20_F_BRN_V25_1s.csv')]},F:BRN\V25,2025-08-29,7,104721.6,F:BRN\X25,0.0,default_most_prompt,141935.0,1.0,1
2025-08-21,2025-08,{'F:BRN\\V25': [WindowsPath('C:/Users/taran/OneDrive/Desktop/Downloads/Backtesting data 2025/August - October contract (F_BRN_V25)/2025-08-21_F_BRN_V25_1s.csv')]},F:BRN\V25,2025-08-29,6,106061.0,F:BRN\X25,0.0,default_most_prompt,118794.0,1.0,1
2025-08-22,2025-08,{'F:BRN\\V25': [WindowsPath('C:/Users/taran/OneDrive/Desktop/Downloads/Backtesting data 2025/August - October contract (F_BRN_V25)/2025-08-22_F_BRN_V25_1s.csv')]},F:BRN\V25,2025-08-29,5,105805.8,F:BRN\X25,0.0,default_most_prompt,81136.0,1.0,1
2025-08-23,2025-08,{'F:BRN\\V25': [WindowsPath('C:/Users/taran/OneDrive/Desktop/Downloads/Backtesting data 2025/August - October contract (F_BRN_V25)/2025-08-23_F_BRN_V25_1s.csv')]},F:BRN\X25,2025-09-30,26,0.0,F:BRN\X25,0.0,pre_expiry_buffer,0.0,,1
2025-08-25,2025-08,{'F:BRN\\V25': [WindowsPath('C:/Users/taran/OneDrive/Desktop/Downloads/Backtesting data 2025/August - October contract (F_BRN_V25)/2025-08-25_F_BRN_V25_1s.csv')]},F:BRN\X25,2025-09-30,26,0.0,F:BRN\X25,0.0,pre_expiry_buffer,0.0,,1
2025-08-26,2025-08,{'F:BRN\\V25': [WindowsPath('C:/Users/taran/OneDrive/Desktop/Downloads/Backtesting data 2025/August - October contract (F_BRN_V25)/2025-08-26_F_BRN_V25_1s.csv')]},F:BRN\X25,2025-09-30,25,0.0,F:BRN\X25,0.0,pre_expiry_buffer,0.0,,1
2025-08-27,2025-08,{'F:BRN\\V25': [WindowsPath('C:/Users/taran/OneDrive/Desktop/Downloads/Backtesting data 2025/August - October contract (F_BRN_V25)/2025-08-27_F_BRN_V25_1s.csv')]},F:BRN\X25,2025-09-30,24,0.0,F:BRN\X25,0.0,pre_expiry_buffer,0.0,,1
2025-08-28,2025-08,{'F:BRN\\V25': [WindowsPath('C:/Users/taran/OneDrive/Desktop/Downloads/Backtesting data 2025/August - October contract (F_BRN_V25)/2025-08-28_F_BRN_V25_1s.csv')]},F:BRN\X25,2025-09-30,23,0.0,F:BRN\X25,0.0,pre_expiry_buffer,0.0,,1
2025-08-29,2025-08,{'F:BRN\\V25': [WindowsPath('C:/Users/taran/OneDrive/Desktop/Downloads/Backtesting data 2025/August - October contract (F_BRN_V25)/2025-08-29_F_BRN_V25_1s.csv')]},F:BRN\X25,2025-09-30,22,0.0,F:BRN\X25,0.0,pre_expiry_buffer,0.0,,1
2025-08-30,2025-08,{'F:BRN\\V25': [WindowsPath('C:/Users/taran/OneDrive/Desktop/Downloads/Backtesting data 2025/August - October contract (F_BRN_V25)/2025-08-30_F_BRN_V25_1s.csv')]},F:BRN\X25,2025-09-30,21,0.0,F:BRN\Z25,0.0,default_most_prompt,0.0,,1
2025-09-01,2025-09,{'F:BRN\\X25': [WindowsPath('C:/Users/taran/OneDrive/Desktop/Downloads/Backtesting data 2025/September - November contract (F_BRN_X25)/2025-09-01_F_BRN_X25_1s.csv')]},F:BRN\X25,2025-09-30,21,0.0,F:BRN\Z25,0.0,default_most_prompt,88436.0,1.0,1
2025-09-02,2025-09,{'F:BRN\\X25': [WindowsPath('C:/Users/taran/OneDrive/Desktop/Downloads/Backtesting data 2025/September - November contract (F_BRN_X25)/2025-09-02_F_BRN_X25_1s.csv')]},F:BRN\X25,2025-09-30,20,17687.2,F:BRN\Z25,0.0,default_most_prompt,202233.0,1.0,1
2025-09-03,2025-09,{'F:BRN\\X25': [WindowsPath('C:/Users/taran/OneDrive/Desktop/Downloads/Backtesting data 2025/September - November contract (F_BRN_X25)/2025-09-03_F_BRN_X25_1s.csv')]},F:BRN\X25,2025-09-30,19,58133.8,F:BRN\Z25,0.0,default_most_prompt,218298.0,1.0,1
2025-09-04,2025-09,{'F:BRN\\X25': [WindowsPath('C:/Users/taran/OneDrive/Desktop/Downloads/Backtesting data 2025/September - November contract (F_BRN_X25)/2025-09-04_F_BRN_X25_1s.csv')]},F:BRN\X25,2025-09-30,18,101793.4,F:BRN\Z25,0.0,default_most_prompt,174801.0,1.0,1
2025-09-05,2025-09,{'F:BRN\\X25': [WindowsPath('C:/Users/taran/OneDrive/Desktop/Downloads/Backtesting data 2025/September - November contract (F_BRN_X25)/2025-09-05_F_BRN_X25_1s.csv')]},F:BRN\X25,2025-09-30,17,136753.6,F:BRN\Z25,0.0,default_most_prompt,206721.0,1.0,1
2025-09-06,2025-09,{'F:BRN\\X25': [WindowsPath('C:/Users/taran/OneDrive/Desktop/Downloads/Backtesting data 2025/September - November contract (F_BRN_X25)/2025-09-06_F_BRN_X25_1s.csv')]},F:BRN\X25,2025-09-30,16,178097.8,F:BRN\Z25,0.0,default_most_prompt,0.0,1.0,1
2025-09-08,2025-09,{'F:BRN\\X25': [WindowsPath('C:/Users/taran/OneDrive/Desktop/Downloads/Backtesting data 2025/September - November contract (F_BRN_X25)/2025-09-08_F_BRN_X25_1s.csv')]},F:BRN\X25,2025-09-30,16,160410.6,F:BRN\Z25,0.0,default_most_prompt,159013.0,1.0,1
2025-09-09,2025-09,{'F:BRN\\X25': [WindowsPath('C:/Users/taran/OneDrive/Desktop/Downloads/Backtesting data 2025/September - November contract (F_BRN_X25)/2025-09-09_F_BRN_X25_1s.csv')]},F:BRN\X25,2025-09-30,15,151766.6,F:BRN\Z25,0.0,default_most_prompt,167443.0,1.0,1
2025-09-10,2025-09,{'F:BRN\\X25': [WindowsPath('C:/Users/taran/OneDrive/Desktop/Downloads/Backtesting data 2025/September - November contract (F_BRN_X25)/2025-09-10_F_BRN_X25_1s.csv')]},F:BRN\X25,2025-09-30,14,141595.6,F:BRN\Z25,0.0,default_most_prompt,167947.0,1.0,1
2025-09-11,2025-09,{'F:BRN\\X25': [WindowsPath('C:/Users/taran/OneDrive/Desktop/Downloads/Backtesting data 2025/September - November contract (F_BRN_X25)/2025-09-11_F_BRN_X25_1s.csv')]},F:BRN\X25,2025-09-30,13,140224.8,F:BRN\Z25,0.0,default_most_prompt,138981.0,1.0,1
2025-09-12,2025-09,{'F:BRN\\X25': [WindowsPath('C:/Users/taran/OneDrive/Desktop/Downloads/Backtesting data 2025/September - November contract (F_BRN_X25)/2025-09-12_F_BRN_X25_1s.csv')]},F:BRN\X25,2025-09-30,12,126676.8,F:BRN\Z25,0.0,default_most_prompt,222582.0,1.0,1
2025-09-13,2025-09,{'F:BRN\\X25': [WindowsPath('C:/Users/taran/OneDrive/Desktop/Downloads/Backtesting data 2025/September - November contract (F_BRN_X25)/2025-09-13_F_BRN_X25_1s.csv')]},F:BRN\X25,2025-09-30,11,171193.2,F:BRN\Z25,0.0,default_most_prompt,0.0,1.0,1
2025-09-15,2025-09,{'F:BRN\\X25': [WindowsPath('C:/Users/taran/OneDrive/Desktop/Downloads/Backtesting data 2025/September - November contract (F_BRN_X25)/2025-09-15_F_BRN_X25_1s.csv')]},F:BRN\X25,2025-09-30,11,139390.6,F:BRN\Z25,0.0,default_most_prompt,111290.0,1.0,1
2025-09-16,2025-09,{'F:BRN\\X25': [WindowsPath('C:/Users/taran/OneDrive/Desktop/Downloads/Backtesting data 2025/September - November contract (F_BRN_X25)/2025-09-16_F_BRN_X25_1s.csv')]},F:BRN\X25,2025-09-30,10,128160.0,F:BRN\Z25,0.0,default_most_prompt,164925.0,1.0,1
2025-09-17,2025-09,{'F:BRN\\X25': [WindowsPath('C:/Users/taran/OneDrive/Desktop/Downloads/Backtesting data 2025/September - November contract (F_BRN_X25)/2025-09-17_F_BRN_X25_1s.csv')]},F:BRN\X25,2025-09-30,9,127555.6,F:BRN\Z25,0.0,default_most_prompt,121489.0,1.0,1
2025-09-18,2025-09,{'F:BRN\\X25': [WindowsPath('C:/Users/taran/OneDrive/Desktop/Downloads/Backtesting data 2025/September - November contract (F_BRN_X25)/2025-09-18_F_BRN_X25_1s.csv')]},F:BRN\X25,2025-09-30,8,124057.2,F:BRN\Z25,0.0,default_most_prompt,138363.0,1.0,1
2025-09-19,2025-09,{'F:BRN\\X25': [WindowsPath('C:/Users/taran/OneDrive/Desktop/Downloads/Backtesting data 2025/September - November contract (F_BRN_X25)/2025-09-19_F_BRN_X25_1s.csv')]},F:BRN\X25,2025-09-30,7,107213.4,F:BRN\Z25,0.0,default_most_prompt,121841.0,1.0,1
2025-09-20,2025-09,{'F:BRN\\X25': [WindowsPath('C:/Users/taran/OneDrive/Desktop/Downloads/Backtesting data 2025/September - November contract (F_BRN_X25)/2025-09-20_F_BRN_X25_1s.csv')]},F:BRN\X25,2025-09-30,6,131581.6,F:BRN\Z25,0.0,default_most_prompt,0.0,1.0,1
2025-09-22,2025-09,{'F:BRN\\X25': [WindowsPath('C:/Users/taran/OneDrive/Desktop/Downloads/Backtesting data 2025/September - November contract (F_BRN_X25)/2025-09-22_F_BRN_X25_1s.csv')]},F:BRN\X25,2025-09-30,6,109323.6,F:BRN\Z25,0.0,default_most_prompt,114934.0,1.0,1
2025-09-23,2025-09,{'F:BRN\\X25': [WindowsPath('C:/Users/taran/OneDrive/Desktop/Downloads/Backtesting data 2025/September - November contract (F_BRN_X25)/2025-09-23_F_BRN_X25_1s.csv')]},F:BRN\X25,2025-09-30,5,99325.4,F:BRN\Z25,0.0,default_most_prompt,128260.0,1.0,1
2025-09-24,2025-09,{'F:BRN\\X25': [WindowsPath('C:/Users/taran/OneDrive/Desktop/Downloads/Backtesting data 2025/September - November contract (F_BRN_X25)/2025-09-24_F_BRN_X25_1s.csv')]},F:BRN\Z25,2025-10-31,27,0.0,F:BRN\Z25,0.0,pre_expiry_buffer,0.0,,1
2025-09-25,2025-09,{'F:BRN\\X25': [WindowsPath('C:/Users/taran/OneDrive/Desktop/Downloads/Backtesting data 2025/September - November contract (F_BRN_X25)/2025-09-25_F_BRN_X25_1s.csv')]},F:BRN\Z25,2025-10-31,26,0.0,F:BRN\Z25,0.0,pre_expiry_buffer,0.0,,1
2025-09-26,2025-09,{'F:BRN\\X25': [WindowsPath('C:/Users/taran/OneDrive/Desktop/Downloads/Backtesting data 2025/September - November contract (F_BRN_X25)/2025-09-26_F_BRN_X25_1s.csv')]},F:BRN\Z25,2025-10-31,25,0.0,F:BRN\Z25,0.0,pre_expiry_buffer,0.0,,1
2025-09-27,2025-09,{'F:BRN\\X25': [WindowsPath('C:/Users/taran/OneDrive/Desktop/Downloads/Backtesting data 2025/September - November contract (F_BRN_X25)/2025-09-27_F_BRN_X25_1s.csv')]},F:BRN\Z25,2025-10-31,24,0.0,F:BRN\Z25,0.0,pre_expiry_buffer,0.0,,1
2025-09-29,2025-09,{'F:BRN\\X25': [WindowsPath('C:/Users/taran/OneDrive/Desktop/Downloads/Backtesting data 2025/September - November contract (F_BRN_X25)/2025-09-29_F_BRN_X25_1s.csv')]},F:BRN\Z25,2025-10-31,24,0.0,F:BRN\Z25,0.0,pre_expiry_buffer,0.0,,1
2025-09-30,2025-09,{'F:BRN\\X25': [WindowsPath('C:/Users/taran/OneDrive/Desktop/Downloads/Backtesting data 2025/September - November contract (F_BRN_X25)/2025-09-30_F_BRN_X25_1s.csv')]},F:BRN\Z25,2025-10-31,23,0.0,F:BRN\Z25,0.0,pre_expiry_buffer,0.0,,1
2025-10-01,2025-10,{'F:BRN\\Z25': [WindowsPath('C:/Users/taran/OneDrive/Desktop/Downloads/Backtesting data 2025/October - December contract (F_BRN_Z25)/2025-10-01_F_BRN_Z25_1s.csv')]},F:BRN\Z25,2025-10-31,22,0.0,F:BRN\F26,0.0,default_most_prompt,232659.0,1.0,1
2025-10-02,2025-10,{'F:BRN\\Z25': [WindowsPath('C:/Users/taran/OneDrive/Desktop/Downloads/Backtesting data 2025/October - December contract (F_BRN_Z25)/2025-10-02_F_BRN_Z25_1s.csv')]},F:BRN\Z25,2025-10-31,21,46531.8,F:BRN\F26,0.0,default_most_prompt,258278.0,1.0,1
2025-10-03,2025-10,{'F:BRN\\Z25': [WindowsPath('C:/Users/taran/OneDrive/Desktop/Downloads/Backtesting data 2025/October - December contract (F_BRN_Z25)/2025-10-03_F_BRN_Z25_1s.csv')]},F:BRN\Z25,2025-10-31,20,98187.4,F:BRN\F26,0.0,default_most_prompt,177250.0,1.0,1
2025-10-04,2025-10,{'F:BRN\\Z25': [WindowsPath('C:/Users/taran/OneDrive/Desktop/Downloads/Backtesting data 2025/October - December contract (F_BRN_Z25)/2025-10-04_F_BRN_Z25_1s.csv')]},F:BRN\Z25,2025-10-31,19,133637.4,F:BRN\F26,0.0,default_most_prompt,0.0,1.0,1
2025-10-06,2025-10,{'F:BRN\\Z25': [WindowsPath('C:/Users/taran/OneDrive/Desktop/Downloads/Backtesting data 2025/October - December contract (F_BRN_Z25)/2025-10-06_F_BRN_Z25_1s.csv')]},F:BRN\Z25,2025-10-31,19,133637.4,F:BRN\F26,0.0,default_most_prompt,165623.0,1.0,1
2025-10-07,2025-10,{'F:BRN\\Z25': [WindowsPath('C:/Users/taran/OneDrive/Desktop/Downloads/Backtesting data 2025/October - December contract (F_BRN_Z25)/2025-10-07_F_BRN_Z25_1s.csv')]},F:BRN\Z25,2025-10-31,18,166762.0,F:BRN\F26,0.0,default_most_prompt,159577.0,1.0,1
2025-10-08,2025-10,{'F:BRN\\Z25': [WindowsPath('C:/Users/taran/OneDrive/Desktop/Downloads/Backtesting data 2025/October - December contract (F_BRN_Z25)/2025-10-08_F_BRN_Z25_1s.csv')]},F:BRN\Z25,2025-10-31,17,152145.6,F:BRN\F26,0.0,default_most_prompt,161950.0,1.0,1
2025-10-09,2025-10,{'F:BRN\\Z25': [WindowsPath('C:/Users/taran/OneDrive/Desktop/Downloads/Backtesting data 2025/October - December contract (F_BRN_Z25)/2025-10-09_F_BRN_Z25_1s.csv')]},F:BRN\Z25,2025-10-31,16,132880.0,F:BRN\F26,0.0,default_most_prompt,180173.0,1.0,1
2025-10-10,2025-10,{'F:BRN\\Z25': [WindowsPath('C:/Users/taran/OneDrive/Desktop/Downloads/Backtesting data 2025/October - December contract (F_BRN_Z25)/2025-10-10_F_BRN_Z25_1s.csv')]},F:BRN\Z25,2025-10-31,15,133464.6,F:BRN\F26,0.0,default_most_prompt,312226.0,1.0,1
2025-10-11,2025-10,{'F:BRN\\Z25': [WindowsPath('C:/Users/taran/OneDrive/Desktop/Downloads/Backtesting data 2025/October - December contract (F_BRN_Z25)/2025-10-11_F_BRN_Z25_1s.csv')]},F:BRN\Z25,2025-10-31,14,195909.8,F:BRN\F26,0.0,default_most_prompt,0.0,1.0,1
2025-10-13,2025-10,{'F:BRN\\Z25': [WindowsPath('C:/Users/taran/OneDrive/Desktop/Downloads/Backtesting data 2025/October - December contract (F_BRN_Z25)/2025-10-13_F_BRN_Z25_1s.csv')]},F:BRN\Z25,2025-10-31,14,162785.2,F:BRN\F26,0.0,default_most_prompt,194671.0,1.0,1
2025-10-14,2025-10,{'F:BRN\\Z25': [WindowsPath('C:/Users/taran/OneDrive/Desktop/Downloads/Backtesting data 2025/October - December contract (F_BRN_Z25)/2025-10-14_F_BRN_Z25_1s.csv')]},F:BRN\Z25,2025-10-31,13,169804.0,F:BRN\F26,0.0,default_most_prompt,243588.0,1.0,1
2025-10-15,2025-10,{'F:BRN\\Z25': [WindowsPath('C:/Users/taran/OneDrive/Desktop/Downloads/Backtesting data 2025/October - December contract (F_BRN_Z25)/2025-10-15_F_BRN_Z25_1s.csv')]},F:BRN\Z25,2025-10-31,12,186131.6,F:BRN\F26,0.0,default_most_prompt,161656.0,1.0,1
2025-10-16,2025-10,{'F:BRN\\Z25': [WindowsPath('C:/Users/taran/OneDrive/Desktop/Downloads/Backtesting data 2025/October - December contract (F_BRN_Z25)/2025-10-16_F_BRN_Z25_1s.csv')]},F:BRN\Z25,2025-10-31,11,182428.2,F:BRN\F26,0.0,default_most_prompt,213004.0,1.0,1
2025-10-17,2025-10,{'F:BRN\\Z25': [WindowsPath('C:/Users/taran/OneDrive/Desktop/Downloads/Backtesting data 2025/October - December contract (F_BRN_Z25)/2025-10-17_F_BRN_Z25_1s.csv')]},F:BRN\Z25,2025-10-31,10,162583.8,F:BRN\F26,0.0,default_most_prompt,196436.0,1.0,1
2025-10-18,2025-10,{'F:BRN\\Z25': [WindowsPath('C:/Users/taran/OneDrive/Desktop/Downloads/Backtesting data 2025/October - December contract (F_BRN_Z25)/2025-10-18_F_BRN_Z25_1s.csv')]},F:BRN\Z25,2025-10-31,9,201871.0,F:BRN\F26,0.0,default_most_prompt,0.0,1.0,1
2025-10-20,2025-10,{'F:BRN\\Z25': [WindowsPath('C:/Users/taran/OneDrive/Desktop/Downloads/Backtesting data 2025/October - December contract (F_BRN_Z25)/2025-10-20_F_BRN_Z25_1s.csv')]},F:BRN\Z25,2025-10-31,9,162936.8,F:BRN\F26,0.0,default_most_prompt,130531.0,1.0,1
2025-10-21,2025-10,{'F:BRN\\Z25': [WindowsPath('C:/Users/taran/OneDrive/Desktop/Downloads/Backtesting data 2025/October - December contract (F_BRN_Z25)/2025-10-21_F_BRN_Z25_1s.csv')]},F:BRN\Z25,2025-10-31,8,140325.4,F:BRN\F26,0.0,default_most_prompt,189801.0,1.0,1
2025-10-22,2025-10,{'F:BRN\\Z25': [WindowsPath('C:/Users/taran/OneDrive/Desktop/Downloads/Backtesting data 2025/October - December contract (F_BRN_Z25)/2025-10-22_F_BRN_Z25_1s.csv')]},F:BRN\Z25,2025-10-31,7,145954.4,F:BRN\F26,0.0,default_most_prompt,230467.0,1.0,1
2025-10-23,2025-10,{'F:BRN\\Z25': [WindowsPath('C:/Users/taran/OneDrive/Desktop/Downloads/Backtesting data 2025/October - December contract (F_BRN_Z25)/2025-10-23_F_BRN_Z25_1s.csv')]},F:BRN\Z25,2025-10-31,6,149447.0,F:BRN\F26,0.0,default_most_prompt,363413.0,1.0,1
2025-10-24,2025-10,{'F:BRN\\Z25': [WindowsPath('C:/Users/taran/OneDrive/Desktop/Downloads/Backtesting data 2025/October - December contract (F_BRN_Z25)/2025-10-24_F_BRN_Z25_1s.csv')]},F:BRN\Z25,2025-10-31,5,182842.4,F:BRN\F26,0.0,default_most_prompt,137656.0,1.0,1
2025-10-25,2025-10,{'F:BRN\\Z25': [WindowsPath('C:/Users/taran/OneDrive/Desktop/Downloads/Backtesting data 2025/October - December contract (F_BRN_Z25)/2025-10-25_F_BRN_Z25_1s.csv')]},F:BRN\F26,2025-11-28,24,0.0,F:BRN\F26,0.0,pre_expiry_buffer,0.0,,1
2025-10-27,2025-10,{'F:BRN\\Z25': [WindowsPath('C:/Users/taran/OneDrive/Desktop/Downloads/Backtesting data 2025/October - December contract (F_BRN_Z25)/2025-10-27_F_BRN_Z25_1s.csv')]},F:BRN\F26,2025-11-28,24,0.0,F:BRN\F26,0.0,pre_expiry_buffer,0.0,,1
2025-10-28,2025-10,{'F:BRN\\Z25': [WindowsPath('C:/Users/taran/OneDrive/Desktop/Downloads/Backtesting data 2025/October - December contract (F_BRN_Z25)/2025-10-28_F_BRN_Z25_1s.csv')]},F:BRN\F26,2025-11-28,23,0.0,F:BRN\F26,0.0,pre_expiry_buffer,0.0,,1
2025-10-29,2025-10,{'F:BRN\\Z25': [WindowsPath('C:/Users/taran/OneDrive/Desktop/Downloads/Backtesting data 2025/October - December contract (F_BRN_Z25)/2025-10-29_F_BRN_Z25_1s.csv')]},F:BRN\F26,2025-11-28,22,0.0,F:BRN\F26,0.0,pre_expiry_buffer,0.0,,1
2025-10-30,2025-10,{'F:BRN\\Z25': [WindowsPath('C:/Users/taran/OneDrive/Desktop/Downloads/Backtesting data 2025/October - December contract (F_BRN_Z25)/2025-10-30_F_BRN_Z25_1s.csv')]},F:BRN\F26,2025-11-28,21,0.0,F:BRN\F26,0.0,pre_expiry_buffer,0.0,,1
2025-10-31,2025-10,{'F:BRN\\Z25': [WindowsPath('C:/Users/taran/OneDrive/Desktop/Downloads/Backtesting data 2025/October - December contract (F_BRN_Z25)/2025-10-31_F_BRN_Z25_1s.csv')]},F:BRN\F26,2025-11-28,20,0.0,F:BRN\F26,0.0,pre_expiry_buffer,0.0,,1
2025-11-01,2025-11,{'F:BRN\\F26': [WindowsPath('C:/Users/taran/OneDrive/Desktop/Downloads/Backtesting data 2025/November - January 2026 contract (F_BRN_F26)/2025-11-01_F_BRN_F26_1s.csv')]},F:BRN\F26,2025-11-28,19,0.0,,,default_most_prompt,0.0,1.0,1
2025-11-03,2025-11,{'F:BRN\\F26': [WindowsPath('C:/Users/taran/OneDrive/Desktop/Downloads/Backtesting data 2025/November - January 2026 contract (F_BRN_F26)/2025-11-03_F_BRN_F26_1s.csv')]},F:BRN\F26,2025-11-28,19,0.0,,,default_most_prompt,166565.0,1.0,1
2025-11-04,2025-11,{'F:BRN\\F26': [WindowsPath('C:/Users/taran/OneDrive/Desktop/Downloads/Backtesting data 2025/November - January 2026 contract (F_BRN_F26)/2025-11-04_F_BRN_F26_1s.csv')]},F:BRN\F26,2025-11-28,18,33313.0,,,default_most_prompt,159658.0,1.0,1
2025-11-05,2025-11,{'F:BRN\\F26': [WindowsPath('C:/Users/taran/OneDrive/Desktop/Downloads/Backtesting data 2025/November - January 2026 contract (F_BRN_F26)/2025-11-05_F_BRN_F26_1s.csv')]},F:BRN\F26,2025-11-28,17,65244.6,,,default_most_prompt,182716.0,1.0,1
2025-11-06,2025-11,{'F:BRN\\F26': [WindowsPath('C:/Users/taran/OneDrive/Desktop/Downloads/Backtesting data 2025/November - January 2026 contract (F_BRN_F26)/2025-11-06_F_BRN_F26_1s.csv')]},F:BRN\F26,2025-11-28,16,101787.8,,,default_most_prompt,212382.0,1.0,1
2025-11-07,2025-11,{'F:BRN\\F26': [WindowsPath('C:/Users/taran/OneDrive/Desktop/Downloads/Backtesting data 2025/November - January 2026 contract (F_BRN_F26)/2025-11-07_F_BRN_F26_1s.csv')]},F:BRN\F26,2025-11-28,15,144264.2,,,default_most_prompt,181399.0,1.0,1
2025-11-08,2025-11,{'F:BRN\\F26': [WindowsPath('C:/Users/taran/OneDrive/Desktop/Downloads/Backtesting data 2025/November - January 2026 contract (F_BRN_F26)/2025-11-08_F_BRN_F26_1s.csv')]},F:BRN\F26,2025-11-28,14,180544.0,,,default_most_prompt,0.0,1.0,1
2025-11-10,2025-11,{'F:BRN\\F26': [WindowsPath('C:/Users/taran/OneDrive/Desktop/Downloads/Backtesting data 2025/November - January 2026 contract (F_BRN_F26)/2025-11-10_F_BRN_F26_1s.csv')]},F:BRN\F26,2025-11-28,14,147231.0,,,default_most_prompt,143228.0,1.0,1
2025-11-11,2025-11,{'F:BRN\\F26': [WindowsPath('C:/Users/taran/OneDrive/Desktop/Downloads/Backtesting data 2025/November - January 2026 contract (F_BRN_F26)/2025-11-11_F_BRN_F26_1s.csv')]},F:BRN\F26,2025-11-28,13,143945.0,,,default_most_prompt,166613.0,1.0,1
2025-11-12,2025-11,{'F:BRN\\F26': [WindowsPath('C:/Users/taran/OneDrive/Desktop/Downloads/Backtesting data 2025/November - January 2026 contract (F_BRN_F26)/2025-11-12_F_BRN_F26_1s.csv')]},F:BRN\F26,2025-11-28,12,140724.4,,,default_most_prompt,235627.0,1.0,1
2025-11-13,2025-11,{'F:BRN\\F26': [WindowsPath('C:/Users/taran/OneDrive/Desktop/Downloads/Backtesting data 2025/November - January 2026 contract (F_BRN_F26)/2025-11-13_F_BRN_F26_1s.csv')]},F:BRN\F26,2025-11-28,11,145373.4,,,default_most_prompt,159698.0,1.0,1
2025-11-14,2025-11,{'F:BRN\\F26': [WindowsPath('C:/Users/taran/OneDrive/Desktop/Downloads/Backtesting data 2025/November - January 2026 contract (F_BRN_F26)/2025-11-14_F_BRN_F26_1s.csv')]},F:BRN\F26,2025-11-28,10,141033.2,,,default_most_prompt,243464.0,1.0,1
2025-11-15,2025-11,{'F:BRN\\F26': [WindowsPath('C:/Users/taran/OneDrive/Desktop/Downloads/Backtesting data 2025/November - January 2026 contract (F_BRN_F26)/2025-11-15_F_BRN_F26_1s.csv')]},F:BRN\F26,2025-11-28,9,189726.0,,,default_most_prompt,0.0,1.0,1
2025-11-17,2025-11,{'F:BRN\\F26': [WindowsPath('C:/Users/taran/OneDrive/Desktop/Downloads/Backtesting data 2025/November - January 2026 contract (F_BRN_F26)/2025-11-17_F_BRN_F26_1s.csv')]},F:BRN\F26,2025-11-28,9,161080.4,,,default_most_prompt,131578.0,1.0,1
2025-11-18,2025-11,{'F:BRN\\F26': [WindowsPath('C:/Users/taran/OneDrive/Desktop/Downloads/Backtesting data 2025/November - January 2026 contract (F_BRN_F26)/2025-11-18_F_BRN_F26_1s.csv')]},F:BRN\F26,2025-11-28,8,154073.4,,,default_most_prompt,192420.0,1.0,1
2025-11-19,2025-11,{'F:BRN\\F26': [WindowsPath('C:/Users/taran/OneDrive/Desktop/Downloads/Backtesting data 2025/November - January 2026 contract (F_BRN_F26)/2025-11-19_F_BRN_F26_1s.csv')]},F:BRN\F26,2025-11-28,7,145432.0,,,default_most_prompt,200828.0,1.0,1
2025-11-20,2025-11,{'F:BRN\\F26': [WindowsPath('C:/Users/taran/OneDrive/Desktop/Downloads/Backtesting data 2025/November - January 2026 contract (F_BRN_F26)/2025-11-20_F_BRN_F26_1s.csv')]},F:BRN\F26,2025-11-28,6,153658.0,,,default_most_prompt,167132.0,1.0,1
2025-11-21,2025-11,{'F:BRN\\F26': [WindowsPath('C:/Users/taran/OneDrive/Desktop/Downloads/Backtesting data 2025/November - January 2026 contract (F_BRN_F26)/2025-11-21_F_BRN_F26_1s.csv')]},F:BRN\F26,2025-11-28,5,138391.6,,,default_most_prompt,170977.0,1.0,1
2025-11-22,2025-11,{'F:BRN\\F26': [WindowsPath('C:/Users/taran/OneDrive/Desktop/Downloads/Backtesting data 2025/November - January 2026 contract (F_BRN_F26)/2025-11-22_F_BRN_F26_1s.csv')]},F:BRN\F26,2025-11-28,4,172587.0,,,default_most_prompt,0.0,1.0,1
2025-11-24,2025-11,{'F:BRN\\F26': [WindowsPath('C:/Users/taran/OneDrive/Desktop/Downloads/Backtesting data 2025/November - January 2026 contract (F_BRN_F26)/2025-11-24_F_BRN_F26_1s.csv')]},F:BRN\F26,2025-11-28,4,146271.4,,,default_most_prompt,88155.0,1.0,1
2025-11-25,2025-11,{'F:BRN\\F26': [WindowsPath('C:/Users/taran/OneDrive/Desktop/Downloads/Backtesting data 2025/November - January 2026 contract (F_BRN_F26)/2025-11-25_F_BRN_F26_1s.csv')]},F:BRN\F26,2025-11-28,3,125418.4,,,default_most_prompt,106328.0,1.0,1
2025-11-26,2025-11,{'F:BRN\\F26': [WindowsPath('C:/Users/taran/OneDrive/Desktop/Downloads/Backtesting data 2025/November - January 2026 contract (F_BRN_F26)/2025-11-26_F_BRN_F26_1s.csv')]},F:BRN\F26,2025-11-28,2,106518.4,,,default_most_prompt,31574.0,1.0,1
2025-11-27,2025-11,{'F:BRN\\F26': [WindowsPath('C:/Users/taran/OneDrive/Desktop/Downloads/Backtesting data 2025/November - January 2026 contract (F_BRN_F26)/2025-11-27_F_BRN_F26_1s.csv')]},F:BRN\F26,2025-11-28,1,79406.8,,,default_most_prompt,8366.0,1.0,1
2025-11-28,2025-11,{'F:BRN\\F26': [WindowsPath('C:/Users/taran/OneDrive/Desktop/Downloads/Backtesting data 2025/November - January 2026 contract (F_BRN_F26)/2025-11-28_F_BRN_F26_1s.csv')]},F:BRN\F26,2025-11-28,0,46884.6,,,default_most_prompt,8332.0,1.0,1
