date,sigma_window_seconds,sigma_min_real_prints,real_prints_in_session,forward_filled_seconds_in_session,session_seconds,fraction_session_seconds_with_valid_sigma,min_real_prints_in_valid_sigma_window
2025-01-02,3600,900,39548,7252,46800,1.0,1858
2025-01-03,3600,900,38535,8265,46800,1.0,1964
2025-01-06,3600,900,39904,6896,46800,1.0,2024
2025-01-07,3600,900,40670,6130,46800,1.0,1952
2025-01-08,3600,900,40934,5866,46800,1.0,1984
2025-01-09,3600,900,37485,9315,46800,1.0,2029
2025-01-10,3600,900,43229,3571,46800,1.0,2209
2025-01-13,3600,900,43380,3420,46800,1.0,2402
2025-01-14,3600,900,42261,4539,46800,1.0,2535
2025-01-15,3600,900,41216,5584,46800,1.0,2409
2025-01-16,3600,900,41321,5479,46800,1.0,2454
2025-01-17,3600,900,40059,6741,46800,1.0,2352
2025-01-20,3600,900,33610,13190,46800,1.0,979
2025-01-21,3600,900,41198,5602,46800,1.0,2236
2025-01-22,3600,900,39898,6902,46800,1.0,2372
2025-01-23,3600,900,39212,7588,46800,1.0,2014
2025-01-24,3600,900,38470,8330,46800,1.0,2323
2025-02-03,3600,900,41603,5197,46800,1.0,1690
2025-02-04,3600,900,40698,6102,46800,1.0,2046
2025-02-05,3600,900,40344,6456,46800,1.0,2056
2025-02-06,3600,900,39303,7497,46800,1.0,1848
2025-02-07,3600,900,38576,8224,46800,1.0,1830
2025-02-10,3600,900,37095,9705,46800,1.0,1839
2025-02-11,3600,900,39560,7240,46800,1.0,2150
2025-02-12,3600,900,39801,6999,46800,1.0,1893
2025-02-13,3600,900,40818,5982,46800,1.0,2497
2025-02-14,3600,900,39312,7488,46800,1.0,1845
2025-02-17,3600,900,29823,16977,46800,1.0,909
2025-02-18,3600,900,37959,8841,46800,1.0,1965
2025-02-19,3600,900,37378,9422,46800,1.0,1992
2025-02-20,3600,900,37569,9231,46800,1.0,1898
2025-02-21,3600,900,38024,8776,46800,1.0,1651
2025-03-03,3600,900,39590,7210,46800,1.0,1904
2025-03-04,3600,900,42453,4347,46800,1.0,2155
2025-03-05,3600,900,43018,3782,46800,1.0,2041
2025-03-06,3600,900,42549,4251,46800,1.0,2248
2025-03-07,3600,900,41280,5520,46800,1.0,2304
2025-03-10,3600,900,41322,5478,46800,1.0,1711
2025-03-11,3600,900,41375,5425,46800,1.0,2167
2025-03-12,3600,900,39448,7352,46800,1.0,2015
2025-03-13,3600,900,40639,6161,46800,1.0,2040
2025-03-14,3600,900,38671,8129,46800,1.0,2002
2025-03-17,3600,900,38190,8610,46800,1.0,1853
2025-03-18,3600,900,39512,7288,46800,1.0,1938
2025-03-19,3600,900,38329,8471,46800,1.0,2105
2025-03-20,3600,900,37820,8980,46800,1.0,1876
2025-03-21,3600,900,37540,9260,46800,1.0,1826
2025-03-24,3600,900,37037,9763,46800,1.0,1655
2025-04-01,3600,900,41125,5675,46800,1.0,2117
2025-04-02,3600,900,41395,5405,46800,1.0,2360
2025-04-03,3600,900,44596,2204,46800,1.0,2683
2025-04-04,3600,900,46049,751,46800,1.0,2563
2025-04-07,3600,900,46029,771,46800,1.0,3291
2025-04-08,3600,900,45366,1434,46800,1.0,3125
2025-04-09,3600,900,45698,1102,46800,1.0,3251
2025-04-10,3600,900,44815,1985,46800,1.0,3059
2025-04-11,3600,900,44342,2458,46800,1.0,2886
2025-04-14,3600,900,39184,7616,46800,1.0,2171
2025-04-15,3600,900,38455,8345,46800,1.0,1944
2025-04-16,3600,900,39693,7107,46800,1.0,2357
2025-04-17,3600,900,39740,7060,46800,1.0,2493
2025-04-21,3600,900,35447,11353,46800,1.0,2084
2025-04-22,3600,900,38733,8067,46800,1.0,2188
2025-04-23,3600,900,39318,7482,46800,1.0,2307
2025-05-01,3600,900,42428,4372,46800,1.0,1727
2025-05-02,3600,900,38940,7860,46800,1.0,1887
2025-05-05,3600,900,38291,8509,46800,1.0,1896
2025-05-06,3600,900,39930,6870,46800,1.0,2012
2025-05-07,3600,900,40080,6720,46800,1.0,2142
2025-05-08,3600,900,38484,8316,46800,1.0,2395
2025-05-09,3600,900,38459,8341,46800,1.0,2027
2025-05-12,3600,900,39582,7218,46800,1.0,1731
2025-05-13,3600,900,37297,9503,46800,1.0,1799
2025-05-14,3600,900,37543,9257,46800,1.0,1670
2025-05-15,3600,900,37880,8920,46800,1.0,1737
2025-05-16,3600,900,35310,11490,46800,1.0,1657
2025-05-19,3600,900,38414,8386,46800,1.0,1715
2025-05-20,3600,900,37705,9095,46800,1.0,2029
2025-05-21,3600,900,40177,6623,46800,1.0,2467
2025-05-22,3600,900,40499,6301,46800,1.0,1965
2025-05-23,3600,900,39148,7652,46800,1.0,1781
2025-06-02,3600,900,41344,5456,46800,1.0,2033
2025-06-03,3600,900,39041,7759,46800,1.0,1854
2025-06-04,3600,900,37919,8881,46800,1.0,1705
2025-06-05,3600,900,36277,10523,46800,1.0,1650
2025-06-06,3600,900,37752,9048,46800,1.0,1973
2025-06-09,3600,900,37073,9727,46800,1.0,1912
2025-06-10,3600,900,39696,7104,46800,1.0,2160
2025-06-11,3600,900,41580,5220,46800,1.0,2152
2025-06-12,3600,900,40401,6399,46800,1.0,1708
2025-06-13,3600,900,44325,2475,46800,1.0,3139
2025-06-16,3600,900,40002,6798,46800,1.0,2098
2025-06-17,3600,900,41606,5194,46800,1.0,2673
2025-06-18,3600,900,41704,5096,46800,1.0,2689
2025-06-19,3600,900,32147,14653,46800,0.8589529914529914,900
2025-06-20,3600,900,39888,6912,46800,1.0,2050
2025-06-23,3600,900,41443,5357,46800,1.0,2586
2025-07-01,3600,900,35399,11401,46800,1.0,1584
2025-07-02,3600,900,37859,8941,46800,1.0,1660
2025-07-03,3600,900,34646,12154,46800,1.0,932
2025-07-04,3600,900,23181,23619,46800,0.8376709401709401,900
2025-07-07,3600,900,36324,10476,46800,1.0,1702
2025-07-08,3600,900,35373,11427,46800,1.0,1395
2025-07-09,3600,900,34937,11863,46800,1.0,1424
2025-07-10,3600,900,35041,11759,46800,1.0,1462
2025-07-11,3600,900,35679,11121,46800,1.0,1799
2025-07-14,3600,900,36469,10331,46800,1.0,1733
2025-07-15,3600,900,36314,10486,46800,1.0,1596
2025-07-16,3600,900,36182,10618,46800,1.0,1524
2025-07-17,3600,900,34925,11875,46800,1.0,1564
2025-07-18,3600,900,36957,9843,46800,1.0,1659
2025-07-21,3600,900,34455,12345,46800,1.0,1336
2025-07-22,3600,900,35705,11095,46800,1.0,1494
2025-07-23,3600,900,36203,10597,46800,1.0,1624
2025-07-24,3600,900,36198,10602,46800,1.0,1506
2025-08-01,3600,900,38941,7859,46800,1.0,2046
2025-08-04,3600,900,36641,10159,46800,1.0,1417
2025-08-05,3600,900,36180,10620,46800,1.0,1347
2025-08-06,3600,900,36680,10120,46800,1.0,1606
2025-08-07,3600,900,36624,10176,46800,1.0,1608
2025-08-08,3600,900,36142,10658,46800,1.0,1838
2025-08-11,3600,900,35150,11650,46800,1.0,1721
2025-08-12,3600,900,34508,12292,46800,1.0,1417
2025-08-13,3600,900,34411,12389,46800,1.0,1360
2025-08-14,3600,900,35773,11027,46800,1.0,1713
2025-08-15,3600,900,34607,12193,46800,1.0,1777
2025-08-18,3600,900,34635,12165,46800,1.0,1492
2025-08-19,3600,900,35886,10914,46800,1.0,1444
2025-08-20,3600,900,35005,11795,46800,1.0,1691
2025-08-21,3600,900,34487,12313,46800,1.0,1479
2025-08-22,3600,900,34792,12008,46800,1.0,1555
2025-09-01,3600,900,23638,23162,46800,0.8348717948717949,900
2025-09-02,3600,900,38791,8009,46800,1.0,1751
2025-09-03,3600,900,37976,8824,46800,1.0,1646
2025-09-04,3600,900,36344,10456,46800,1.0,1742
2025-09-05,3600,900,36591,10209,46800,1.0,1847
2025-09-08,3600,900,35295,11505,46800,1.0,1313
2025-09-09,3600,900,35411,11389,46800,1.0,1534
2025-09-10,3600,900,34546,12254,46800,1.0,1590
2025-09-11,3600,900,35571,11229,46800,1.0,1641
2025-09-12,3600,900,37942,8858,46800,1.0,1690
2025-09-15,3600,900,32711,14089,46800,1.0,1365
2025-09-16,3600,900,36625,10175,46800,1.0,1694
2025-09-17,3600,900,35239,11561,46800,1.0,1935
2025-09-18,3600,900,35442,11358,46800,1.0,1551
2025-09-19,3600,900,34876,11924,46800,1.0,1477
2025-09-22,3600,900,34918,11882,46800,1.0,1233
2025-09-23,3600,900,36361,10439,46800,1.0,1879
2025-10-01,3600,900,37995,8805,46800,1.0,1744
2025-10-02,3600,900,37218,9582,46800,1.0,1575
2025-10-03,3600,900,36719,10081,46800,1.0,1812
2025-10-06,3600,900,35424,11376,46800,1.0,1447
2025-10-07,3600,900,35853,10947,46800,1.0,1647
2025-10-08,3600,900,34843,11957,46800,1.0,1630
2025-10-09,3600,900,37712,9088,46800,1.0,2132
2025-10-10,3600,900,39922,6878,46800,1.0,2332
2025-10-13,3600,900,37145,9655,46800,1.0,1565
2025-10-14,3600,900,40360,6440,46800,1.0,1659
2025-10-15,3600,900,36582,10218,46800,1.0,1631
2025-10-16,3600,900,38325,8475,46800,1.0,2002
2025-10-17,3600,900,39970,6830,46800,1.0,1877
2025-10-20,3600,900,34167,12633,46800,1.0,1641
2025-10-21,3600,900,36056,10744,46800,1.0,1660
2025-10-22,3600,900,38891,7909,46800,1.0,2290
2025-10-23,3600,900,41107,5693,46800,1.0,1890
2025-10-24,3600,900,37331,9469,46800,1.0,1775
2025-11-03,3600,900,36207,10593,46800,1.0,1673
2025-11-04,3600,900,36690,10110,46800,1.0,1880
2025-11-05,3600,900,37979,8821,46800,1.0,1869
2025-11-06,3600,900,39413,7387,46800,1.0,1808
2025-11-07,3600,900,39579,7221,46800,1.0,2072
2025-11-10,3600,900,35813,10987,46800,1.0,1488
2025-11-11,3600,900,35858,10942,46800,1.0,1438
2025-11-12,3600,900,37138,9662,46800,1.0,1294
2025-11-13,3600,900,37692,9108,46800,1.0,1713
2025-11-14,3600,900,40188,6612,46800,1.0,1949
2025-11-17,3600,900,35439,11361,46800,1.0,1324
2025-11-18,3600,900,40274,6526,46800,1.0,1948
2025-11-19,3600,900,40780,6020,46800,1.0,1877
2025-11-20,3600,900,39380,7420,46800,1.0,1741
2025-11-21,3600,900,42455,4345,46800,1.0,1846
2025-11-24,3600,900,36462,10338,46800,1.0,1578
2025-11-25,3600,900,36378,10422,46800,1.0,1546
2025-11-26,3600,900,35736,11064,46800,1.0,1693
2025-11-27,3600,900,22603,24197,46800,0.9206196581196581,900
2025-11-28,3600,900,15814,30986,46800,0.6766025641025641,900
2025-12-01,3600,900,11228,35572,46800,0.516517094017094,900
2025-12-02,3600,900,1577,45223,46800,0.0,0
2025-12-03,3600,900,1880,44920,46800,0.0,0
2025-12-04,3600,900,1623,45177,46800,0.0,0
2025-12-05,3600,900,1344,45456,46800,0.0,0
2025-12-08,3600,900,1850,44950,46800,0.0,0
2025-12-09,3600,900,1613,45187,46800,0.0,0
2025-12-10,3600,900,1991,44809,46800,0.0,0
2025-12-11,3600,900,2522,44278,46800,0.0,0
2025-12-12,3600,900,2174,44626,46800,0.0,0
2025-12-15,3600,900,1862,44938,46800,0.0,0
2025-12-16,3600,900,2522,44278,46800,0.0,0
2025-12-17,3600,900,2820,43980,46800,0.0,0
2025-12-18,3600,900,1834,44966,46800,0.0,0
2025-12-19,3600,900,2054,44746,46800,0.0,0
2025-12-22,3600,900,3107,43693,46800,0.0,0
2025-12-23,3600,900,2093,44707,46800,0.0,0
2025-12-24,3600,900,2063,44737,46800,0.0,0
2025-12-26,3600,900,2091,44709,46800,0.0,0
2025-12-29,3600,900,2806,43994,46800,0.0,0
2025-12-30,3600,900,2470,44330,46800,0.0,0
2025-12-31,3600,900,3621,43179,46800,0.0,0
2026-01-02,3600,900,3488,43312,46800,0.0,0
2026-01-05,3600,900,5715,41085,46800,0.0011752136752136752,900
2026-01-06,3600,900,5166,41634,46800,0.0858974358974359,900
2026-01-07,3600,900,5757,41043,46800,0.015128205128205128,900
2026-01-08,3600,900,5246,41554,46800,0.028824786324786324,900
2026-01-09,3600,900,6596,40204,46800,0.11884615384615385,900
2026-01-12,3600,900,4760,42040,46800,0.0,0
2026-01-13,3600,900,7386,39414,46800,0.12985042735042734,900
2026-01-14,3600,900,8377,38423,46800,0.22959401709401708,900
2026-01-15,3600,900,8555,38245,46800,0.2612606837606838,900
2026-01-16,3600,900,5735,41065,46800,0.014743589743589743,900
2026-01-19,3600,900,4708,42092,46800,0.0,0
2026-01-20,3600,900,7309,39491,46800,0.16579059829059828,900
2026-01-21,3600,900,9140,37660,46800,0.2612606837606838,900
2026-01-22,3600,900,8913,37887,46800,0.210491452991453,900
2026-01-23,3600,900,9883,36917,46800,0.3058974358974359,900
2026-01-26,3600,900,0,46800,46800,0.0,0
2026-01-27,3600,900,0,46800,46800,0.0,0
2026-01-28,3600,900,0,46800,46800,0.0,0
2026-01-29,3600,900,0,46800,46800,0.0,0
2026-01-30,3600,900,0,46800,46800,0.0,0
2026-02-02,3600,900,0,46800,46800,0.0,0
2026-02-03,3600,900,0,46800,46800,0.0,0
2026-02-04,3600,900,0,46800,46800,0.0,0
2026-02-05,3600,900,0,46800,46800,0.0,0
2026-02-06,3600,900,0,46800,46800,0.0,0
2026-02-09,3600,900,0,46800,46800,0.0,0
2026-02-10,3600,900,0,46800,46800,0.0,0
2026-02-11,3600,900,0,46800,46800,0.0,0
2026-02-12,3600,900,0,46800,46800,0.0,0
2026-02-13,3600,900,0,46800,46800,0.0,0
2026-02-16,3600,900,0,46800,46800,0.0,0
2026-02-17,3600,900,0,46800,46800,0.0,0
2026-02-18,3600,900,0,46800,46800,0.0,0
2026-02-19,3600,900,0,46800,46800,0.0,0
2026-02-20,3600,900,0,46800,46800,0.0,0
2026-02-23,3600,900,0,46800,46800,0.0,0
2026-02-24,3600,900,0,46800,46800,0.0,0
2026-02-25,3600,900,0,46800,46800,0.0,0
2026-02-26,3600,900,0,46800,46800,0.0,0
2026-02-27,3600,900,0,46800,46800,0.0,0
2026-03-02,3600,900,0,46800,46800,0.0,0
2026-03-03,3600,900,0,46800,46800,0.0,0
2026-03-04,3600,900,0,46800,46800,0.0,0
2026-03-05,3600,900,0,46800,46800,0.0,0
2026-03-06,3600,900,0,46800,46800,0.0,0
2026-03-09,3600,900,0,46800,46800,0.0,0
2026-03-10,3600,900,0,46800,46800,0.0,0
2026-03-11,3600,900,0,46800,46800,0.0,0
2026-03-12,3600,900,0,46800,46800,0.0,0
2026-03-13,3600,900,0,46800,46800,0.0,0
2026-03-16,3600,900,0,46800,46800,0.0,0
2026-03-17,3600,900,0,46800,46800,0.0,0
2026-03-18,3600,900,0,46800,46800,0.0,0
2026-03-19,3600,900,0,46800,46800,0.0,0
2026-03-20,3600,900,0,46800,46800,0.0,0
2026-03-23,3600,900,0,46800,46800,0.0,0
2026-03-24,3600,900,0,46800,46800,0.0,0
2026-03-25,3600,900,0,46800,46800,0.0,0
2026-03-26,3600,900,0,46800,46800,0.0,0
