signal_time,entry_time,exit_time,side,move_cents,signal_volume,entry_price,exit_price,gross_pnl_cents,cost_cents,net_pnl_cents,side_label,params
2025-10-01 12:41:28,2025-10-01 12:43:28,2025-10-01 18:43:28,-1,-75.99999999999909,17185.0,65.77,65.39,37.999999999999545,4.0,33.999999999999545,SHORT,a=120s | move=75c/1800s | hold=21600s | vol off | momentum
2025-10-07 17:07:08,2025-10-07 17:09:08,2025-10-07 23:09:08,-1,-75.0,11114.0,64.67,65.73,-106.00000000000023,4.0,-110.00000000000023,SHORT,a=120s | move=75c/1800s | hold=21600s | vol off | momentum
2025-10-10 17:16:50,2025-10-10 17:18:50,2025-10-10 23:18:50,-1,-75.0,7115.0,63.06,62.28,78.00000000000011,4.0,74.00000000000011,SHORT,a=120s | move=75c/1800s | hold=21600s | vol off | momentum
2025-10-21 17:56:56,2025-10-21 17:58:56,2025-10-21 23:58:56,-1,-75.0,6016.0,60.34,61.17,-82.99999999999983,4.0,-86.99999999999983,SHORT,a=120s | move=75c/1800s | hold=21600s | vol off | momentum
2025-10-23 01:24:54,2025-10-23 01:26:54,2025-10-23 07:26:54,1,75.0,834.0,63.64,63.75,10.999999999999943,4.0,6.999999999999943,LONG,a=120s | move=75c/1800s | hold=21600s | vol off | momentum
2025-10-28 12:00:59,2025-10-28 12:02:59,2025-10-28 18:02:59,-1,-76.00000000000051,9090.0,63.9,64.19,-28.999999999999915,4.0,-32.999999999999915,SHORT,a=120s | move=75c/1800s | hold=21600s | vol off | momentum
2025-10-31 17:04:32,2025-10-31 17:06:32,2025-10-31 23:06:32,1,75.0,28934.0,64.99,64.67,-31.999999999999318,4.0,-35.99999999999932,LONG,a=120s | move=75c/1800s | hold=21600s | vol off | momentum
2025-11-14 05:18:29,2025-11-14 05:20:29,2025-11-14 11:20:29,1,75.0,7484.0,63.82,63.74,-7.9999999999998295,4.0,-11.99999999999983,LONG,a=120s | move=75c/1800s | hold=21600s | vol off | momentum
2025-11-21 16:25:21,2025-11-21 16:27:21,2025-11-21 22:27:21,1,75.9999999999998,10117.0,62.9,62.29,-60.99999999999994,4.0,-64.99999999999994,LONG,a=120s | move=75c/1800s | hold=21600s | vol off | momentum
2025-11-25 16:43:34,2025-11-25 16:45:34,2025-11-25 22:45:34,-1,-75.9999999999998,7287.0,61.52,61.61,-8.99999999999963,4.0,-12.99999999999963,SHORT,a=120s | move=75c/1800s | hold=21600s | vol off | momentum
2026-01-14 14:08:58,2026-01-14 14:10:58,2026-01-14 20:10:58,1,76.9999999999996,4197.0,64.79,65.32,52.99999999999869,4.0,48.99999999999869,LONG,a=120s | move=75c/1800s | hold=21600s | vol off | momentum
2026-01-15 00:30:00,2026-01-15 00:32:00,2026-01-15 06:32:00,-1,-236.99999999999903,17311.0,63.88,63.93,-4.999999999999716,4.0,-8.999999999999716,SHORT,a=120s | move=75c/1800s | hold=21600s | vol off | momentum
2026-01-27 17:44:04,2026-01-27 17:46:04,2026-01-27 23:46:04,1,75.0,2236.0,65.1,65.97,87.00000000000045,4.0,83.00000000000045,LONG,a=120s | move=75c/1800s | hold=21600s | vol off | momentum
2026-01-30 06:30:13,2026-01-30 06:32:13,2026-01-30 12:32:13,-1,-76.9999999999996,2107.0,67.24,67.66,-42.00000000000017,4.0,-46.00000000000017,SHORT,a=120s | move=75c/1800s | hold=21600s | vol off | momentum
2026-02-02 03:30:00,2026-02-02 03:32:00,2026-02-02 09:32:00,-1,-129.00000000000063,1558.0,66.84,65.04,179.99999999999972,4.0,175.99999999999972,SHORT,a=120s | move=75c/1800s | hold=21600s | vol off | momentum
2026-02-03 03:11:02,2026-02-03 03:13:02,2026-02-03 09:13:02,-1,-77.00000000000102,221.0,65.27,65.22,4.999999999999716,4.0,0.9999999999997158,SHORT,a=120s | move=75c/1800s | hold=21600s | vol off | momentum
2026-02-05 16:43:03,2026-02-05 16:45:03,2026-02-05 22:45:03,-1,-77.00000000000102,2008.0,67.29,67.1,19.000000000001194,4.0,15.000000000001194,SHORT,a=120s | move=75c/1800s | hold=21600s | vol off | momentum
2026-02-06 06:35:15,2026-02-06 06:37:15,2026-02-06 12:37:15,1,76.00000000000051,1507.0,67.4,67.8,39.99999999999915,4.0,35.99999999999915,LONG,a=120s | move=75c/1800s | hold=21600s | vol off | momentum
2026-02-09 14:29:11,2026-02-09 14:31:11,2026-02-09 20:31:11,1,75.0,1485.0,67.53,68.34,81.00000000000023,4.0,77.00000000000023,LONG,a=120s | move=75c/1800s | hold=21600s | vol off | momentum
2026-02-13 15:43:58,2026-02-13 15:45:58,2026-02-13 21:45:58,-1,-83.00000000000125,1607.0,66.55,67.3,-75.0,4.0,-79.0,SHORT,a=120s | move=75c/1800s | hold=21600s | vol off | momentum
2026-02-17 17:50:45,2026-02-17 17:52:45,2026-02-17 23:52:45,-1,-75.99999999999909,3597.0,66.9,66.82,8.00000000000125,4.0,4.0000000000012506,SHORT,a=120s | move=75c/1800s | hold=21600s | vol off | momentum
2026-02-26 17:44:22,2026-02-26 17:46:22,2026-02-26 23:46:22,1,75.0,11619.0,69.99,70.9,91.00000000000108,4.0,87.00000000000108,LONG,a=120s | move=75c/1800s | hold=21600s | vol off | momentum
2026-03-02 03:30:00,2026-03-02 03:32:00,2026-03-02 09:32:00,-1,-196.9999999999999,44173.0,79.52,77.61,190.99999999999966,4.0,186.99999999999966,SHORT,a=120s | move=75c/1800s | hold=21600s | vol off | momentum
2026-03-03 00:30:00,2026-03-03 00:32:00,2026-03-03 06:32:00,1,194.0000000000012,27613.0,79.28,79.1,-18.000000000000682,4.0,-22.000000000000682,LONG,a=120s | move=75c/1800s | hold=21600s | vol off | momentum
2026-03-04 00:39:58,2026-03-04 00:41:58,2026-03-04 06:41:58,1,80.00000000000114,5893.0,80.77,82.24,146.9999999999999,4.0,142.9999999999999,LONG,a=120s | move=75c/1800s | hold=21600s | vol off | momentum
2026-03-05 01:20:52,2026-03-05 01:22:52,2026-03-05 07:22:52,1,75.0,2294.0,82.35,83.88,153.0000000000001,4.0,149.0000000000001,LONG,a=120s | move=75c/1800s | hold=21600s | vol off | momentum
2026-03-06 00:30:00,2026-03-06 00:32:00,2026-03-06 06:32:00,-1,-146.9999999999999,29681.0,84.51,84.15,35.99999999999994,4.0,31.999999999999943,SHORT,a=120s | move=75c/1800s | hold=21600s | vol off | momentum
2026-03-09 02:30:00,2026-03-09 02:32:00,2026-03-09 08:32:00,1,630.0000000000011,35166.0,107.4,115.78,837.9999999999995,4.0,833.9999999999995,LONG,a=120s | move=75c/1800s | hold=21600s | vol off | momentum
2026-03-10 00:30:00,2026-03-10 00:32:00,2026-03-10 06:32:00,-1,-75.0,15204.0,89.16,89.0,15.999999999999659,4.0,11.999999999999659,SHORT,a=120s | move=75c/1800s | hold=21600s | vol off | momentum
2026-03-11 00:50:34,2026-03-11 00:52:34,2026-03-11 06:52:34,1,90.00000000000057,2078.0,91.06,88.65,-240.99999999999966,4.0,-244.99999999999966,LONG,a=120s | move=75c/1800s | hold=21600s | vol off | momentum
2026-03-12 01:30:15,2026-03-12 01:32:15,2026-03-12 07:32:15,1,75.0,2706.0,93.65,101.15,750.0,4.0,746.0,LONG,a=120s | move=75c/1800s | hold=21600s | vol off | momentum
2026-03-13 00:43:33,2026-03-13 00:45:33,2026-03-13 06:45:33,1,80.00000000000114,1818.0,101.49,101.13,-35.99999999999994,4.0,-39.99999999999994,LONG,a=120s | move=75c/1800s | hold=21600s | vol off | momentum
2026-03-16 02:30:55,2026-03-16 02:32:55,2026-03-16 08:32:55,1,83.99999999999892,6599.0,106.15,104.75,-140.00000000000057,4.0,-144.00000000000057,LONG,a=120s | move=75c/1800s | hold=21600s | vol off | momentum
2026-03-17 00:37:36,2026-03-17 00:39:36,2026-03-17 06:39:36,1,75.0,2209.0,100.83,102.82,198.9999999999995,4.0,194.9999999999995,LONG,a=120s | move=75c/1800s | hold=21600s | vol off | momentum
2026-03-18 04:53:23,2026-03-18 04:55:23,2026-03-18 10:55:23,-1,-75.0,2147.0,102.39,101.68,70.99999999999937,4.0,66.99999999999937,SHORT,a=120s | move=75c/1800s | hold=21600s | vol off | momentum
2026-03-19 00:30:00,2026-03-19 00:32:00,2026-03-19 06:32:00,1,150.0,7794.0,111.33,111.74,40.99999999999966,4.0,36.99999999999966,LONG,a=120s | move=75c/1800s | hold=21600s | vol off | momentum
2026-03-20 01:14:21,2026-03-20 01:16:21,2026-03-20 07:16:21,-1,-76.9999999999996,747.0,107.76,106.8,96.0000000000008,4.0,92.0000000000008,SHORT,a=120s | move=75c/1800s | hold=21600s | vol off | momentum
2026-03-23 02:30:00,2026-03-23 02:32:00,2026-03-23 08:32:00,-1,-278.0000000000001,10740.0,110.63,113.0,-237.00000000000045,4.0,-241.00000000000045,SHORT,a=120s | move=75c/1800s | hold=21600s | vol off | momentum
2026-03-24 00:30:02,2026-03-24 00:32:02,2026-03-24 06:32:02,1,76.9999999999996,3037.0,100.64,103.96,331.9999999999993,4.0,327.9999999999993,LONG,a=120s | move=75c/1800s | hold=21600s | vol off | momentum
2026-03-25 00:30:00,2026-03-25 00:32:00,2026-03-25 06:32:00,-1,-346.9999999999999,9524.0,101.0,98.7,229.99999999999972,4.0,225.99999999999972,SHORT,a=120s | move=75c/1800s | hold=21600s | vol off | momentum
2026-03-26 06:55:16,2026-03-26 06:57:16,2026-03-26 12:57:16,1,75.99999999999909,906.0,104.0,105.63,162.99999999999955,4.0,158.99999999999955,LONG,a=120s | move=75c/1800s | hold=21600s | vol off | momentum
