label,delay_s,threshold_cents,lookback_s,hold_s,volume_window_s,volume_multiple,direction,score,total_pnl_cents,avg_daily_pnl_cents,daily_sharpe,daily_sortino,max_drawdown_cents,positive_day_rate,active_day_rate,days,trades,win_rate,avg_trade_cents,profit_factor,long_trades,short_trades,trades_per_day,selector_objective,train_start,train_end,test_start,test_end
a=60s | move=10c/60s | hold=21600s | vol>2x/300s | momentum,60,10.0,60,21600,300,2.0,momentum,474.00000000000273,474.00000000000273,6.155844155844191,2.735717293720455,4.507799052908575,-158.9999999999997,0.4675324675324675,0.8051948051948052,77,62,0.5806451612903226,7.6451612903226245,1.707462686567168,25,37,0.8051948051948052,total_pnl_cents,2025-10,2025-12,2026-01,2026-01
a=1s | move=20c/60s | hold=10800s | vol off | momentum,1,20.0,60,10800,300,0.0,momentum,464.9999999999985,464.9999999999985,6.03896103896102,2.7751870966638257,5.3071757324503155,-129.00000000000097,0.24675324675324675,0.5324675324675324,77,41,0.4634146341463415,11.341463414634111,1.9607438016528835,14,27,0.5324675324675324,total_pnl_cents,2025-10,2025-12,2026-01,2026-01
a=30s | move=10c/60s | hold=21600s | vol>2x/300s | momentum,30,10.0,60,21600,300,2.0,momentum,462.0000000000001,462.0000000000001,6.000000000000002,2.7080258938460156,4.373301945400901,-167.00000000000236,0.4675324675324675,0.8051948051948052,77,62,0.5806451612903226,7.451612903225809,1.6947368421052598,25,37,0.8051948051948052,total_pnl_cents,2025-10,2025-12,2026-01,2026-01
a=120s | move=10c/60s | hold=21600s | vol>2x/300s | momentum,120,10.0,60,21600,300,2.0,momentum,458.9999999999951,458.9999999999951,5.961038961038898,2.584460438160295,4.234621149195914,-174.00000000000168,0.45454545454545453,0.8051948051948052,77,62,0.5645161290322581,7.403225806451532,1.6575931232091585,25,37,0.8051948051948052,total_pnl_cents,2025-10,2025-12,2026-01,2026-01
a=60s | move=20c/60s | hold=10800s | vol off | momentum,60,20.0,60,10800,300,0.0,momentum,454.0,454.0,5.896103896103896,2.6673089413788857,5.200180593227958,-125.00000000000105,0.2597402597402597,0.5324675324675324,77,41,0.4878048780487805,11.073170731707316,1.907999999999998,14,27,0.5324675324675324,total_pnl_cents,2025-10,2025-12,2026-01,2026-01
a=30s | move=20c/60s | hold=10800s | vol off | momentum,30,20.0,60,10800,300,0.0,momentum,444.0000000000026,444.0000000000026,5.766233766233801,2.662141318286925,5.477713769355062,-121.99999999999952,0.2857142857142857,0.5324675324675324,77,41,0.5365853658536586,10.829268292682993,1.921161825726144,14,27,0.5324675324675324,total_pnl_cents,2025-10,2025-12,2026-01,2026-01
a=10s | move=20c/60s | hold=10800s | vol off | momentum,10,20.0,60,10800,300,0.0,momentum,441.99999999999807,441.99999999999807,5.740259740259715,2.626017866745589,5.077840622920089,-120.00000000000134,0.24675324675324675,0.5324675324675324,77,41,0.4634146341463415,10.780487804878002,1.88577154308616,14,27,0.5324675324675324,total_pnl_cents,2025-10,2025-12,2026-01,2026-01
a=60s | move=10c/30s | hold=21600s | vol>2x/300s | momentum,60,10.0,30,21600,300,2.0,momentum,437.00000000000307,437.00000000000307,5.675324675324715,2.366506651093318,3.5619337282179107,-221.99999999999923,0.45454545454545453,0.7792207792207793,77,60,0.5833333333333334,7.2833333333333865,1.6198581560283727,24,36,0.7792207792207793,total_pnl_cents,2025-10,2025-12,2026-01,2026-01
a=10s | move=10c/60s | hold=21600s | vol>2x/300s | momentum,10,10.0,60,21600,300,2.0,momentum,431.00000000000557,431.00000000000557,5.597402597402669,2.499393923533516,3.9704827655844235,-183.9999999999997,0.4675324675324675,0.8051948051948052,77,62,0.5806451612903226,6.951612903225898,1.6404160475482976,25,37,0.8051948051948052,total_pnl_cents,2025-10,2025-12,2026-01,2026-01
a=5s | move=20c/60s | hold=10800s | vol off | momentum,5,20.0,60,10800,300,0.0,momentum,423.9999999999967,423.9999999999967,5.506493506493464,2.509871497624707,4.7626172601724415,-138.0000000000006,0.22077922077922077,0.5324675324675324,77,41,0.4146341463414634,10.341463414634068,1.8330058939096092,14,27,0.5324675324675324,total_pnl_cents,2025-10,2025-12,2026-01,2026-01
a=30s | move=10c/30s | hold=21600s | vol>2x/300s | momentum,30,10.0,30,21600,300,2.0,momentum,420.0000000000008,420.0000000000008,5.454545454545465,2.308780727517632,3.5334088488677753,-225.00000000000148,0.45454545454545453,0.7792207792207793,77,60,0.5833333333333334,7.000000000000015,1.5949008498583552,24,36,0.7792207792207793,total_pnl_cents,2025-10,2025-12,2026-01,2026-01
a=10s | move=20c/60s | hold=10800s | vol>2x/300s | momentum,10,20.0,60,10800,300,2.0,momentum,411.99999999999943,411.99999999999943,5.350649350649343,2.4422004533914294,4.631501462149961,-108.00000000000034,0.23376623376623376,0.4805194805194805,77,37,0.4864864864864865,11.135135135135119,1.8340080971659838,10,27,0.4805194805194805,total_pnl_cents,2025-10,2025-12,2026-01,2026-01
a=60s | move=20c/60s | hold=10800s | vol>2x/300s | momentum,60,20.0,60,10800,300,2.0,momentum,410.99999999999966,410.99999999999966,5.337662337662334,2.4214924779059777,4.656667493562153,-132.99999999999892,0.22077922077922077,0.4805194805194805,77,37,0.4594594594594595,11.108108108108098,1.8353658536585324,10,27,0.4805194805194805,total_pnl_cents,2025-10,2025-12,2026-01,2026-01
a=30s | move=20c/60s | hold=10800s | vol>2x/300s | momentum,30,20.0,60,10800,300,2.0,momentum,409.9999999999998,409.9999999999998,5.324675324675321,2.4472360130793103,4.787357518118644,-106.99999999999983,0.24675324675324675,0.4805194805194805,77,37,0.5135135135135135,11.081081081081077,1.8523908523908452,10,27,0.4805194805194805,total_pnl_cents,2025-10,2025-12,2026-01,2026-01
a=1s | move=10c/60s | hold=21600s | vol>2x/300s | momentum,1,10.0,60,21600,300,2.0,momentum,407.0000000000018,407.0000000000018,5.28571428571431,2.3468509946701106,3.728908475895922,-195.00000000000034,0.44155844155844154,0.8051948051948052,77,62,0.5483870967741935,6.564516129032287,1.5873015873015903,25,37,0.8051948051948052,total_pnl_cents,2025-10,2025-12,2026-01,2026-01
a=5s | move=10c/60s | hold=21600s | vol>2x/300s | momentum,5,10.0,60,21600,300,2.0,momentum,404.000000000006,404.000000000006,5.246753246753325,2.334114457747193,3.690281507074139,-189.00000000000082,0.45454545454545453,0.8051948051948052,77,62,0.5645161290322581,6.516129032258162,1.5889212827988413,25,37,0.8051948051948052,total_pnl_cents,2025-10,2025-12,2026-01,2026-01
a=30s | move=20c/60s | hold=14400s | vol off | momentum,30,20.0,60,14400,300,0.0,momentum,397.00000000000523,397.00000000000523,5.155844155844224,2.4201187262050285,4.483774080475196,-123.99999999999841,0.2597402597402597,0.4935064935064935,77,38,0.5263157894736842,10.447368421052769,1.8118609406953052,14,24,0.4935064935064935,total_pnl_cents,2025-10,2025-12,2026-01,2026-01
a=1s | move=20c/60s | hold=10800s | vol>2x/300s | momentum,1,20.0,60,10800,300,2.0,momentum,395.9999999999998,395.9999999999998,5.14285714285714,2.364629913123166,4.470858457342799,-106.99999999999983,0.2077922077922078,0.4805194805194805,77,37,0.43243243243243246,10.702702702702696,1.806517311608957,10,27,0.4805194805194805,total_pnl_cents,2025-10,2025-12,2026-01,2026-01
a=1s | move=20c/60s | hold=14400s | vol off | momentum,1,20.0,60,14400,300,0.0,momentum,391.99999999999693,391.99999999999693,5.090909090909051,2.3974813372304005,4.110400552615021,-126.00000000000014,0.2597402597402597,0.4935064935064935,77,38,0.5263157894736842,10.315789473684129,1.7855711422845555,14,24,0.4935064935064935,total_pnl_cents,2025-10,2025-12,2026-01,2026-01
a=60s | move=20c/60s | hold=14400s | vol off | momentum,60,20.0,60,14400,300,0.0,momentum,391.0,391.0,5.077922077922078,2.360339481488435,4.744936381350147,-120.00000000000063,0.2727272727272727,0.4935064935064935,77,38,0.5526315789473685,10.289473684210524,1.7696850393700752,14,24,0.4935064935064935,total_pnl_cents,2025-10,2025-12,2026-01,2026-01
a=10s | move=10c/30s | hold=21600s | vol>2x/300s | momentum,10,10.0,30,21600,300,2.0,momentum,377.00000000000307,377.00000000000307,4.896103896103936,2.069116870521851,3.175305603405677,-239.00000000000153,0.45454545454545453,0.7792207792207793,77,60,0.5833333333333334,6.283333333333385,1.5324858757062163,24,36,0.7792207792207793,total_pnl_cents,2025-10,2025-12,2026-01,2026-01
a=5s | move=20c/60s | hold=10800s | vol>2x/300s | momentum,5,20.0,60,10800,300,2.0,momentum,373.99999999999704,373.99999999999704,4.857142857142819,2.2125981946683657,4.0736845122492396,-124.00000000000051,0.19480519480519481,0.4805194805194805,77,37,0.40540540540540543,10.10810810810803,1.7333333333333167,10,27,0.4805194805194805,total_pnl_cents,2025-10,2025-12,2026-01,2026-01
a=10s | move=20c/60s | hold=14400s | vol off | momentum,10,20.0,60,14400,300,0.0,momentum,372.9999999999993,372.9999999999993,4.844155844155836,2.2721942189669417,3.9032112375422865,-127.00000000000065,0.2597402597402597,0.4935064935064935,77,38,0.5263157894736842,9.815789473684193,1.7520161290322496,14,24,0.4935064935064935,total_pnl_cents,2025-10,2025-12,2026-01,2026-01
a=5s | move=10c/30s | hold=21600s | vol>2x/300s | momentum,5,10.0,30,21600,300,2.0,momentum,367.00000000000716,367.00000000000716,4.766233766233859,1.9866848107314248,3.061654493857906,-244.99999999999963,0.44155844155844154,0.7792207792207793,77,60,0.5666666666666667,6.116666666666786,1.5104311543810933,24,36,0.7792207792207793,total_pnl_cents,2025-10,2025-12,2026-01,2026-01
a=120s | move=20c/60s | hold=10800s | vol off | momentum,120,20.0,60,10800,300,0.0,momentum,363.99999999999517,363.99999999999517,4.7272727272726645,2.260105425382328,4.599915360998651,-130.00000000000077,0.2727272727272727,0.5324675324675324,77,41,0.5121951219512195,8.878048780487687,1.7711864406779467,14,27,0.5324675324675324,total_pnl_cents,2025-10,2025-12,2026-01,2026-01
a=5s | move=20c/60s | hold=14400s | vol off | momentum,5,20.0,60,14400,300,0.0,momentum,361.9999999999965,361.9999999999965,4.701298701298655,2.2141574636891046,3.843648599908901,-130.99999999999986,0.2597402597402597,0.4935064935064935,77,38,0.5263157894736842,9.52631578947359,1.7239999999999842,14,24,0.4935064935064935,total_pnl_cents,2025-10,2025-12,2026-01,2026-01
a=1s | move=10c/30s | hold=21600s | vol>2x/300s | momentum,1,10.0,30,21600,300,2.0,momentum,350.00000000000057,350.00000000000057,4.545454545454553,1.900119477538495,2.968656037317692,-243.00000000000003,0.4025974025974026,0.7792207792207793,77,60,0.5166666666666667,5.833333333333343,1.4768392370572205,24,36,0.7792207792207793,total_pnl_cents,2025-10,2025-12,2026-01,2026-01
a=120s | move=10c/30s | hold=21600s | vol>2x/300s | momentum,120,10.0,30,21600,300,2.0,momentum,345.9999999999935,345.9999999999935,4.493506493506409,1.8374328950228405,2.8252046765462753,-230.00000000000261,0.42857142857142855,0.7792207792207793,77,60,0.55,5.766666666666558,1.4453024453024332,24,36,0.7792207792207793,total_pnl_cents,2025-10,2025-12,2026-01,2026-01
a=120s | move=20c/60s | hold=10800s | vol>2x/300s | momentum,120,20.0,60,10800,300,2.0,momentum,337.99999999999494,337.99999999999494,4.389610389610324,2.107731808881228,4.424774967400461,-111.0000000000017,0.22077922077922077,0.4805194805194805,77,37,0.4594594594594595,9.135135135134997,1.725321888411998,10,27,0.4805194805194805,total_pnl_cents,2025-10,2025-12,2026-01,2026-01
a=120s | move=20c/60s | hold=14400s | vol off | momentum,120,20.0,60,14400,300,0.0,momentum,330.0000000000001,330.0000000000001,4.285714285714287,2.036272057081956,4.093017614243733,-112.00000000000009,0.24675324675324675,0.4935064935064935,77,38,0.5,8.684210526315793,1.6734693877550966,14,24,0.4935064935064935,total_pnl_cents,2025-10,2025-12,2026-01,2026-01
a=30s | move=20c/60s | hold=14400s | vol>2x/300s | momentum,30,20.0,60,14400,300,2.0,momentum,329.00000000000273,329.00000000000273,4.272727272727308,2.0428851255753817,4.093893888934175,-105.00000000000023,0.19480519480519481,0.44155844155844154,77,34,0.4411764705882353,9.676470588235375,1.6940928270042208,10,24,0.44155844155844154,total_pnl_cents,2025-10,2025-12,2026-01,2026-01
a=10s | move=20c/60s | hold=14400s | vol>2x/300s | momentum,10,20.0,60,14400,300,2.0,momentum,312.99999999999875,312.99999999999875,4.064935064935049,1.947964790127059,3.6204625737949416,-109.99999999999994,0.19480519480519481,0.44155844155844154,77,34,0.4411764705882353,9.20588235294114,1.6507276507276403,10,24,0.44155844155844154,total_pnl_cents,2025-10,2025-12,2026-01,2026-01
a=60s | move=20c/60s | hold=14400s | vol>2x/300s | momentum,60,20.0,60,14400,300,2.0,momentum,312.99999999999875,312.99999999999875,4.064935064935049,1.9344886501391563,3.9349491135509433,-118.99999999999886,0.19480519480519481,0.44155844155844154,77,34,0.4411764705882353,9.20588235294114,1.6480331262939873,10,24,0.44155844155844154,total_pnl_cents,2025-10,2025-12,2026-01,2026-01
a=1s | move=20c/60s | hold=14400s | vol>2x/300s | momentum,1,20.0,60,14400,300,2.0,momentum,287.9999999999974,287.9999999999974,3.7402597402597064,1.8196567191493345,3.3768826590642056,-107.00000000000125,0.19480519480519481,0.44155844155844154,77,34,0.4411764705882353,8.470588235294041,1.5950413223140372,10,24,0.44155844155844154,total_pnl_cents,2025-10,2025-12,2026-01,2026-01
a=30s | move=20c/120s | hold=21600s | vol off | momentum,30,20.0,120,21600,300,0.0,momentum,280.9999999999997,280.9999999999997,3.649350649350646,1.5027149167695841,2.177159608274556,-266.0000000000026,0.2597402597402597,0.5064935064935064,77,39,0.5128205128205128,7.205128205128198,1.4329738058551573,12,27,0.5064935064935064,total_pnl_cents,2025-10,2025-12,2026-01,2026-01
a=5s | move=20c/60s | hold=14400s | vol>2x/300s | momentum,5,20.0,60,14400,300,2.0,momentum,280.9999999999952,280.9999999999952,3.649350649350587,1.7639697535228605,3.3561535792980797,-115.00000000000108,0.19480519480519481,0.44155844155844154,77,34,0.4411764705882353,8.2647058823528,1.5734693877550836,10,24,0.44155844155844154,total_pnl_cents,2025-10,2025-12,2026-01,2026-01
a=120s | move=20c/60s | hold=14400s | vol>2x/300s | momentum,120,20.0,60,14400,300,2.0,momentum,279.9999999999983,279.9999999999983,3.636363636363614,1.763377560022392,3.9769632882143022,-115.00000000000091,0.18181818181818182,0.44155844155844154,77,34,0.4117647058823529,8.235294117647008,1.5957446808510551,10,24,0.44155844155844154,total_pnl_cents,2025-10,2025-12,2026-01,2026-01
a=60s | move=20c/120s | hold=21600s | vol off | momentum,60,20.0,120,21600,300,0.0,momentum,266.00000000000347,266.00000000000347,3.4545454545454994,1.422614957681483,2.0918930968871283,-255.99999999999767,0.2727272727272727,0.5064935064935064,77,39,0.5384615384615384,6.820512820512908,1.4111282843894937,12,27,0.5064935064935064,total_pnl_cents,2025-10,2025-12,2026-01,2026-01
a=30s | move=20c/60s | hold=21600s | vol off | momentum,30,20.0,60,21600,300,0.0,momentum,263.00000000000335,263.00000000000335,3.4155844155844592,1.7156405767317928,2.5587244735987786,-175.0000000000005,0.2077922077922078,0.38961038961038963,77,30,0.5333333333333333,8.766666666666778,1.6159250585480114,10,20,0.38961038961038963,total_pnl_cents,2025-10,2025-12,2026-01,2026-01
a=1s | move=20c/60s | hold=21600s | vol off | momentum,1,20.0,60,21600,300,0.0,momentum,255.99999999999983,255.99999999999983,3.3246753246753227,1.665068905326474,2.584251370610112,-184.00000000000085,0.22077922077922077,0.38961038961038963,77,30,0.5666666666666667,8.533333333333328,1.5727069351230363,10,20,0.38961038961038963,total_pnl_cents,2025-10,2025-12,2026-01,2026-01
a=60s | move=20c/120s | hold=10800s | vol off | momentum,60,20.0,120,10800,300,0.0,momentum,247.00000000000477,247.00000000000477,3.2077922077922696,1.1941308740655736,1.6073627948833682,-373.9999999999997,0.33766233766233766,0.6623376623376623,77,51,0.5098039215686274,4.843137254902055,1.2875436554132762,20,31,0.6623376623376623,total_pnl_cents,2025-10,2025-12,2026-01,2026-01
a=60s | move=20c/60s | hold=21600s | vol off | momentum,60,20.0,60,21600,300,0.0,momentum,245.99999999999966,245.99999999999966,3.1948051948051903,1.5527052214750765,2.3305285380608862,-188.99999999999915,0.2077922077922078,0.38961038961038963,77,30,0.5333333333333333,8.199999999999987,1.5290322580645144,10,20,0.38961038961038963,total_pnl_cents,2025-10,2025-12,2026-01,2026-01
a=10s | move=20c/120s | hold=21600s | vol off | momentum,10,20.0,120,21600,300,0.0,momentum,242.0000000000004,242.0000000000004,3.142857142857148,1.2654509116764896,1.8443895656515263,-312.000000000002,0.2597402597402597,0.5064935064935064,77,39,0.5128205128205128,6.205128205128217,1.3543191800878458,12,27,0.5064935064935064,total_pnl_cents,2025-10,2025-12,2026-01,2026-01
a=30s | move=20c/120s | hold=10800s | vol off | momentum,30,20.0,120,10800,300,0.0,momentum,237.99999999999878,237.99999999999878,3.090909090909075,1.1521395718619802,1.5487794884754809,-378.00000000000387,0.33766233766233766,0.6623376623376623,77,51,0.5098039215686274,4.666666666666643,1.2757821552723017,20,31,0.6623376623376623,total_pnl_cents,2025-10,2025-12,2026-01,2026-01
a=1s | move=20c/120s | hold=21600s | vol off | momentum,1,20.0,120,21600,300,0.0,momentum,236.000000000003,236.000000000003,3.064935064935104,1.2414795376579713,1.9067462679562808,-318.9999999999992,0.2727272727272727,0.5064935064935064,77,39,0.5384615384615384,6.051282051282128,1.3455344070278203,12,27,0.5064935064935064,total_pnl_cents,2025-10,2025-12,2026-01,2026-01
a=5s | move=20c/120s | hold=21600s | vol off | momentum,5,20.0,120,21600,300,0.0,momentum,225.00000000000023,225.00000000000023,2.922077922077925,1.1710269097247952,1.6129054432663181,-336.00000000000006,0.24675324675324675,0.5064935064935064,77,39,0.48717948717948717,5.769230769230775,1.32894736842105,12,27,0.5064935064935064,total_pnl_cents,2025-10,2025-12,2026-01,2026-01
a=120s | move=30c/1800s | hold=21600s | vol off | momentum,120,30.0,1800,21600,300,0.0,momentum,213.00000000000026,213.00000000000026,2.7662337662337695,1.0704618947965485,1.4160655452722004,-225.9999999999985,0.37662337662337664,0.7532467532467533,77,58,0.5,3.6724137931034533,1.2442660550458704,27,31,0.7532467532467533,total_pnl_cents,2025-10,2025-12,2026-01,2026-01
a=5s | move=20c/60s | hold=21600s | vol off | momentum,5,20.0,60,21600,300,0.0,momentum,204.99999999999787,204.99999999999787,2.6623376623376345,1.3429550986548633,1.8680870206345968,-188.00000000000148,0.19480519480519481,0.38961038961038963,77,30,0.5,6.833333333333262,1.4535398230088388,10,20,0.38961038961038963,total_pnl_cents,2025-10,2025-12,2026-01,2026-01
a=10s | move=20c/120s | hold=10800s | vol off | momentum,10,20.0,120,10800,300,0.0,momentum,201.0000000000011,201.0000000000011,2.6103896103896247,0.946526629390031,1.2746975338510982,-403.0000000000025,0.33766233766233766,0.6623376623376623,77,51,0.5098039215686274,3.9411764705882577,1.219193020719738,20,31,0.6623376623376623,total_pnl_cents,2025-10,2025-12,2026-01,2026-01
a=10s | move=20c/60s | hold=21600s | vol off | momentum,10,20.0,60,21600,300,0.0,momentum,200.000000000001,200.000000000001,2.5974025974026103,1.3128951477138975,1.9340952013217778,-183.00000000000176,0.2077922077922078,0.38961038961038963,77,30,0.5333333333333333,6.666666666666701,1.4357298474945517,10,20,0.38961038961038963,total_pnl_cents,2025-10,2025-12,2026-01,2026-01
a=1s | move=20c/120s | hold=21600s | vol off | momentum,1,20.0,120,21600,300,0.0,momentum,621.0000000000011,621.0000000000011,8.171052631578963,3.436786766829278,7.065177211622223,-93.00000000000034,0.27631578947368424,0.4868421052631579,76,37,0.5675675675675675,16.783783783783814,2.4081632653061162,12,25,0.4868421052631579,total_pnl_cents,2025-11,2026-01,2026-02,2026-02
a=5s | move=20c/120s | hold=21600s | vol off | momentum,5,20.0,120,21600,300,0.0,momentum,619.9999999999993,619.9999999999993,8.157894736842096,3.4818874308213688,6.943770676244322,-91.99999999999977,0.27631578947368424,0.4868421052631579,76,37,0.5675675675675675,16.756756756756737,2.4519906323184952,12,25,0.4868421052631579,total_pnl_cents,2025-11,2026-01,2026-02,2026-02
a=10s | move=20c/120s | hold=21600s | vol off | momentum,10,20.0,120,21600,300,0.0,momentum,605.0000000000002,605.0000000000002,7.960526315789477,3.394234826088485,6.710183816220746,-94.99999999999875,0.27631578947368424,0.4868421052631579,76,37,0.5675675675675675,16.35135135135135,2.3718820861677967,12,25,0.4868421052631579,total_pnl_cents,2025-11,2026-01,2026-02,2026-02
a=30s | move=20c/120s | hold=21600s | vol off | momentum,30,20.0,120,21600,300,0.0,momentum,598.0000000000002,598.0000000000002,7.868421052631582,3.482052353286059,6.454777547790463,-95.00000000000074,0.27631578947368424,0.4868421052631579,76,37,0.5675675675675675,16.16216216216217,2.3971962616822298,12,25,0.4868421052631579,total_pnl_cents,2025-11,2026-01,2026-02,2026-02
a=60s | move=20c/120s | hold=21600s | vol off | momentum,60,20.0,120,21600,300,0.0,momentum,590.000000000003,590.000000000003,7.763157894736881,3.4725295952964164,6.049432586286404,-98.99999999999778,0.27631578947368424,0.4868421052631579,76,37,0.5675675675675675,15.945945945946033,2.4320388349514563,12,25,0.4868421052631579,total_pnl_cents,2025-11,2026-01,2026-02,2026-02
a=1s | move=20c/120s | hold=10800s | vol off | momentum,1,20.0,120,10800,300,0.0,momentum,589.0000000000018,589.0000000000018,7.750000000000024,3.1127106594674747,6.925816945530871,-151.99999999999807,0.3157894736842105,0.618421052631579,76,47,0.5106382978723404,12.53191489361706,1.9484702093397743,17,30,0.618421052631579,total_pnl_cents,2025-11,2026-01,2026-02,2026-02
a=5s | move=20c/120s | hold=10800s | vol off | momentum,5,20.0,120,10800,300,0.0,momentum,586.9999999999999,586.9999999999999,7.723684210526314,3.151830416450941,6.951251306921752,-152.99999999999852,0.32894736842105265,0.618421052631579,76,47,0.5319148936170213,12.489361702127662,1.9718543046357622,17,30,0.618421052631579,total_pnl_cents,2025-11,2026-01,2026-02,2026-02
a=5s | move=20c/120s | hold=14400s | vol off | momentum,5,20.0,120,14400,300,0.0,momentum,577.999999999997,577.999999999997,7.605263157894698,3.2660682460964967,9.848953151409313,-110.00000000000063,0.3026315789473684,0.5789473684210527,76,44,0.5227272727272727,13.136363636363575,2.012259194395789,15,29,0.5789473684210527,total_pnl_cents,2025-11,2026-01,2026-02,2026-02
a=1s | move=20c/120s | hold=14400s | vol off | momentum,1,20.0,120,14400,300,0.0,momentum,577.0000000000008,577.0000000000008,7.592105263157905,3.2089723865646413,9.550069639496161,-111.99999999999932,0.3026315789473684,0.5789473684210527,76,44,0.5227272727272727,13.113636363636381,1.9880136986301358,15,29,0.5789473684210527,total_pnl_cents,2025-11,2026-01,2026-02,2026-02
a=30s | move=20c/60s | hold=14400s | vol off | momentum,30,20.0,60,14400,300,0.0,momentum,571.0000000000057,571.0000000000057,7.513157894736917,3.941031106389935,9.39848775425111,-79.9999999999992,0.27631578947368424,0.4605263157894737,76,35,0.6,16.314285714285877,2.8126984126984316,12,23,0.4605263157894737,total_pnl_cents,2025-11,2026-01,2026-02,2026-02
a=60s | move=20c/60s | hold=14400s | vol off | momentum,60,20.0,60,14400,300,0.0,momentum,570.0000000000016,570.0000000000016,7.500000000000021,3.9520630134997474,9.663910451417339,-75.00000000000023,0.2631578947368421,0.4605263157894737,76,35,0.5714285714285714,16.28571428571433,2.803797468354441,12,23,0.4605263157894737,total_pnl_cents,2025-11,2026-01,2026-02,2026-02
a=1s | move=20c/60s | hold=14400s | vol off | momentum,1,20.0,60,14400,300,0.0,momentum,566.0000000000002,566.0000000000002,7.4473684210526345,3.8053804607902806,10.682048495113728,-83.99999999999994,0.27631578947368424,0.4605263157894737,76,35,0.6,16.171428571428578,2.6696165191740278,12,23,0.4605263157894737,total_pnl_cents,2025-11,2026-01,2026-02,2026-02
a=10s | move=20c/120s | hold=14400s | vol off | momentum,10,20.0,120,14400,300,0.0,momentum,565.9999999999973,565.9999999999973,7.4473684210525954,3.1963487375757347,9.068329971262223,-112.99999999999926,0.3026315789473684,0.5789473684210527,76,44,0.5227272727272727,12.863636363636301,1.98093587521663,15,29,0.5789473684210527,total_pnl_cents,2025-11,2026-01,2026-02,2026-02
a=60s | move=20c/60s | hold=21600s | vol off | momentum,60,20.0,60,21600,300,0.0,momentum,561.9999999999993,561.9999999999993,7.394736842105254,3.9347257236173645,7.866643685060694,-99.00000000000011,0.23684210526315788,0.3815789473684211,76,29,0.6206896551724138,19.379310344827562,3.266129032258043,10,19,0.3815789473684211,total_pnl_cents,2025-11,2026-01,2026-02,2026-02
a=30s | move=20c/120s | hold=14400s | vol off | momentum,30,20.0,120,14400,300,0.0,momentum,559.0000000000031,559.0000000000031,7.355263157894777,3.2771994279022056,8.432789277089643,-111.00000000000028,0.3026315789473684,0.5789473684210527,76,44,0.5227272727272727,12.704545454545524,2.012681159420294,15,29,0.5789473684210527,total_pnl_cents,2025-11,2026-01,2026-02,2026-02
a=10s | move=20c/120s | hold=10800s | vol off | momentum,10,20.0,120,10800,300,0.0,momentum,557.9999999999993,557.9999999999993,7.342105263157886,2.9925356816911473,6.2373480977875255,-155.99999999999864,0.3157894736842105,0.618421052631579,76,47,0.5106382978723404,11.8723404255319,1.8956661316211856,17,30,0.618421052631579,total_pnl_cents,2025-11,2026-01,2026-02,2026-02
a=10s | move=20c/60s | hold=14400s | vol off | momentum,10,20.0,60,14400,300,0.0,momentum,551.0000000000003,551.0000000000003,7.250000000000004,3.743850886921195,10.402689085393703,-74.00000000000034,0.27631578947368424,0.4605263157894737,76,35,0.6,15.742857142857156,2.664652567975823,12,23,0.4605263157894737,total_pnl_cents,2025-11,2026-01,2026-02,2026-02
a=30s | move=20c/120s | hold=10800s | vol off | momentum,30,20.0,120,10800,300,0.0,momentum,548.9999999999991,548.9999999999991,7.2236842105263035,3.0526041392494543,6.002359407830254,-155.00000000000028,0.3157894736842105,0.618421052631579,76,47,0.5106382978723404,11.680851063829769,1.9384615384615347,17,30,0.618421052631579,total_pnl_cents,2025-11,2026-01,2026-02,2026-02
a=1s | move=20c/60s | hold=21600s | vol off | momentum,1,20.0,60,21600,300,0.0,momentum,548.9999999999984,548.9999999999984,7.223684210526295,3.7023946840825475,8.354060541055532,-112.00000000000037,0.23684210526315788,0.3815789473684211,76,29,0.6206896551724138,18.931034482758566,3.2408163265305814,10,19,0.3815789473684211,total_pnl_cents,2025-11,2026-01,2026-02,2026-02
a=5s | move=20c/60s | hold=14400s | vol off | momentum,5,20.0,60,14400,300,0.0,momentum,544.999999999998,544.999999999998,7.17105263157892,3.742833382208646,9.973934922439046,-73.99999999999983,0.2631578947368421,0.4605263157894737,76,35,0.5714285714285714,15.571428571428513,2.7192429022081797,12,23,0.4605263157894737,total_pnl_cents,2025-11,2026-01,2026-02,2026-02
a=30s | move=20c/60s | hold=21600s | vol off | momentum,30,20.0,60,21600,300,0.0,momentum,534.9999999999998,534.9999999999998,7.039473684210523,3.8057789941646853,9.177754815935536,-120.00000000000017,0.23684210526315788,0.3815789473684211,76,29,0.6206896551724138,18.448275862068957,3.1747967479674575,10,19,0.3815789473684211,total_pnl_cents,2025-11,2026-01,2026-02,2026-02
a=60s | move=20c/120s | hold=14400s | vol off | momentum,60,20.0,120,14400,300,0.0,momentum,532.0000000000041,532.0000000000041,7.000000000000054,3.145778501403684,7.337359020031712,-116.99999999999915,0.27631578947368424,0.5789473684210527,76,44,0.4772727272727273,12.090909090909184,1.996254681647949,15,29,0.5789473684210527,total_pnl_cents,2025-11,2026-01,2026-02,2026-02
a=1s | move=20c/60s | hold=10800s | vol off | momentum,1,20.0,60,10800,300,0.0,momentum,524.0000000000013,524.0000000000013,6.89473684210528,3.294927121124893,7.649359513065797,-100.99999999999801,0.2631578947368421,0.5,76,38,0.5263157894736842,13.789473684210556,2.357512953367872,12,26,0.5,total_pnl_cents,2025-11,2026-01,2026-02,2026-02
a=60s | move=20c/120s | hold=10800s | vol off | momentum,60,20.0,120,10800,300,0.0,momentum,520.0000000000041,520.0000000000041,6.842105263157949,2.9149033443863135,5.5332639082302375,-155.99999999999727,0.3157894736842105,0.618421052631579,76,47,0.5106382978723404,11.06382978723413,1.9059233449477446,17,30,0.618421052631579,total_pnl_cents,2025-11,2026-01,2026-02,2026-02
a=60s | move=20c/60s | hold=10800s | vol off | momentum,60,20.0,60,10800,300,0.0,momentum,517.0000000000005,517.0000000000005,6.802631578947374,3.3965558713031276,6.205821587325145,-89.99999999999909,0.2894736842105263,0.5,76,38,0.5789473684210527,13.605263157894749,2.4361111111111162,12,26,0.5,total_pnl_cents,2025-11,2026-01,2026-02,2026-02
a=5s | move=20c/60s | hold=21600s | vol off | momentum,5,20.0,60,21600,300,0.0,momentum,502.9999999999976,502.9999999999976,6.618421052631548,3.4677873211557704,9.19867034480552,-93.00000000000125,0.23684210526315788,0.3815789473684211,76,29,0.6206896551724138,17.344827586206815,2.9346153846153498,10,19,0.3815789473684211,total_pnl_cents,2025-11,2026-01,2026-02,2026-02
a=10s | move=20c/60s | hold=21600s | vol off | momentum,10,20.0,60,21600,300,0.0,momentum,492.99999999999676,492.99999999999676,6.486842105263115,3.4470740649571416,7.84162037844963,-120.00000000000088,0.2236842105263158,0.3815789473684211,76,29,0.5862068965517241,16.99999999999989,2.9182879377431536,10,19,0.3815789473684211,total_pnl_cents,2025-11,2026-01,2026-02,2026-02
a=30s | move=20c/60s | hold=10800s | vol off | momentum,30,20.0,60,10800,300,0.0,momentum,488.000000000002,488.000000000002,6.4210526315789735,3.178760230103091,6.354164842669192,-95.99999999999903,0.2894736842105263,0.5,76,38,0.5789473684210527,12.842105263157947,2.2978723404255312,12,26,0.5,total_pnl_cents,2025-11,2026-01,2026-02,2026-02
a=5s | move=20c/60s | hold=10800s | vol off | momentum,5,20.0,60,10800,300,0.0,momentum,485.99999999999955,485.99999999999955,6.3947368421052575,3.0752729356127784,7.051877898944491,-111.99999999999937,0.25,0.5,76,38,0.5,12.789473684210515,2.2180451127819425,12,26,0.5,total_pnl_cents,2025-11,2026-01,2026-02,2026-02
a=120s | move=20c/120s | hold=21600s | vol off | momentum,120,20.0,120,21600,300,0.0,momentum,485.0000000000005,485.0000000000005,6.3815789473684275,2.929163544967931,6.234943198913323,-102.00000000000006,0.2631578947368421,0.4868421052631579,76,37,0.5405405405405406,13.108108108108121,2.1714975845410565,12,25,0.4868421052631579,total_pnl_cents,2025-11,2026-01,2026-02,2026-02
a=10s | move=20c/60s | hold=10800s | vol off | momentum,10,20.0,60,10800,300,0.0,momentum,483.99999999999784,483.99999999999784,6.36842105263155,3.0758279433554034,6.816023661785507,-100.00000000000068,0.23684210526315788,0.5,76,38,0.47368421052631576,12.7368421052631,2.2039800995024703,12,26,0.5,total_pnl_cents,2025-11,2026-01,2026-02,2026-02
a=60s | move=20c/60s | hold=10800s | vol>2x/300s | momentum,60,20.0,60,10800,300,2.0,momentum,450.9999999999984,450.9999999999984,5.934210526315769,3.058599856653233,5.384119189217767,-164.99999999999875,0.23684210526315788,0.4342105263157895,76,33,0.5454545454545454,13.666666666666618,2.3962848297213575,9,24,0.4342105263157895,total_pnl_cents,2025-11,2026-01,2026-02,2026-02
a=30s | move=20c/60s | hold=14400s | vol>2x/300s | momentum,30,20.0,60,14400,300,2.0,momentum,440.00000000000085,440.00000000000085,5.789473684210537,3.098479222195369,5.406230541765958,-148.0000000000003,0.21052631578947367,0.39473684210526316,76,30,0.5333333333333333,14.666666666666694,2.370716510903413,9,21,0.39473684210526316,total_pnl_cents,2025-11,2026-01,2026-02,2026-02
a=1s | move=20c/60s | hold=10800s | vol>2x/300s | momentum,1,20.0,60,10800,300,2.0,momentum,437.0000000000005,437.0000000000005,5.750000000000007,2.801828385985646,6.134644539727731,-151.99999999999795,0.21052631578947367,0.4342105263157895,76,33,0.48484848484848486,13.242424242424258,2.1439790575916224,9,24,0.4342105263157895,total_pnl_cents,2025-11,2026-01,2026-02,2026-02
a=5s | move=20c/60s | hold=10800s | vol>2x/300s | momentum,5,20.0,60,10800,300,2.0,momentum,436.0000000000028,436.0000000000028,5.736842105263195,2.7739206888665557,6.367889856689954,-147.99999999999795,0.2236842105263158,0.4342105263157895,76,33,0.5151515151515151,13.212121212121298,2.115089514066497,9,24,0.4342105263157895,total_pnl_cents,2025-11,2026-01,2026-02,2026-02
a=10s | move=20c/60s | hold=10800s | vol>2x/300s | momentum,10,20.0,60,10800,300,2.0,momentum,434.0000000000011,434.0000000000011,5.710526315789488,2.827578611931181,5.575971904410849,-171.99999999999886,0.21052631578947367,0.4342105263157895,76,33,0.48484848484848486,13.151515151515184,2.163538873994639,9,24,0.4342105263157895,total_pnl_cents,2025-11,2026-01,2026-02,2026-02
a=30s | move=20c/60s | hold=10800s | vol>2x/300s | momentum,30,20.0,60,10800,300,2.0,momentum,434.0000000000004,434.0000000000004,5.710526315789479,2.996012732346539,5.848068242952622,-152.99999999999966,0.23684210526315788,0.4342105263157895,76,33,0.5454545454545454,13.151515151515163,2.3777777777777693,9,24,0.4342105263157895,total_pnl_cents,2025-11,2026-01,2026-02,2026-02
a=10s | move=30c/180s | hold=21600s | vol off | momentum,10,30.0,180,21600,300,0.0,momentum,433.000000000004,433.000000000004,5.697368421052684,3.437460363856246,5.215932146280833,-51.99999999999977,0.15789473684210525,0.23684210526315788,76,18,0.6666666666666666,24.055555555555777,4.049295774647902,9,9,0.23684210526315788,total_pnl_cents,2025-11,2026-01,2026-02,2026-02
a=120s | move=20c/180s | hold=21600s | vol off | momentum,120,20.0,180,21600,300,0.0,momentum,430.9999999999993,430.9999999999993,5.671052631578938,2.4179963757627996,3.7965543164578883,-158.99999999999943,0.32894736842105265,0.5789473684210527,76,44,0.5681818181818182,9.79545454545453,1.7836363636363546,17,27,0.5789473684210527,total_pnl_cents,2025-11,2026-01,2026-02,2026-02
a=30s | move=20c/180s | hold=21600s | vol off | momentum,30,20.0,180,21600,300,0.0,momentum,427.9999999999985,427.9999999999985,5.631578947368402,2.420818020017927,3.883074662889819,-138.0000000000001,0.32894736842105265,0.5789473684210527,76,44,0.5681818181818182,9.727272727272693,1.737931034482751,17,27,0.5789473684210527,total_pnl_cents,2025-11,2026-01,2026-02,2026-02
a=5s | move=30c/180s | hold=21600s | vol off | momentum,5,30.0,180,21600,300,0.0,momentum,424.0000000000029,424.0000000000029,5.57894736842109,3.365996214972397,4.900045629436085,-51.99999999999977,0.15789473684210525,0.23684210526315788,76,18,0.6666666666666666,23.555555555555717,4.117647058823543,9,9,0.23684210526315788,total_pnl_cents,2025-11,2026-01,2026-02,2026-02
a=10s | move=30c/600s | hold=21600s | vol off | momentum,10,30.0,600,21600,300,0.0,momentum,420.9999999999992,420.9999999999992,5.539473684210516,2.60687881779306,3.1440844930149656,-260.00000000000074,0.2894736842105263,0.4605263157894737,76,35,0.6285714285714286,12.028571428571405,1.9418344519015591,15,20,0.4605263157894737,total_pnl_cents,2025-11,2026-01,2026-02,2026-02
a=5s | move=20c/60s | hold=14400s | vol>2x/300s | momentum,5,20.0,60,14400,300,2.0,momentum,418.0000000000002,418.0000000000002,5.500000000000003,2.784938805146155,5.211115541881287,-167.00000000000077,0.19736842105263158,0.39473684210526316,76,30,0.5,13.933333333333342,2.114666666666656,9,21,0.39473684210526316,total_pnl_cents,2025-11,2026-01,2026-02,2026-02
a=60s | move=20c/60s | hold=14400s | vol>2x/300s | momentum,60,20.0,60,14400,300,2.0,momentum,417.9999999999981,417.9999999999981,5.499999999999975,2.87753877627266,4.704498936625343,-160.00000000000009,0.19736842105263158,0.39473684210526316,76,30,0.5,13.933333333333271,2.211594202898543,9,21,0.39473684210526316,total_pnl_cents,2025-11,2026-01,2026-02,2026-02
a=120s | move=20c/60s | hold=21600s | vol off | momentum,120,20.0,60,21600,300,0.0,momentum,416.99999999999767,416.99999999999767,5.486842105263127,2.9800903874918716,5.823615356791439,-119.00000000000034,0.2236842105263158,0.3815789473684211,76,29,0.5862068965517241,14.379310344827507,2.5559701492537026,10,19,0.3815789473684211,total_pnl_cents,2025-11,2026-01,2026-02,2026-02
a=30s | move=30c/300s | hold=21600s | vol off | momentum,30,30.0,300,21600,300,0.0,momentum,415.99999999999955,415.99999999999955,5.47368421052631,2.823374547052208,3.5740450744227226,-166.99999999999997,0.23684210526315788,0.34210526315789475,76,26,0.6923076923076923,15.999999999999984,2.308176100628919,12,14,0.34210526315789475,total_pnl_cents,2025-11,2026-01,2026-02,2026-02
a=10s | move=20c/60s | hold=14400s | vol>2x/300s | momentum,10,20.0,60,14400,300,2.0,momentum,415.0000000000023,415.0000000000023,5.460526315789504,2.808535037052993,4.8671356619366515,-180.00000000000026,0.21052631578947367,0.39473684210526316,76,30,0.5333333333333333,13.833333333333409,2.118598382749329,9,21,0.39473684210526316,total_pnl_cents,2025-11,2026-01,2026-02,2026-02
a=10s | move=30c/300s | hold=14400s | vol off | momentum,10,30.0,300,14400,300,0.0,momentum,415.000000000001,415.000000000001,5.460526315789487,2.8618255526232583,4.130600317951763,-103.99999999999969,0.2631578947368421,0.47368421052631576,76,36,0.5555555555555556,11.527777777777807,2.1007957559681616,14,22,0.47368421052631576,total_pnl_cents,2025-11,2026-01,2026-02,2026-02
a=1s | move=30c/180s | hold=21600s | vol off | momentum,1,30.0,180,21600,300,0.0,momentum,411.9999999999996,411.9999999999996,5.4210526315789425,3.2557795383711206,4.254702068207359,-61.000000000000114,0.15789473684210525,0.23684210526315788,76,18,0.6666666666666666,22.88888888888887,3.802721088435338,9,9,0.23684210526315788,total_pnl_cents,2025-11,2026-01,2026-02,2026-02
a=5s | move=30c/600s | hold=21600s | vol off | momentum,5,30.0,600,21600,300,0.0,momentum,411.9999999999996,411.9999999999996,5.4210526315789425,2.570535700738767,3.0692598879269926,-254.99999999999966,0.2894736842105263,0.4605263157894737,76,35,0.6285714285714286,11.77142857142856,1.927927927927927,15,20,0.4605263157894737,total_pnl_cents,2025-11,2026-01,2026-02,2026-02
a=120s | move=20c/900s | hold=21600s | vol>2x/300s | momentum,120,20.0,900,21600,300,2.0,momentum,520.0000000000032,520.0000000000032,6.933333333333376,2.160176578617338,3.6076454870043553,-336.9999999999984,0.4,0.7466666666666667,75,56,0.5357142857142857,9.285714285714345,1.513326752221128,33,23,0.7466666666666667,total_pnl_cents,2025-12,2026-02,2026-03,2026-03
a=120s | move=50c/1800s | hold=14400s | vol off | momentum,120,50.0,1800,14400,300,0.0,momentum,489.0000000000042,489.0000000000042,6.520000000000056,2.582307833135177,3.7805008562476194,-161.99999999999858,0.32,0.5733333333333334,75,43,0.5581395348837209,11.372093023255912,1.7593167701863377,25,18,0.5733333333333334,total_pnl_cents,2025-12,2026-02,2026-03,2026-03
a=60s | move=20c/900s | hold=21600s | vol>2x/300s | momentum,60,20.0,900,21600,300,2.0,momentum,472.9999999999956,472.9999999999956,6.306666666666608,1.9811499104222392,3.3876188876268416,-333.9999999999998,0.38666666666666666,0.7466666666666667,75,56,0.5178571428571429,8.446428571428493,1.4655511811023567,33,23,0.7466666666666667,total_pnl_cents,2025-12,2026-02,2026-03,2026-03
a=30s | move=20c/900s | hold=21600s | vol>2x/300s | momentum,30,20.0,900,21600,300,2.0,momentum,463.99999999999807,463.99999999999807,6.186666666666641,1.9371317442991103,3.3391455146887843,-337.99999999999966,0.38666666666666666,0.7466666666666667,75,56,0.5178571428571429,8.285714285714253,1.4540117416829714,33,23,0.7466666666666667,total_pnl_cents,2025-12,2026-02,2026-03,2026-03
a=10s | move=20c/900s | hold=21600s | vol>2x/300s | momentum,10,20.0,900,21600,300,2.0,momentum,450.00000000000523,450.00000000000523,6.00000000000007,1.8781279080083453,3.3259054013024096,-337.99999999999613,0.38666666666666666,0.7466666666666667,75,56,0.5178571428571429,8.035714285714379,1.436893203883501,33,23,0.7466666666666667,total_pnl_cents,2025-12,2026-02,2026-03,2026-03
a=10s | move=50c/1800s | hold=14400s | vol off | momentum,10,50.0,1800,14400,300,0.0,momentum,445.99999999999926,445.99999999999926,5.9466666666666566,2.2197807846508586,3.403363508434493,-177.99999999999903,0.32,0.5733333333333334,75,43,0.5581395348837209,10.372093023255799,1.6151724137930978,25,18,0.5733333333333334,total_pnl_cents,2025-12,2026-02,2026-03,2026-03
a=60s | move=50c/1800s | hold=14400s | vol off | momentum,60,50.0,1800,14400,300,0.0,momentum,442.00000000000074,442.00000000000074,5.893333333333343,2.2752500572342824,3.3426274287839544,-178.00000000000063,0.32,0.5733333333333334,75,43,0.5581395348837209,10.279069767441877,1.6461988304093549,25,18,0.5733333333333334,total_pnl_cents,2025-12,2026-02,2026-03,2026-03
a=30s | move=50c/1800s | hold=14400s | vol off | momentum,30,50.0,1800,14400,300,0.0,momentum,439.00000000000347,439.00000000000347,5.85333333333338,2.2116118963193507,3.349718345090234,-178.99999999999972,0.32,0.5733333333333334,75,43,0.5581395348837209,10.209302325581476,1.613986013986017,25,18,0.5733333333333334,total_pnl_cents,2025-12,2026-02,2026-03,2026-03
a=5s | move=20c/900s | hold=21600s | vol>2x/300s | momentum,5,20.0,900,21600,300,2.0,momentum,427.0000000000041,427.0000000000041,5.6933333333333875,1.7951611042156512,3.124790943396962,-342.99999999999795,0.38666666666666666,0.7466666666666667,75,56,0.5178571428571429,7.625000000000073,1.4121621621621658,33,23,0.7466666666666667,total_pnl_cents,2025-12,2026-02,2026-03,2026-03
a=120s | move=30c/120s | hold=21600s | vol off | momentum,120,30.0,120,21600,300,0.0,momentum,425.999999999999,425.999999999999,5.679999999999986,2.3808971604882525,3.457500238018283,-105.99999999999861,0.21333333333333335,0.3466666666666667,75,26,0.6153846153846154,16.384615384615344,2.0895140664961542,9,17,0.3466666666666667,total_pnl_cents,2025-12,2026-02,2026-03,2026-03
a=60s | move=30c/120s | hold=21600s | vol off | momentum,60,30.0,120,21600,300,0.0,momentum,425.0000000000006,425.0000000000006,5.666666666666675,2.2521945129417977,3.0512136637198886,-125.00000000000131,0.18666666666666668,0.3466666666666667,75,26,0.5384615384615384,16.34615384615387,1.9976525821596187,9,17,0.3466666666666667,total_pnl_cents,2025-12,2026-02,2026-03,2026-03
a=1s | move=20c/900s | hold=21600s | vol>2x/300s | momentum,1,20.0,900,21600,300,2.0,momentum,421.0000000000024,421.0000000000024,5.613333333333365,1.7600001270321968,3.043396351530713,-341.99999999999886,0.38666666666666666,0.7466666666666667,75,56,0.5178571428571429,7.517857142857186,1.3982970671712416,33,23,0.7466666666666667,total_pnl_cents,2025-12,2026-02,2026-03,2026-03
a=10s | move=30c/120s | hold=21600s | vol off | momentum,10,30.0,120,21600,300,0.0,momentum,408.99999999999886,408.99999999999886,5.453333333333318,2.1679393747704165,3.118094656310731,-138.99999999999852,0.17333333333333334,0.3466666666666667,75,26,0.5,15.730769230769186,1.9784688995215176,9,17,0.3466666666666667,total_pnl_cents,2025-12,2026-02,2026-03,2026-03
a=10s | move=10c/60s | hold=21600s | vol>2x/300s | momentum,10,10.0,60,21600,300,2.0,momentum,398.0000000000073,398.0000000000073,5.3066666666667635,1.9250040271009623,2.7804357843398773,-216.9999999999999,0.4533333333333333,0.8133333333333334,75,61,0.5573770491803278,6.524590163934545,1.4721233689205304,28,33,0.8133333333333334,total_pnl_cents,2025-12,2026-02,2026-03,2026-03
a=120s | move=75c/1800s | hold=21600s | vol off | momentum,120,75.0,1800,21600,300,0.0,momentum,394.0000000000016,394.0000000000016,5.253333333333354,2.888773272125896,2.381392394449321,-79.0,0.12,0.16,75,12,0.75,32.833333333333464,3.9402985074626717,5,7,0.16,total_pnl_cents,2025-12,2026-02,2026-03,2026-03
a=1s | move=50c/1800s | hold=14400s | vol off | momentum,1,50.0,1800,14400,300,0.0,momentum,392.99999999999915,392.99999999999915,5.239999999999989,1.9506106009578084,2.6858957522675735,-201.00000000000153,0.32,0.5733333333333334,75,43,0.5581395348837209,9.139534883720911,1.53615279672578,25,18,0.5733333333333334,total_pnl_cents,2025-12,2026-02,2026-03,2026-03
a=30s | move=10c/60s | hold=21600s | vol>2x/300s | momentum,30,10.0,60,21600,300,2.0,momentum,392.9999999999976,392.9999999999976,5.239999999999968,1.9209764122827058,2.7300310711628732,-223.00000000000085,0.4533333333333333,0.8133333333333334,75,61,0.5573770491803278,6.442622950819633,1.459649122807012,28,33,0.8133333333333334,total_pnl_cents,2025-12,2026-02,2026-03,2026-03
a=5s | move=50c/1800s | hold=14400s | vol off | momentum,5,50.0,1800,14400,300,0.0,momentum,391.99999999999864,391.99999999999864,5.226666666666649,1.9561746291933084,2.838083737583188,-204.00000000000023,0.32,0.5733333333333334,75,43,0.5581395348837209,9.11627906976741,1.533333333333328,25,18,0.5733333333333334,total_pnl_cents,2025-12,2026-02,2026-03,2026-03
a=60s | move=10c/60s | hold=21600s | vol>2x/300s | momentum,60,10.0,60,21600,300,2.0,momentum,380.99999999999574,380.99999999999574,5.079999999999943,1.9024085627027472,2.7158699206015826,-227.99999999999915,0.4533333333333333,0.8133333333333334,75,61,0.5573770491803278,6.245901639344193,1.4508875739644869,28,33,0.8133333333333334,total_pnl_cents,2025-12,2026-02,2026-03,2026-03
a=120s | move=10c/60s | hold=21600s | vol>2x/300s | momentum,120,10.0,60,21600,300,2.0,momentum,379.99999999999665,379.99999999999665,5.066666666666622,1.8145427832500363,2.3977627134389046,-263.00000000000136,0.4533333333333333,0.8133333333333334,75,61,0.5573770491803278,6.229508196721256,1.4284103720405794,28,33,0.8133333333333334,total_pnl_cents,2025-12,2026-02,2026-03,2026-03
a=5s | move=10c/60s | hold=21600s | vol>2x/300s | momentum,5,10.0,60,21600,300,2.0,momentum,376.00000000000665,376.00000000000665,5.013333333333422,1.7758829214016487,2.669017476869534,-222.99999999999937,0.44,0.8133333333333334,75,61,0.5409836065573771,6.163934426229617,1.4292237442922444,28,33,0.8133333333333334,total_pnl_cents,2025-12,2026-02,2026-03,2026-03
a=60s | move=75c/1800s | hold=21600s | vol off | momentum,60,75.0,1800,21600,300,0.0,momentum,376.0000000000009,376.0000000000009,5.013333333333345,2.733128921453874,2.7453710925012027,-82.9999999999992,0.12,0.16,75,12,0.75,31.33333333333341,3.4736842105263124,5,7,0.16,total_pnl_cents,2025-12,2026-02,2026-03,2026-03
a=10s | move=75c/1800s | hold=21600s | vol off | momentum,10,75.0,1800,21600,300,0.0,momentum,369.99999999999994,369.99999999999994,4.933333333333333,2.7394002239832895,2.0738673212621364,-89.99999999999994,0.10666666666666667,0.16,75,12,0.6666666666666666,30.833333333333332,3.3124999999999725,5,7,0.16,total_pnl_cents,2025-12,2026-02,2026-03,2026-03
a=30s | move=75c/1800s | hold=21600s | vol off | momentum,30,75.0,1800,21600,300,0.0,momentum,369.99999999999784,369.99999999999784,4.933333333333304,2.738721046931737,2.239378491047205,-83.00000000000063,0.10666666666666667,0.16,75,12,0.6666666666666666,30.833333333333155,3.2839506172839057,5,7,0.16,total_pnl_cents,2025-12,2026-02,2026-03,2026-03
a=60s | move=30c/60s | hold=21600s | vol off | momentum,60,30.0,60,21600,300,0.0,momentum,368.0000000000033,368.0000000000033,4.906666666666711,2.162663275448408,2.387118216891042,-109.99999999999915,0.14666666666666667,0.25333333333333335,75,19,0.5789473684210527,19.368421052631756,2.1464174454828693,6,13,0.25333333333333335,total_pnl_cents,2025-12,2026-02,2026-03,2026-03
a=1s | move=10c/60s | hold=21600s | vol>2x/300s | momentum,1,10.0,60,21600,300,2.0,momentum,364.00000000000193,364.00000000000193,4.853333333333359,1.735131899349116,2.593920153695159,-224.0000000000013,0.44,0.8133333333333334,75,61,0.5409836065573771,5.967213114754131,1.417431192660551,28,33,0.8133333333333334,total_pnl_cents,2025-12,2026-02,2026-03,2026-03
a=1s | move=75c/1800s | hold=21600s | vol off | momentum,1,75.0,1800,21600,300,0.0,momentum,354.00000000000387,354.00000000000387,4.720000000000051,2.716388593040573,1.7947499817555819,-97.99999999999977,0.10666666666666667,0.16,75,12,0.6666666666666666,29.500000000000323,3.2264150943396377,5,7,0.16,total_pnl_cents,2025-12,2026-02,2026-03,2026-03
a=30s | move=30c/120s | hold=21600s | vol off | momentum,30,30.0,120,21600,300,0.0,momentum,352.00000000000165,352.00000000000165,4.693333333333356,1.9041530125415125,2.67209953168481,-139.99999999999903,0.18666666666666668,0.3466666666666667,75,26,0.5384615384615384,13.538461538461604,1.7685589519650664,9,17,0.3466666666666667,total_pnl_cents,2025-12,2026-02,2026-03,2026-03
a=1s | move=30c/120s | hold=21600s | vol off | momentum,1,30.0,120,21600,300,0.0,momentum,347.00000000000193,347.00000000000193,4.626666666666693,1.8347917296730833,2.711745351050904,-174.99999999999847,0.16,0.3466666666666667,75,26,0.46153846153846156,13.346153846153921,1.7462365591397866,9,17,0.3466666666666667,total_pnl_cents,2025-12,2026-02,2026-03,2026-03
a=5s | move=30c/120s | hold=21600s | vol off | momentum,5,30.0,120,21600,300,0.0,momentum,343.0000000000013,343.0000000000013,4.573333333333351,1.8196145018457945,2.567967750440891,-168.99999999999966,0.16,0.3466666666666667,75,26,0.46153846153846156,13.192307692307743,1.737634408602149,9,17,0.3466666666666667,total_pnl_cents,2025-12,2026-02,2026-03,2026-03
a=5s | move=75c/1800s | hold=21600s | vol off | momentum,5,75.0,1800,21600,300,0.0,momentum,336.00000000000034,336.00000000000034,4.480000000000005,2.5924973737277477,1.9296939157554265,-88.99999999999943,0.10666666666666667,0.16,75,12,0.6666666666666666,28.00000000000003,3.0363636363636264,5,7,0.16,total_pnl_cents,2025-12,2026-02,2026-03,2026-03
a=120s | move=30c/60s | hold=21600s | vol off | momentum,120,30.0,60,21600,300,0.0,momentum,334.99999999999716,334.99999999999716,4.466666666666629,2.0474756963727114,2.1796278438753123,-90.99999999999983,0.16,0.25333333333333335,75,19,0.631578947368421,17.631578947368265,2.151202749140872,6,13,0.25333333333333335,total_pnl_cents,2025-12,2026-02,2026-03,2026-03
a=120s | move=30c/60s | hold=21600s | vol>2x/300s | momentum,120,30.0,60,21600,300,2.0,momentum,334.9999999999946,334.9999999999946,4.466666666666595,2.1023941080946535,1.9937600316696233,-84.00000000000114,0.13333333333333333,0.2,75,15,0.6666666666666666,22.333333333332973,2.2271062271061886,5,10,0.2,total_pnl_cents,2025-12,2026-02,2026-03,2026-03
a=60s | move=30c/60s | hold=21600s | vol>2x/300s | momentum,60,30.0,60,21600,300,2.0,momentum,325.0000000000037,325.0000000000037,4.333333333333383,2.0007009844474406,1.7576243504638065,-109.99999999999915,0.12,0.2,75,15,0.6,21.666666666666913,2.1245674740484515,5,10,0.2,total_pnl_cents,2025-12,2026-02,2026-03,2026-03
a=60s | move=30c/300s | hold=21600s | vol off | momentum,60,30.0,300,21600,300,0.0,momentum,312.99999999999835,312.99999999999835,4.173333333333312,1.3789926461285533,1.3213553546461856,-347.000000000001,0.32,0.52,75,39,0.6153846153846154,8.025641025640983,1.4151193633952193,17,22,0.52,total_pnl_cents,2025-12,2026-02,2026-03,2026-03
a=30s | move=30c/60s | hold=21600s | vol off | momentum,30,30.0,60,21600,300,0.0,momentum,310.0000000000006,310.0000000000006,4.133333333333342,1.815875381271781,2.187697068046253,-118.0000000000004,0.14666666666666667,0.25333333333333335,75,19,0.5789473684210527,16.315789473684248,1.878186968838521,6,13,0.25333333333333335,total_pnl_cents,2025-12,2026-02,2026-03,2026-03
a=10s | move=30c/60s | hold=21600s | vol>2x/300s | momentum,10,30.0,60,21600,300,2.0,momentum,301.0000000000042,301.0000000000042,4.01333333333339,1.7654390000335853,1.680287487823318,-129.99999999999943,0.10666666666666667,0.2,75,15,0.5333333333333333,20.066666666666947,1.990131578947376,5,10,0.2,total_pnl_cents,2025-12,2026-02,2026-03,2026-03
a=10s | move=30c/60s | hold=21600s | vol off | momentum,10,30.0,60,21600,300,0.0,momentum,300.9999999999996,300.9999999999996,4.013333333333328,1.8534196853154856,2.0722023389912616,-129.00000000000034,0.13333333333333333,0.25333333333333335,75,19,0.5263157894736842,15.842105263157874,1.9465408805031286,6,13,0.25333333333333335,total_pnl_cents,2025-12,2026-02,2026-03,2026-03
a=60s | move=30c/300s | hold=14400s | vol off | momentum,60,30.0,300,14400,300,0.0,momentum,300.0000000000038,300.0000000000038,4.000000000000051,1.3222476253821693,1.2686159655218607,-316.99999999999784,0.30666666666666664,0.6266666666666667,75,47,0.48936170212765956,6.382978723404335,1.3851091142490408,19,28,0.6266666666666667,total_pnl_cents,2025-12,2026-02,2026-03,2026-03
a=30s | move=30c/60s | hold=21600s | vol>2x/300s | momentum,30,30.0,60,21600,300,2.0,momentum,298.9999999999989,298.9999999999989,3.986666666666652,1.8367822633960638,1.7673207405605265,-118.0000000000004,0.12,0.2,75,15,0.6,19.933333333333263,2.006734006733995,5,10,0.2,total_pnl_cents,2025-12,2026-02,2026-03,2026-03
a=1s | move=30c/60s | hold=21600s | vol off | momentum,1,30.0,60,21600,300,0.0,momentum,295.9999999999999,295.9999999999999,3.946666666666665,1.7467596544717672,2.1671677308588695,-153.00000000000125,0.13333333333333333,0.25333333333333335,75,19,0.5263157894736842,15.578947368421046,1.850574712643673,6,13,0.25333333333333335,total_pnl_cents,2025-12,2026-02,2026-03,2026-03
a=5s | move=30c/300s | hold=14400s | vol off | momentum,5,30.0,300,14400,300,0.0,momentum,289.9999999999973,289.9999999999973,3.866666666666631,1.2757727988562004,1.161378767115701,-325.0000000000005,0.32,0.6266666666666667,75,47,0.5106382978723404,6.170212765957388,1.3717948717948656,19,28,0.6266666666666667,total_pnl_cents,2025-12,2026-02,2026-03,2026-03
a=5s | move=30c/300s | hold=21600s | vol off | momentum,5,30.0,300,21600,300,0.0,momentum,288.99999999999744,288.99999999999744,3.8533333333332993,1.2605413927589373,1.1466071173261108,-360.99999999999824,0.30666666666666664,0.52,75,39,0.5897435897435898,7.410256410256343,1.3758127438231422,17,22,0.52,total_pnl_cents,2025-12,2026-02,2026-03,2026-03
a=10s | move=30c/300s | hold=14400s | vol off | momentum,10,30.0,300,14400,300,0.0,momentum,287.0000000000028,287.0000000000028,3.826666666666704,1.2808601594909608,1.1566549081426576,-321.999999999999,0.30666666666666664,0.6266666666666667,75,47,0.48936170212765956,6.106382978723465,1.3786279683377327,19,28,0.6266666666666667,total_pnl_cents,2025-12,2026-02,2026-03,2026-03
a=10s | move=30c/300s | hold=21600s | vol off | momentum,10,30.0,300,21600,300,0.0,momentum,279.999999999995,279.999999999995,3.733333333333267,1.2460168904862712,1.1337006906511695,-357.9999999999981,0.30666666666666664,0.52,75,39,0.5897435897435898,7.179487179487051,1.370370370370362,17,22,0.52,total_pnl_cents,2025-12,2026-02,2026-03,2026-03
a=5s | move=30c/60s | hold=21600s | vol off | momentum,5,30.0,60,21600,300,0.0,momentum,276.99999999999943,276.99999999999943,3.693333333333326,1.6705749153311862,1.8555597704498707,-154.00000000000176,0.13333333333333333,0.25333333333333335,75,19,0.5263157894736842,14.57894736842102,1.7914285714285596,6,13,0.25333333333333335,total_pnl_cents,2025-12,2026-02,2026-03,2026-03
a=120s | move=30c/300s | hold=21600s | vol off | momentum,120,30.0,300,21600,300,0.0,momentum,275.9999999999943,275.9999999999943,3.679999999999924,1.239878444719766,1.2294900408516103,-321.0000000000005,0.29333333333333333,0.52,75,39,0.5641025641025641,7.076923076922933,1.3714670255719943,17,22,0.52,total_pnl_cents,2025-12,2026-02,2026-03,2026-03
a=5s | move=30c/60s | hold=21600s | vol>2x/300s | momentum,5,30.0,60,21600,300,2.0,momentum,266.0000000000041,266.0000000000041,3.546666666666721,1.5327909987220827,1.4840544324688578,-157.00000000000045,0.09333333333333334,0.2,75,15,0.4666666666666667,17.7333333333336,1.7710144927536324,5,10,0.2,total_pnl_cents,2025-12,2026-02,2026-03,2026-03
a=1s | move=30c/60s | hold=21600s | vol>2x/300s | momentum,1,30.0,60,21600,300,2.0,momentum,266.00000000000193,266.00000000000193,3.5466666666666926,1.5517916977763297,1.5892853148526644,-155.00000000000085,0.09333333333333334,0.2,75,15,0.4666666666666667,17.733333333333462,1.7893175074184036,5,10,0.2,total_pnl_cents,2025-12,2026-02,2026-03,2026-03
a=30s | move=30c/300s | hold=21600s | vol off | momentum,30,30.0,300,21600,300,0.0,momentum,257.9999999999972,257.9999999999972,3.4399999999999626,1.1499999687319753,1.0707193369760233,-380.00000000000085,0.29333333333333333,0.52,75,39,0.5641025641025641,6.615384615384542,1.3286624203821595,17,22,0.52,total_pnl_cents,2025-12,2026-02,2026-03,2026-03
