date,source_type,source_file,selected_symbol,selection_rule,raw_rows,selected_rows,seconds,first_time,last_time,total_volume,file,first_price,last_price
2025-01-01,parquet_front_bid_ask,D:\Energin Raw Data\brent_local_2025_01\parquet\brent_1s_bars\year=2025\month=01\day=01\WATCHLIST_V4672876FTPH1_756_20250101.parquet,F:BRN\H25,nearest_unexpired,285,4,0,,,0.0,,,
2025-01-02,parquet_front_bid_ask,D:\Energin Raw Data\brent_local_2025_01\parquet\brent_1s_bars\year=2025\month=01\day=02\WATCHLIST_V4672876FTPH1_756_20250102.parquet,F:BRN\H25,nearest_unexpired,886010,53495,79201,2025-01-02 01:00:00,2025-01-02 23:00:00,216897.0,,,
2025-01-03,parquet_front_bid_ask,D:\Energin Raw Data\brent_local_2025_01\parquet\brent_1s_bars\year=2025\month=01\day=03\WATCHLIST_V4672876FTPH1_756_20250103.parquet,F:BRN\H25,nearest_unexpired,845542,52489,79201,2025-01-03 01:00:00,2025-01-03 23:00:00,166545.0,,,
2025-01-04,parquet_front_bid_ask,D:\Energin Raw Data\brent_local_2025_01\parquet\brent_1s_bars\year=2025\month=01\day=04\WATCHLIST_V4672876FTPH1_756_20250104.parquet,F:BRN\H25,nearest_unexpired,340,4,0,,,0.0,,,
2025-01-06,parquet_front_bid_ask,D:\Energin Raw Data\brent_local_2025_01\parquet\brent_1s_bars\year=2025\month=01\day=06\WATCHLIST_V4672876FTPH1_756_20250106.parquet,F:BRN\H25,nearest_unexpired,953530,56629,86401,2025-01-05 23:00:00,2025-01-06 23:00:00,217449.0,,,
2025-01-07,parquet_front_bid_ask,D:\Energin Raw Data\brent_local_2025_01\parquet\brent_1s_bars\year=2025\month=01\day=07\WATCHLIST_V4672876FTPH1_756_20250107.parquet,F:BRN\H25,nearest_unexpired,910807,55131,79201,2025-01-07 01:00:00,2025-01-07 23:00:00,202382.0,,,
2025-01-08,parquet_front_bid_ask,D:\Energin Raw Data\brent_local_2025_01\parquet\brent_1s_bars\year=2025\month=01\day=08\WATCHLIST_V4672876FTPH1_756_20250108.parquet,F:BRN\H25,nearest_unexpired,921855,55576,79201,2025-01-08 01:00:00,2025-01-08 23:00:00,233646.0,,,
2025-01-09,parquet_front_bid_ask,D:\Energin Raw Data\brent_local_2025_01\parquet\brent_1s_bars\year=2025\month=01\day=09\WATCHLIST_V4672876FTPH1_756_20250109.parquet,F:BRN\H25,nearest_unexpired,846087,51495,79201,2025-01-09 01:00:00,2025-01-09 23:00:00,148224.0,,,
2025-01-10,parquet_front_bid_ask,D:\Energin Raw Data\brent_local_2025_01\parquet\brent_1s_bars\year=2025\month=01\day=10\WATCHLIST_V4672876FTPH1_756_20250110.parquet,F:BRN\H25,nearest_unexpired,998741,58057,79201,2025-01-10 01:00:00,2025-01-10 23:00:00,417550.0,,,
2025-01-11,parquet_front_bid_ask,D:\Energin Raw Data\brent_local_2025_01\parquet\brent_1s_bars\year=2025\month=01\day=11\WATCHLIST_V4672876FTPH1_756_20250111.parquet,F:BRN\H25,nearest_unexpired,340,4,0,,,0.0,,,
2025-01-13,parquet_front_bid_ask,D:\Energin Raw Data\brent_local_2025_01\parquet\brent_1s_bars\year=2025\month=01\day=13\WATCHLIST_V4672876FTPH1_756_20250113.parquet,F:BRN\H25,nearest_unexpired,1129743,65509,86401,2025-01-12 23:00:00,2025-01-13 23:00:00,311830.0,,,
2025-01-14,parquet_front_bid_ask,D:\Energin Raw Data\brent_local_2025_01\parquet\brent_1s_bars\year=2025\month=01\day=14\WATCHLIST_V4672876FTPH1_756_20250114.parquet,F:BRN\H25,nearest_unexpired,1006357,59490,79201,2025-01-14 01:00:00,2025-01-14 23:00:00,241405.0,,,
2025-01-15,parquet_front_bid_ask,D:\Energin Raw Data\brent_local_2025_01\parquet\brent_1s_bars\year=2025\month=01\day=15\WATCHLIST_V4672876FTPH1_756_20250115.parquet,F:BRN\H25,nearest_unexpired,1015083,58651,79201,2025-01-15 01:00:00,2025-01-15 23:00:00,271984.0,,,
2025-01-16,parquet_front_bid_ask,D:\Energin Raw Data\brent_local_2025_01\parquet\brent_1s_bars\year=2025\month=01\day=16\WATCHLIST_V4672876FTPH1_756_20250116.parquet,F:BRN\H25,nearest_unexpired,1015342,59514,79201,2025-01-16 01:00:00,2025-01-16 23:00:00,273661.0,,,
2025-01-17,parquet_front_bid_ask,D:\Energin Raw Data\brent_local_2025_01\parquet\brent_1s_bars\year=2025\month=01\day=17\WATCHLIST_V4672876FTPH1_756_20250117.parquet,F:BRN\H25,nearest_unexpired,947405,55802,79201,2025-01-17 01:00:00,2025-01-17 23:00:00,173231.0,,,
2025-01-18,parquet_front_bid_ask,D:\Energin Raw Data\brent_local_2025_01\parquet\brent_1s_bars\year=2025\month=01\day=18\WATCHLIST_V4672876FTPH1_756_20250118.parquet,F:BRN\H25,nearest_unexpired,340,4,0,,,0.0,,,
2025-01-20,parquet_front_bid_ask,D:\Energin Raw Data\brent_local_2025_01\parquet\brent_1s_bars\year=2025\month=01\day=20\WATCHLIST_V4672876FTPH1_756_20250120.parquet,F:BRN\H25,nearest_unexpired,801811,48007,86401,2025-01-19 23:00:00,2025-01-20 23:00:00,152621.0,,,
2025-01-21,parquet_front_bid_ask,D:\Energin Raw Data\brent_local_2025_01\parquet\brent_1s_bars\year=2025\month=01\day=21\WATCHLIST_V4672876FTPH1_756_20250121.parquet,F:BRN\H25,nearest_unexpired,970510,57712,79201,2025-01-21 01:00:00,2025-01-21 23:00:00,198194.0,,,
2025-01-22,parquet_front_bid_ask,D:\Energin Raw Data\brent_local_2025_01\parquet\brent_1s_bars\year=2025\month=01\day=22\WATCHLIST_V4672876FTPH1_756_20250122.parquet,F:BRN\H25,nearest_unexpired,893189,54217,79201,2025-01-22 01:00:00,2025-01-22 23:00:00,158994.0,,,
2025-01-23,parquet_front_bid_ask,D:\Energin Raw Data\brent_local_2025_01\parquet\brent_1s_bars\year=2025\month=01\day=23\WATCHLIST_V4672876FTPH1_756_20250123.parquet,F:BRN\H25,nearest_unexpired,892293,54055,79201,2025-01-23 01:00:00,2025-01-23 23:00:00,175362.0,,,
2025-01-24,parquet_front_bid_ask,D:\Energin Raw Data\brent_local_2025_01\parquet\brent_1s_bars\year=2025\month=01\day=24\WATCHLIST_V4672876FTPH1_756_20250124.parquet,F:BRN\H25,nearest_unexpired,891751,53563,79201,2025-01-24 01:00:00,2025-01-24 23:00:00,104336.0,,,
2025-01-25,parquet_front_bid_ask,D:\Energin Raw Data\brent_local_2025_01\parquet\brent_1s_bars\year=2025\month=01\day=25\WATCHLIST_V4672876FTPH1_756_20250125.parquet,F:BRN\H25,nearest_unexpired,340,4,0,,,0.0,,,
2025-01-27,parquet_front_bid_ask,D:\Energin Raw Data\brent_local_2025_01\parquet\brent_1s_bars\year=2025\month=01\day=27\WATCHLIST_V4672876FTPH1_756_20250127.parquet,F:BRN\H25,nearest_unexpired,927193,54145,86401,2025-01-26 23:00:00,2025-01-27 23:00:00,114347.0,,,
2025-01-28,parquet_front_bid_ask,D:\Energin Raw Data\brent_local_2025_01\parquet\brent_1s_bars\year=2025\month=01\day=28\WATCHLIST_V4672876FTPH1_756_20250128.parquet,F:BRN\H25,nearest_unexpired,843126,49040,79201,2025-01-28 01:00:00,2025-01-28 23:00:00,85280.0,,,
2025-01-29,parquet_front_bid_ask,D:\Energin Raw Data\brent_local_2025_01\parquet\brent_1s_bars\year=2025\month=01\day=29\WATCHLIST_V4672876FTPH1_756_20250129.parquet,F:BRN\H25,nearest_unexpired,776903,45698,79201,2025-01-29 01:00:00,2025-01-29 23:00:00,33579.0,,,
2025-01-30,parquet_front_bid_ask,D:\Energin Raw Data\brent_local_2025_01\parquet\brent_1s_bars\year=2025\month=01\day=30\WATCHLIST_V4672876FTPH1_756_20250130.parquet,F:BRN\H25,nearest_unexpired,796812,44340,79201,2025-01-30 01:00:00,2025-01-30 23:00:00,27060.0,,,
2025-01-31,parquet_front_bid_ask,D:\Energin Raw Data\brent_local_2025_01\parquet\brent_1s_bars\year=2025\month=01\day=31\WATCHLIST_V4672876FTPH1_756_20250131.parquet,F:BRN\H25,nearest_unexpired,838938,27884,79201,2025-01-31 01:00:00,2025-01-31 23:00:00,10451.0,,,
2025-02-01,parquet_front_bid_ask,D:\Energin Raw Data\brent_local_2025_02\parquet\brent_1s_bars\year=2025\month=02\day=01\WATCHLIST_V4672876FTPH1_756_20250201.parquet,F:BRN\J25,nearest_unexpired,338,4,0,,,0.0,,,
2025-02-03,parquet_front_bid_ask,D:\Energin Raw Data\brent_local_2025_02\parquet\brent_1s_bars\year=2025\month=02\day=03\WATCHLIST_V4672876FTPH1_756_20250203.parquet,F:BRN\J25,nearest_unexpired,992433,61340,86401,2025-02-02 23:00:00,2025-02-03 23:00:00,296702.0,,,
2025-02-04,parquet_front_bid_ask,D:\Energin Raw Data\brent_local_2025_02\parquet\brent_1s_bars\year=2025\month=02\day=04\WATCHLIST_V4672876FTPH1_756_20250204.parquet,F:BRN\J25,nearest_unexpired,926240,54598,79201,2025-02-04 01:00:00,2025-02-04 23:00:00,334630.0,,,
2025-02-05,parquet_front_bid_ask,D:\Energin Raw Data\brent_local_2025_02\parquet\brent_1s_bars\year=2025\month=02\day=05\WATCHLIST_V4672876FTPH1_756_20250205.parquet,F:BRN\J25,nearest_unexpired,881315,54618,79201,2025-02-05 01:00:00,2025-02-05 23:00:00,205965.0,,,
2025-02-06,parquet_front_bid_ask,D:\Energin Raw Data\brent_local_2025_02\parquet\brent_1s_bars\year=2025\month=02\day=06\WATCHLIST_V4672876FTPH1_756_20250206.parquet,F:BRN\J25,nearest_unexpired,849244,52163,79201,2025-02-06 01:00:00,2025-02-06 23:00:00,215893.0,,,
2025-02-07,parquet_front_bid_ask,D:\Energin Raw Data\brent_local_2025_02\parquet\brent_1s_bars\year=2025\month=02\day=07\WATCHLIST_V4672876FTPH1_756_20250207.parquet,F:BRN\J25,nearest_unexpired,842866,51603,79201,2025-02-07 01:00:00,2025-02-07 23:00:00,155917.0,,,
2025-02-08,parquet_front_bid_ask,D:\Energin Raw Data\brent_local_2025_02\parquet\brent_1s_bars\year=2025\month=02\day=08\WATCHLIST_V4672876FTPH1_756_20250208.parquet,F:BRN\J25,nearest_unexpired,363,5,0,,,0.0,,,
2025-02-10,parquet_front_bid_ask,D:\Energin Raw Data\brent_local_2025_02\parquet\brent_1s_bars\year=2025\month=02\day=10\WATCHLIST_V4672876FTPH1_756_20250210.parquet,F:BRN\J25,nearest_unexpired,833729,52207,86401,2025-02-09 23:00:00,2025-02-10 23:00:00,147772.0,,,
2025-02-11,parquet_front_bid_ask,D:\Energin Raw Data\brent_local_2025_02\parquet\brent_1s_bars\year=2025\month=02\day=11\WATCHLIST_V4672876FTPH1_756_20250211.parquet,F:BRN\J25,nearest_unexpired,878920,54026,79201,2025-02-11 01:00:00,2025-02-11 23:00:00,191117.0,,,
2025-02-12,parquet_front_bid_ask,D:\Energin Raw Data\brent_local_2025_02\parquet\brent_1s_bars\year=2025\month=02\day=12\WATCHLIST_V4672876FTPH1_756_20250212.parquet,F:BRN\J25,nearest_unexpired,880876,53301,79201,2025-02-12 01:00:00,2025-02-12 23:00:00,206696.0,,,
2025-02-13,parquet_front_bid_ask,D:\Energin Raw Data\brent_local_2025_02\parquet\brent_1s_bars\year=2025\month=02\day=13\WATCHLIST_V4672876FTPH1_756_20250213.parquet,F:BRN\J25,nearest_unexpired,908903,55949,79201,2025-02-13 01:00:00,2025-02-13 23:00:00,185923.0,,,
2025-02-14,parquet_front_bid_ask,D:\Energin Raw Data\brent_local_2025_02\parquet\brent_1s_bars\year=2025\month=02\day=14\WATCHLIST_V4672876FTPH1_756_20250214.parquet,F:BRN\J25,nearest_unexpired,857797,51701,79201,2025-02-14 01:00:00,2025-02-14 23:00:00,160310.0,,,
2025-02-15,parquet_front_bid_ask,D:\Energin Raw Data\brent_local_2025_02\parquet\brent_1s_bars\year=2025\month=02\day=15\WATCHLIST_V4672876FTPH1_756_20250215.parquet,F:BRN\J25,nearest_unexpired,336,4,0,,,0.0,,,
2025-02-17,parquet_front_bid_ask,D:\Energin Raw Data\brent_local_2025_02\parquet\brent_1s_bars\year=2025\month=02\day=17\WATCHLIST_V4672876FTPH1_756_20250217.parquet,F:BRN\J25,nearest_unexpired,727643,43663,86401,2025-02-16 23:00:00,2025-02-17 23:00:00,113745.0,,,
2025-02-18,parquet_front_bid_ask,D:\Energin Raw Data\brent_local_2025_02\parquet\brent_1s_bars\year=2025\month=02\day=18\WATCHLIST_V4672876FTPH1_756_20250218.parquet,F:BRN\J25,nearest_unexpired,835179,50447,79201,2025-02-18 01:00:00,2025-02-18 23:00:00,172997.0,,,
2025-02-19,parquet_front_bid_ask,D:\Energin Raw Data\brent_local_2025_02\parquet\brent_1s_bars\year=2025\month=02\day=19\WATCHLIST_V4672876FTPH1_756_20250219.parquet,F:BRN\J25,nearest_unexpired,813991,50428,79201,2025-02-19 01:00:00,2025-02-19 23:00:00,141282.0,,,
2025-02-20,parquet_front_bid_ask,D:\Energin Raw Data\brent_local_2025_02\parquet\brent_1s_bars\year=2025\month=02\day=20\WATCHLIST_V4672876FTPH1_756_20250220.parquet,F:BRN\J25,nearest_unexpired,816433,49801,79201,2025-02-20 01:00:00,2025-02-20 23:00:00,122183.0,,,
2025-02-21,parquet_front_bid_ask,D:\Energin Raw Data\brent_local_2025_02\parquet\brent_1s_bars\year=2025\month=02\day=21\WATCHLIST_V4672876FTPH1_756_20250221.parquet,F:BRN\J25,nearest_unexpired,831798,51189,79201,2025-02-21 01:00:00,2025-02-21 23:00:00,138315.0,,,
2025-02-22,parquet_front_bid_ask,D:\Energin Raw Data\brent_local_2025_02\parquet\brent_1s_bars\year=2025\month=02\day=22\WATCHLIST_V4672876FTPH1_756_20250222.parquet,F:BRN\J25,nearest_unexpired,336,4,0,,,0.0,,,
2025-02-24,parquet_front_bid_ask,D:\Energin Raw Data\brent_local_2025_02\parquet\brent_1s_bars\year=2025\month=02\day=24\WATCHLIST_V4672876FTPH1_756_20250224.parquet,F:BRN\J25,nearest_unexpired,880027,52051,86401,2025-02-23 23:00:00,2025-02-24 23:00:00,70443.0,,,
2025-02-25,parquet_front_bid_ask,D:\Energin Raw Data\brent_local_2025_02\parquet\brent_1s_bars\year=2025\month=02\day=25\WATCHLIST_V4672876FTPH1_756_20250225.parquet,F:BRN\J25,nearest_unexpired,867546,51232,79201,2025-02-25 01:00:00,2025-02-25 23:00:00,89981.0,,,
2025-02-26,parquet_front_bid_ask,D:\Energin Raw Data\brent_local_2025_02\parquet\brent_1s_bars\year=2025\month=02\day=26\WATCHLIST_V4672876FTPH1_756_20250226.parquet,F:BRN\J25,nearest_unexpired,909185,51677,79201,2025-02-26 01:00:00,2025-02-26 23:00:00,41884.0,,,
2025-02-27,parquet_front_bid_ask,D:\Energin Raw Data\brent_local_2025_02\parquet\brent_1s_bars\year=2025\month=02\day=27\WATCHLIST_V4672876FTPH1_756_20250227.parquet,F:BRN\J25,nearest_unexpired,770320,42602,79201,2025-02-27 01:00:00,2025-02-27 23:00:00,22270.0,,,
2025-02-28,parquet_front_bid_ask,D:\Energin Raw Data\brent_local_2025_02\parquet\brent_1s_bars\year=2025\month=02\day=28\WATCHLIST_V4672876FTPH1_756_20250228.parquet,F:BRN\J25,nearest_unexpired,901751,31109,79201,2025-02-28 01:00:00,2025-02-28 23:00:00,7160.0,,,
2025-03-01,parquet_front_bid_ask,D:\Energin Raw Data\brent_local_2025_03\parquet\brent_1s_bars\year=2025\month=03\day=01\WATCHLIST_V4672876FTPH1_756_20250301.parquet,F:BRN\K25,nearest_unexpired,367,5,0,,,0.0,,,
2025-03-03,parquet_front_bid_ask,D:\Energin Raw Data\brent_local_2025_03\parquet\brent_1s_bars\year=2025\month=03\day=03\WATCHLIST_V4672876FTPH1_756_20250303.parquet,F:BRN\K25,nearest_unexpired,920687,56479,86401,2025-03-02 23:00:00,2025-03-03 23:00:00,253082.0,,,
2025-03-04,parquet_front_bid_ask,D:\Energin Raw Data\brent_local_2025_03\parquet\brent_1s_bars\year=2025\month=03\day=04\WATCHLIST_V4672876FTPH1_756_20250304.parquet,F:BRN\K25,nearest_unexpired,1026479,59565,79201,2025-03-04 01:00:00,2025-03-04 23:00:00,301683.0,,,
2025-03-05,parquet_front_bid_ask,D:\Energin Raw Data\brent_local_2025_03\parquet\brent_1s_bars\year=2025\month=03\day=05\WATCHLIST_V4672876FTPH1_756_20250305.parquet,F:BRN\K25,nearest_unexpired,1008306,58427,79201,2025-03-05 01:00:00,2025-03-05 23:00:00,295946.0,,,
2025-03-06,parquet_front_bid_ask,D:\Energin Raw Data\brent_local_2025_03\parquet\brent_1s_bars\year=2025\month=03\day=06\WATCHLIST_V4672876FTPH1_756_20250306.parquet,F:BRN\K25,nearest_unexpired,1037038,58277,79201,2025-03-06 01:00:00,2025-03-06 23:00:00,243874.0,,,
2025-03-07,parquet_front_bid_ask,D:\Energin Raw Data\brent_local_2025_03\parquet\brent_1s_bars\year=2025\month=03\day=07\WATCHLIST_V4672876FTPH1_756_20250307.parquet,F:BRN\K25,nearest_unexpired,963186,56024,79201,2025-03-07 01:00:00,2025-03-07 23:00:00,263851.0,,,
2025-03-08,parquet_front_bid_ask,D:\Energin Raw Data\brent_local_2025_03\parquet\brent_1s_bars\year=2025\month=03\day=08\WATCHLIST_V4672876FTPH1_756_20250308.parquet,F:BRN\K25,nearest_unexpired,364,5,0,,,0.0,,,
2025-03-10,parquet_front_bid_ask,D:\Energin Raw Data\brent_local_2025_03\parquet\brent_1s_bars\year=2025\month=03\day=10\WATCHLIST_V4672876FTPH1_756_20250310.parquet,F:BRN\K25,nearest_unexpired,978074,55743,257995,2025-03-07 22:20:06,2025-03-10 22:00:00,172694.0,,,
2025-03-11,parquet_front_bid_ask,D:\Energin Raw Data\brent_local_2025_03\parquet\brent_1s_bars\year=2025\month=03\day=11\WATCHLIST_V4672876FTPH1_756_20250311.parquet,F:BRN\K25,nearest_unexpired,959211,56538,79201,2025-03-11 00:00:00,2025-03-11 22:00:00,175695.0,,,
2025-03-12,parquet_front_bid_ask,D:\Energin Raw Data\brent_local_2025_03\parquet\brent_1s_bars\year=2025\month=03\day=12\WATCHLIST_V4672876FTPH1_756_20250312.parquet,F:BRN\K25,nearest_unexpired,888059,51871,79201,2025-03-12 00:00:00,2025-03-12 22:00:00,164149.0,,,
2025-03-13,parquet_front_bid_ask,D:\Energin Raw Data\brent_local_2025_03\parquet\brent_1s_bars\year=2025\month=03\day=13\WATCHLIST_V4672876FTPH1_756_20250313.parquet,F:BRN\K25,nearest_unexpired,922871,53975,79201,2025-03-13 00:00:00,2025-03-13 22:00:00,185160.0,,,
2025-03-14,parquet_front_bid_ask,D:\Energin Raw Data\brent_local_2025_03\parquet\brent_1s_bars\year=2025\month=03\day=14\WATCHLIST_V4672876FTPH1_756_20250314.parquet,F:BRN\K25,nearest_unexpired,860441,51473,79201,2025-03-14 00:00:00,2025-03-14 22:00:00,126364.0,,,
2025-03-15,parquet_front_bid_ask,D:\Energin Raw Data\brent_local_2025_03\parquet\brent_1s_bars\year=2025\month=03\day=15\WATCHLIST_V4672876FTPH1_756_20250315.parquet,F:BRN\K25,nearest_unexpired,332,4,0,,,0.0,,,
2025-03-17,parquet_front_bid_ask,D:\Energin Raw Data\brent_local_2025_03\parquet\brent_1s_bars\year=2025\month=03\day=17\WATCHLIST_V4672876FTPH1_756_20250317.parquet,F:BRN\K25,nearest_unexpired,935102,54271,86401,2025-03-16 22:00:00,2025-03-17 22:00:00,154984.0,,,
2025-03-18,parquet_front_bid_ask,D:\Energin Raw Data\brent_local_2025_03\parquet\brent_1s_bars\year=2025\month=03\day=18\WATCHLIST_V4672876FTPH1_756_20250318.parquet,F:BRN\K25,nearest_unexpired,909009,52479,79201,2025-03-18 00:00:00,2025-03-18 22:00:00,194274.0,,,
2025-03-19,parquet_front_bid_ask,D:\Energin Raw Data\brent_local_2025_03\parquet\brent_1s_bars\year=2025\month=03\day=19\WATCHLIST_V4672876FTPH1_756_20250319.parquet,F:BRN\K25,nearest_unexpired,878421,50647,79201,2025-03-19 00:00:00,2025-03-19 22:00:00,141780.0,,,
2025-03-20,parquet_front_bid_ask,D:\Energin Raw Data\brent_local_2025_03\parquet\brent_1s_bars\year=2025\month=03\day=20\WATCHLIST_V4672876FTPH1_756_20250320.parquet,F:BRN\K25,nearest_unexpired,844857,49555,79201,2025-03-20 00:00:00,2025-03-20 22:00:00,150159.0,,,
2025-03-21,parquet_front_bid_ask,D:\Energin Raw Data\brent_local_2025_03\parquet\brent_1s_bars\year=2025\month=03\day=21\WATCHLIST_V4672876FTPH1_756_20250321.parquet,F:BRN\K25,nearest_unexpired,840222,50163,79201,2025-03-21 00:00:00,2025-03-21 22:00:00,98684.0,,,
2025-03-22,parquet_front_bid_ask,D:\Energin Raw Data\brent_local_2025_03\parquet\brent_1s_bars\year=2025\month=03\day=22\WATCHLIST_V4672876FTPH1_756_20250322.parquet,F:BRN\K25,nearest_unexpired,332,4,0,,,0.0,,,
2025-03-24,parquet_front_bid_ask,D:\Energin Raw Data\brent_local_2025_03\parquet\brent_1s_bars\year=2025\month=03\day=24\WATCHLIST_V4672876FTPH1_756_20250324.parquet,F:BRN\K25,nearest_unexpired,859827,48933,86401,2025-03-23 22:00:00,2025-03-24 22:00:00,114685.0,,,
2025-03-25,parquet_front_bid_ask,D:\Energin Raw Data\brent_local_2025_03\parquet\brent_1s_bars\year=2025\month=03\day=25\WATCHLIST_V4672876FTPH1_756_20250325.parquet,F:BRN\K25,nearest_unexpired,804081,45941,79201,2025-03-25 00:00:00,2025-03-25 22:00:00,113437.0,,,
2025-03-26,parquet_front_bid_ask,D:\Energin Raw Data\brent_local_2025_03\parquet\brent_1s_bars\year=2025\month=03\day=26\WATCHLIST_V4672876FTPH1_756_20250326.parquet,F:BRN\K25,nearest_unexpired,801614,47381,79201,2025-03-26 00:00:00,2025-03-26 22:00:00,78896.0,,,
2025-03-27,parquet_front_bid_ask,D:\Energin Raw Data\brent_local_2025_03\parquet\brent_1s_bars\year=2025\month=03\day=27\WATCHLIST_V4672876FTPH1_756_20250327.parquet,F:BRN\K25,nearest_unexpired,834243,47897,79201,2025-03-27 00:00:00,2025-03-27 22:00:00,27553.0,,,
2025-03-28,parquet_front_bid_ask,D:\Energin Raw Data\brent_local_2025_03\parquet\brent_1s_bars\year=2025\month=03\day=28\WATCHLIST_V4672876FTPH1_756_20250328.parquet,F:BRN\K25,nearest_unexpired,853310,47497,79201,2025-03-28 00:00:00,2025-03-28 22:00:00,26841.0,,,
2025-03-31,parquet_front_bid_ask,D:\Energin Raw Data\brent_local_2025_03\parquet\brent_1s_bars\year=2025\month=03\day=31\WATCHLIST_V4672876FTPH1_756_20250331.parquet,F:BRN\K25,nearest_unexpired,967330,30376,86401,2025-03-30 22:00:00,2025-03-31 22:00:00,9736.0,,,
2025-04-01,parquet_front_bid_ask,D:\Energin Raw Data\brent_local_2025_04\parquet\brent_1s_bars\year=2025\month=04\day=01\WATCHLIST_V4672876FTPH1_756_20250401.parquet,F:BRN\M25,nearest_unexpired,878008,55219,79201,2025-04-01 00:00:00,2025-04-01 22:00:00,210294.0,,,
2025-04-02,parquet_front_bid_ask,D:\Energin Raw Data\brent_local_2025_04\parquet\brent_1s_bars\year=2025\month=04\day=02\WATCHLIST_V4672876FTPH1_756_20250402.parquet,F:BRN\M25,nearest_unexpired,970160,56791,79201,2025-04-02 00:00:00,2025-04-02 22:00:00,232652.0,,,
2025-04-03,parquet_front_bid_ask,D:\Energin Raw Data\brent_local_2025_04\parquet\brent_1s_bars\year=2025\month=04\day=03\WATCHLIST_V4672876FTPH1_756_20250403.parquet,F:BRN\M25,nearest_unexpired,1154443,64662,79201,2025-04-03 00:00:00,2025-04-03 22:00:00,440988.0,,,
2025-04-04,parquet_front_bid_ask,D:\Energin Raw Data\brent_local_2025_04\parquet\brent_1s_bars\year=2025\month=04\day=04\WATCHLIST_V4672876FTPH1_756_20250404.parquet,F:BRN\M25,nearest_unexpired,1161269,62307,79201,2025-04-04 00:00:00,2025-04-04 22:00:00,616784.0,,,
2025-04-05,parquet_front_bid_ask,D:\Energin Raw Data\brent_local_2025_04\parquet\brent_1s_bars\year=2025\month=04\day=05\WATCHLIST_V4672876FTPH1_756_20250405.parquet,F:BRN\M25,nearest_unexpired,360,5,0,,,0.0,,,
2025-04-07,parquet_front_bid_ask,D:\Energin Raw Data\brent_local_2025_04\parquet\brent_1s_bars\year=2025\month=04\day=07\WATCHLIST_V4672876FTPH1_756_20250407.parquet,F:BRN\M25,nearest_unexpired,1400465,72664,86401,2025-04-06 22:00:00,2025-04-07 22:00:00,552781.0,,,
2025-04-08,parquet_front_bid_ask,D:\Energin Raw Data\brent_local_2025_04\parquet\brent_1s_bars\year=2025\month=04\day=08\WATCHLIST_V4672876FTPH1_756_20250408.parquet,F:BRN\M25,nearest_unexpired,1262218,65730,79201,2025-04-08 00:00:00,2025-04-08 22:00:00,393639.0,,,
2025-04-09,parquet_front_bid_ask,D:\Energin Raw Data\brent_local_2025_04\parquet\brent_1s_bars\year=2025\month=04\day=09\WATCHLIST_V4672876FTPH1_756_20250409.parquet,F:BRN\M25,nearest_unexpired,1360894,68359,79201,2025-04-09 00:00:00,2025-04-09 22:00:00,610099.0,,,
2025-04-10,parquet_front_bid_ask,D:\Energin Raw Data\brent_local_2025_04\parquet\brent_1s_bars\year=2025\month=04\day=10\WATCHLIST_V4672876FTPH1_756_20250410.parquet,F:BRN\M25,nearest_unexpired,1209455,62866,79201,2025-04-10 00:00:00,2025-04-10 22:00:00,326442.0,,,
2025-04-11,parquet_front_bid_ask,D:\Energin Raw Data\brent_local_2025_04\parquet\brent_1s_bars\year=2025\month=04\day=11\WATCHLIST_V4672876FTPH1_756_20250411.parquet,F:BRN\M25,nearest_unexpired,1180088,62848,79201,2025-04-11 00:00:00,2025-04-11 22:00:00,232287.0,,,
2025-04-12,parquet_front_bid_ask,D:\Energin Raw Data\brent_local_2025_04\parquet\brent_1s_bars\year=2025\month=04\day=12\WATCHLIST_V4672876FTPH1_756_20250412.parquet,F:BRN\M25,nearest_unexpired,328,4,0,,,0.0,,,
2025-04-14,parquet_front_bid_ask,D:\Energin Raw Data\brent_local_2025_04\parquet\brent_1s_bars\year=2025\month=04\day=14\WATCHLIST_V4672876FTPH1_756_20250414.parquet,F:BRN\M25,nearest_unexpired,971121,53862,86401,2025-04-13 22:00:00,2025-04-14 22:00:00,161303.0,,,
2025-04-15,parquet_front_bid_ask,D:\Energin Raw Data\brent_local_2025_04\parquet\brent_1s_bars\year=2025\month=04\day=15\WATCHLIST_V4672876FTPH1_756_20250415.parquet,F:BRN\M25,nearest_unexpired,873316,50269,79201,2025-04-15 00:00:00,2025-04-15 22:00:00,131465.0,,,
2025-04-16,parquet_front_bid_ask,D:\Energin Raw Data\brent_local_2025_04\parquet\brent_1s_bars\year=2025\month=04\day=16\WATCHLIST_V4672876FTPH1_756_20250416.parquet,F:BRN\M25,nearest_unexpired,954465,53560,79201,2025-04-16 00:00:00,2025-04-16 22:00:00,179364.0,,,
2025-04-17,parquet_front_bid_ask,D:\Energin Raw Data\brent_local_2025_04\parquet\brent_1s_bars\year=2025\month=04\day=17\WATCHLIST_V4672876FTPH1_756_20250417.parquet,F:BRN\M25,nearest_unexpired,958102,54527,79201,2025-04-17 00:00:00,2025-04-17 22:00:00,170101.0,,,
2025-04-18,parquet_front_bid_ask,D:\Energin Raw Data\brent_local_2025_04\parquet\brent_1s_bars\year=2025\month=04\day=18\WATCHLIST_V4672876FTPH1_756_20250418.parquet,F:BRN\M25,nearest_unexpired,280,4,0,,,0.0,,,
2025-04-19,parquet_front_bid_ask,D:\Energin Raw Data\brent_local_2025_04\parquet\brent_1s_bars\year=2025\month=04\day=19\WATCHLIST_V4672876FTPH1_756_20250419.parquet,F:BRN\M25,nearest_unexpired,362,5,0,,,0.0,,,
2025-04-21,parquet_front_bid_ask,D:\Energin Raw Data\brent_local_2025_04\parquet\brent_1s_bars\year=2025\month=04\day=21\WATCHLIST_V4672876FTPH1_756_20250421.parquet,F:BRN\M25,nearest_unexpired,893482,50412,86401,2025-04-20 22:00:00,2025-04-21 22:00:00,109938.0,,,
2025-04-22,parquet_front_bid_ask,D:\Energin Raw Data\brent_local_2025_04\parquet\brent_1s_bars\year=2025\month=04\day=22\WATCHLIST_V4672876FTPH1_756_20250422.parquet,F:BRN\M25,nearest_unexpired,941447,52408,79201,2025-04-22 00:00:00,2025-04-22 22:00:00,149743.0,,,
2025-04-23,parquet_front_bid_ask,D:\Energin Raw Data\brent_local_2025_04\parquet\brent_1s_bars\year=2025\month=04\day=23\WATCHLIST_V4672876FTPH1_756_20250423.parquet,F:BRN\M25,nearest_unexpired,978282,52830,79201,2025-04-23 00:00:00,2025-04-23 22:00:00,219377.0,,,
2025-04-24,parquet_front_bid_ask,D:\Energin Raw Data\brent_local_2025_04\parquet\brent_1s_bars\year=2025\month=04\day=24\WATCHLIST_V4672876FTPH1_756_20250424.parquet,F:BRN\M25,nearest_unexpired,892359,49290,79201,2025-04-24 00:00:00,2025-04-24 22:00:00,95494.0,,,
2025-04-25,parquet_front_bid_ask,D:\Energin Raw Data\brent_local_2025_04\parquet\brent_1s_bars\year=2025\month=04\day=25\WATCHLIST_V4672876FTPH1_756_20250425.parquet,F:BRN\M25,nearest_unexpired,917832,50631,79201,2025-04-25 00:00:00,2025-04-25 22:00:00,77910.0,,,
2025-04-26,parquet_front_bid_ask,D:\Energin Raw Data\brent_local_2025_04\parquet\brent_1s_bars\year=2025\month=04\day=26\WATCHLIST_V4672876FTPH1_756_20250426.parquet,F:BRN\M25,nearest_unexpired,362,5,0,,,0.0,,,
2025-04-28,parquet_front_bid_ask,D:\Energin Raw Data\brent_local_2025_04\parquet\brent_1s_bars\year=2025\month=04\day=28\WATCHLIST_V4672876FTPH1_756_20250428.parquet,F:BRN\M25,nearest_unexpired,939181,52135,86401,2025-04-27 22:00:00,2025-04-28 22:00:00,41498.0,,,
2025-04-29,parquet_front_bid_ask,D:\Energin Raw Data\brent_local_2025_04\parquet\brent_1s_bars\year=2025\month=04\day=29\WATCHLIST_V4672876FTPH1_756_20250429.parquet,F:BRN\M25,nearest_unexpired,997200,51681,79201,2025-04-29 00:00:00,2025-04-29 22:00:00,29261.0,,,
2025-04-30,parquet_front_bid_ask,D:\Energin Raw Data\brent_local_2025_04\parquet\brent_1s_bars\year=2025\month=04\day=30\WATCHLIST_V4672876FTPH1_756_20250430.parquet,F:BRN\M25,nearest_unexpired,1026443,32574,79201,2025-04-30 00:00:00,2025-04-30 22:00:00,11594.0,,,
2025-05-01,parquet_front_bid_ask,D:\Energin Raw Data\brent_local_2025_05\parquet\brent_1s_bars\year=2025\month=05\day=01\WATCHLIST_V4672876FTPH1_756_20250501.parquet,F:BRN\N25,nearest_unexpired,907129,52962,79201,2025-05-01 00:00:00,2025-05-01 22:00:00,268561.0,,,
2025-05-02,parquet_front_bid_ask,D:\Energin Raw Data\brent_local_2025_05\parquet\brent_1s_bars\year=2025\month=05\day=02\WATCHLIST_V4672876FTPH1_756_20250502.parquet,F:BRN\N25,nearest_unexpired,884921,51239,79201,2025-05-02 00:00:00,2025-05-02 22:00:00,216817.0,,,
2025-05-03,parquet_front_bid_ask,D:\Energin Raw Data\brent_local_2025_05\parquet\brent_1s_bars\year=2025\month=05\day=03\WATCHLIST_V4672876FTPH1_756_20250503.parquet,F:BRN\N25,nearest_unexpired,357,5,0,,,0.0,,,
2025-05-05,parquet_front_bid_ask,D:\Energin Raw Data\brent_local_2025_05\parquet\brent_1s_bars\year=2025\month=05\day=05\WATCHLIST_V4672876FTPH1_756_20250505.parquet,F:BRN\N25,nearest_unexpired,928040,55115,86401,2025-05-04 22:00:00,2025-05-05 22:00:00,182717.0,,,
2025-05-06,parquet_front_bid_ask,D:\Energin Raw Data\brent_local_2025_05\parquet\brent_1s_bars\year=2025\month=05\day=06\WATCHLIST_V4672876FTPH1_756_20250506.parquet,F:BRN\N25,nearest_unexpired,922014,54938,79201,2025-05-06 00:00:00,2025-05-06 22:00:00,218485.0,,,
2025-05-07,parquet_front_bid_ask,D:\Energin Raw Data\brent_local_2025_05\parquet\brent_1s_bars\year=2025\month=05\day=07\WATCHLIST_V4672876FTPH1_756_20250507.parquet,F:BRN\N25,nearest_unexpired,914383,54219,79201,2025-05-07 00:00:00,2025-05-07 22:00:00,190284.0,,,
2025-05-08,parquet_front_bid_ask,D:\Energin Raw Data\brent_local_2025_05\parquet\brent_1s_bars\year=2025\month=05\day=08\WATCHLIST_V4672876FTPH1_756_20250508.parquet,F:BRN\N25,nearest_unexpired,881703,53368,79201,2025-05-08 00:00:00,2025-05-08 22:00:00,193741.0,,,
2025-05-09,parquet_front_bid_ask,D:\Energin Raw Data\brent_local_2025_05\parquet\brent_1s_bars\year=2025\month=05\day=09\WATCHLIST_V4672876FTPH1_756_20250509.parquet,F:BRN\N25,nearest_unexpired,838581,52171,79201,2025-05-09 00:00:00,2025-05-09 22:00:00,170077.0,,,
2025-05-10,parquet_front_bid_ask,D:\Energin Raw Data\brent_local_2025_05\parquet\brent_1s_bars\year=2025\month=05\day=10\WATCHLIST_V4672876FTPH1_756_20250510.parquet,F:BRN\N25,nearest_unexpired,324,4,0,,,0.0,,,
2025-05-12,parquet_front_bid_ask,D:\Energin Raw Data\brent_local_2025_05\parquet\brent_1s_bars\year=2025\month=05\day=12\WATCHLIST_V4672876FTPH1_756_20250512.parquet,F:BRN\N25,nearest_unexpired,917291,55123,86401,2025-05-11 22:00:00,2025-05-12 22:00:00,250340.0,,,
2025-05-13,parquet_front_bid_ask,D:\Energin Raw Data\brent_local_2025_05\parquet\brent_1s_bars\year=2025\month=05\day=13\WATCHLIST_V4672876FTPH1_756_20250513.parquet,F:BRN\N25,nearest_unexpired,812864,49570,79201,2025-05-13 00:00:00,2025-05-13 22:00:00,179217.0,,,
2025-05-14,parquet_front_bid_ask,D:\Energin Raw Data\brent_local_2025_05\parquet\brent_1s_bars\year=2025\month=05\day=14\WATCHLIST_V4672876FTPH1_756_20250514.parquet,F:BRN\N25,nearest_unexpired,801035,50176,79201,2025-05-14 00:00:00,2025-05-14 22:00:00,156773.0,,,
2025-05-15,parquet_front_bid_ask,D:\Energin Raw Data\brent_local_2025_05\parquet\brent_1s_bars\year=2025\month=05\day=15\WATCHLIST_V4672876FTPH1_756_20250515.parquet,F:BRN\N25,nearest_unexpired,888600,52992,79201,2025-05-15 00:00:00,2025-05-15 22:00:00,238809.0,,,
2025-05-16,parquet_front_bid_ask,D:\Energin Raw Data\brent_local_2025_05\parquet\brent_1s_bars\year=2025\month=05\day=16\WATCHLIST_V4672876FTPH1_756_20250516.parquet,F:BRN\N25,nearest_unexpired,784027,47772,79201,2025-05-16 00:00:00,2025-05-16 22:00:00,135614.0,,,
2025-05-17,parquet_front_bid_ask,D:\Energin Raw Data\brent_local_2025_05\parquet\brent_1s_bars\year=2025\month=05\day=17\WATCHLIST_V4672876FTPH1_756_20250517.parquet,F:BRN\N25,nearest_unexpired,357,5,0,,,0.0,,,
2025-05-19,parquet_front_bid_ask,D:\Energin Raw Data\brent_local_2025_05\parquet\brent_1s_bars\year=2025\month=05\day=19\WATCHLIST_V4672876FTPH1_756_20250519.parquet,F:BRN\N25,nearest_unexpired,881824,53262,86401,2025-05-18 22:00:00,2025-05-19 22:00:00,167200.0,,,
2025-05-20,parquet_front_bid_ask,D:\Energin Raw Data\brent_local_2025_05\parquet\brent_1s_bars\year=2025\month=05\day=20\WATCHLIST_V4672876FTPH1_756_20250520.parquet,F:BRN\N25,nearest_unexpired,832182,50137,79201,2025-05-20 00:00:00,2025-05-20 22:00:00,139127.0,,,
2025-05-21,parquet_front_bid_ask,D:\Energin Raw Data\brent_local_2025_05\parquet\brent_1s_bars\year=2025\month=05\day=21\WATCHLIST_V4672876FTPH1_756_20250521.parquet,F:BRN\N25,nearest_unexpired,944482,55308,79201,2025-05-21 00:00:00,2025-05-21 22:00:00,174841.0,,,
2025-05-22,parquet_front_bid_ask,D:\Energin Raw Data\brent_local_2025_05\parquet\brent_1s_bars\year=2025\month=05\day=22\WATCHLIST_V4672876FTPH1_756_20250522.parquet,F:BRN\N25,nearest_unexpired,927406,54210,79201,2025-05-22 00:00:00,2025-05-22 22:00:00,156907.0,,,
2025-05-23,parquet_front_bid_ask,D:\Energin Raw Data\brent_local_2025_05\parquet\brent_1s_bars\year=2025\month=05\day=23\WATCHLIST_V4672876FTPH1_756_20250523.parquet,F:BRN\N25,nearest_unexpired,894478,51356,79201,2025-05-23 00:00:00,2025-05-23 22:00:00,117783.0,,,
2025-05-24,parquet_front_bid_ask,D:\Energin Raw Data\brent_local_2025_05\parquet\brent_1s_bars\year=2025\month=05\day=24\WATCHLIST_V4672876FTPH1_756_20250524.parquet,F:BRN\N25,nearest_unexpired,324,4,0,,,0.0,,,
2025-05-26,parquet_front_bid_ask,D:\Energin Raw Data\brent_local_2025_05\parquet\brent_1s_bars\year=2025\month=05\day=26\WATCHLIST_V4672876FTPH1_756_20250526.parquet,F:BRN\N25,nearest_unexpired,554185,33658,70201,2025-05-25 22:00:00,2025-05-26 17:30:00,26527.0,,,
2025-05-27,parquet_front_bid_ask,D:\Energin Raw Data\brent_local_2025_05\parquet\brent_1s_bars\year=2025\month=05\day=27\WATCHLIST_V4672876FTPH1_756_20250527.parquet,F:BRN\N25,nearest_unexpired,835322,48472,79201,2025-05-27 00:00:00,2025-05-27 22:00:00,84628.0,,,
2025-05-28,parquet_front_bid_ask,D:\Energin Raw Data\brent_local_2025_05\parquet\brent_1s_bars\year=2025\month=05\day=28\WATCHLIST_V4672876FTPH1_756_20250528.parquet,F:BRN\N25,nearest_unexpired,828275,48309,79201,2025-05-28 00:00:00,2025-05-28 22:00:00,40683.0,,,
2025-05-30,parquet_front_bid_ask,D:\Energin Raw Data\brent_local_2025_05\parquet\brent_1s_bars\year=2025\month=05\day=30\WATCHLIST_V4672876FTPH1_756_20250530.parquet,F:BRN\N25,nearest_unexpired,879553,29206,79201,2025-05-30 00:00:00,2025-05-30 22:00:00,6882.0,,,
2025-05-31,parquet_front_bid_ask,D:\Energin Raw Data\brent_local_2025_05\parquet\brent_1s_bars\year=2025\month=05\day=31\WATCHLIST_V4672876FTPH1_756_20250531.parquet,F:BRN\Q25,nearest_unexpired,322,4,0,,,0.0,,,
2025-06-02,parquet_front_bid_ask,D:\Energin Raw Data\brent_local_2025_06\parquet\brent_1s_bars\year=2025\month=06\day=02\WATCHLIST_V4672876FTPH1_756_20250602.parquet,F:BRN\Q25,nearest_unexpired,928779,57395,86401,2025-06-01 22:00:00,2025-06-02 22:00:00,261689.0,,,
2025-06-03,parquet_front_bid_ask,D:\Energin Raw Data\brent_local_2025_06\parquet\brent_1s_bars\year=2025\month=06\day=03\WATCHLIST_V4672876FTPH1_756_20250603.parquet,F:BRN\Q25,nearest_unexpired,875575,52500,79201,2025-06-03 00:00:00,2025-06-03 22:00:00,176377.0,,,
2025-06-04,parquet_front_bid_ask,D:\Energin Raw Data\brent_local_2025_06\parquet\brent_1s_bars\year=2025\month=06\day=04\WATCHLIST_V4672876FTPH1_756_20250604.parquet,F:BRN\Q25,nearest_unexpired,809686,49391,79201,2025-06-04 00:00:00,2025-06-04 22:00:00,210617.0,,,
2025-06-05,parquet_front_bid_ask,D:\Energin Raw Data\brent_local_2025_06\parquet\brent_1s_bars\year=2025\month=06\day=05\WATCHLIST_V4672876FTPH1_756_20250605.parquet,F:BRN\Q25,nearest_unexpired,718905,45185,79201,2025-06-05 00:00:00,2025-06-05 22:00:00,144901.0,,,
2025-06-06,parquet_front_bid_ask,D:\Energin Raw Data\brent_local_2025_06\parquet\brent_1s_bars\year=2025\month=06\day=06\WATCHLIST_V4672876FTPH1_756_20250606.parquet,F:BRN\Q25,nearest_unexpired,806858,48876,79201,2025-06-06 00:00:00,2025-06-06 22:00:00,178945.0,,,
2025-06-07,parquet_front_bid_ask,D:\Energin Raw Data\brent_local_2025_06\parquet\brent_1s_bars\year=2025\month=06\day=07\WATCHLIST_V4672876FTPH1_756_20250607.parquet,F:BRN\Q25,nearest_unexpired,360,5,0,,,0.0,,,
2025-06-09,parquet_front_bid_ask,D:\Energin Raw Data\brent_local_2025_06\parquet\brent_1s_bars\year=2025\month=06\day=09\WATCHLIST_V4672876FTPH1_756_20250609.parquet,F:BRN\Q25,nearest_unexpired,795663,49495,86401,2025-06-08 22:00:00,2025-06-09 22:00:00,151567.0,,,
2025-06-10,parquet_front_bid_ask,D:\Energin Raw Data\brent_local_2025_06\parquet\brent_1s_bars\year=2025\month=06\day=10\WATCHLIST_V4672876FTPH1_756_20250610.parquet,F:BRN\Q25,nearest_unexpired,860468,52624,79201,2025-06-10 00:00:00,2025-06-10 22:00:00,187112.0,,,
2025-06-11,parquet_front_bid_ask,D:\Energin Raw Data\brent_local_2025_06\parquet\brent_1s_bars\year=2025\month=06\day=11\WATCHLIST_V4672876FTPH1_756_20250611.parquet,F:BRN\Q25,nearest_unexpired,933180,55426,79201,2025-06-11 00:00:00,2025-06-11 22:00:00,287988.0,,,
2025-06-12,parquet_front_bid_ask,D:\Energin Raw Data\brent_local_2025_06\parquet\brent_1s_bars\year=2025\month=06\day=12\WATCHLIST_V4672876FTPH1_756_20250612.parquet,F:BRN\Q25,nearest_unexpired,965437,57397,79201,2025-06-12 00:00:00,2025-06-12 22:00:00,270295.0,,,
2025-06-13,parquet_front_bid_ask,D:\Energin Raw Data\brent_local_2025_06\parquet\brent_1s_bars\year=2025\month=06\day=13\WATCHLIST_V4672876FTPH1_756_20250613.parquet,F:BRN\Q25,nearest_unexpired,1290747,69554,79201,2025-06-13 00:00:00,2025-06-13 22:00:00,700899.0,,,
2025-06-14,parquet_front_bid_ask,D:\Energin Raw Data\brent_local_2025_06\parquet\brent_1s_bars\year=2025\month=06\day=14\WATCHLIST_V4672876FTPH1_756_20250614.parquet,F:BRN\Q25,nearest_unexpired,320,4,0,,,0.0,,,
2025-06-16,parquet_front_bid_ask,D:\Energin Raw Data\brent_local_2025_06\parquet\brent_1s_bars\year=2025\month=06\day=16\WATCHLIST_V4672876FTPH1_756_20250616.parquet,F:BRN\Q25,nearest_unexpired,1082691,61075,86401,2025-06-15 22:00:00,2025-06-16 22:00:00,418451.0,,,
2025-06-17,parquet_front_bid_ask,D:\Energin Raw Data\brent_local_2025_06\parquet\brent_1s_bars\year=2025\month=06\day=17\WATCHLIST_V4672876FTPH1_756_20250617.parquet,F:BRN\Q25,nearest_unexpired,1063257,60626,79201,2025-06-17 00:00:00,2025-06-17 22:00:00,371346.0,,,
2025-06-18,parquet_front_bid_ask,D:\Energin Raw Data\brent_local_2025_06\parquet\brent_1s_bars\year=2025\month=06\day=18\WATCHLIST_V4672876FTPH1_756_20250618.parquet,F:BRN\Q25,nearest_unexpired,1033993,58946,79201,2025-06-18 00:00:00,2025-06-18 22:00:00,369027.0,,,
2025-06-19,parquet_front_bid_ask,D:\Energin Raw Data\brent_local_2025_06\parquet\brent_1s_bars\year=2025\month=06\day=19\WATCHLIST_V4672876FTPH1_756_20250619.parquet,F:BRN\Q25,nearest_unexpired,742767,43935,63001,2025-06-19 00:00:00,2025-06-19 17:30:00,198487.0,,,
2025-06-20,parquet_front_bid_ask,D:\Energin Raw Data\brent_local_2025_06\parquet\brent_1s_bars\year=2025\month=06\day=20\WATCHLIST_V4672876FTPH1_756_20250620.parquet,F:BRN\Q25,nearest_unexpired,956274,55984,79201,2025-06-20 00:00:00,2025-06-20 22:00:00,229681.0,,,
2025-06-21,parquet_front_bid_ask,D:\Energin Raw Data\brent_local_2025_06\parquet\brent_1s_bars\year=2025\month=06\day=21\WATCHLIST_V4672876FTPH1_756_20250621.parquet,F:BRN\Q25,nearest_unexpired,362,5,0,,,0.0,,,
2025-06-23,parquet_front_bid_ask,D:\Energin Raw Data\brent_local_2025_06\parquet\brent_1s_bars\year=2025\month=06\day=23\WATCHLIST_V4672876FTPH1_756_20250623.parquet,F:BRN\Q25,nearest_unexpired,1154191,65873,86401,2025-06-22 22:00:00,2025-06-23 22:00:00,376173.0,,,
2025-06-24,parquet_front_bid_ask,D:\Energin Raw Data\brent_local_2025_06\parquet\brent_1s_bars\year=2025\month=06\day=24\WATCHLIST_V4672876FTPH1_756_20250624.parquet,F:BRN\Q25,nearest_unexpired,1076210,59752,79201,2025-06-24 00:00:00,2025-06-24 22:00:00,266627.0,,,
2025-06-25,parquet_front_bid_ask,D:\Energin Raw Data\brent_local_2025_06\parquet\brent_1s_bars\year=2025\month=06\day=25\WATCHLIST_V4672876FTPH1_756_20250625.parquet,F:BRN\Q25,nearest_unexpired,866032,49961,79201,2025-06-25 00:00:00,2025-06-25 22:00:00,90198.0,,,
2025-06-27,parquet_front_bid_ask,D:\Energin Raw Data\brent_local_2025_06\parquet\brent_1s_bars\year=2025\month=06\day=27\WATCHLIST_V4672876FTPH1_756_20250627.parquet,F:BRN\Q25,nearest_unexpired,739744,42471,79201,2025-06-27 00:00:00,2025-06-27 22:00:00,15676.0,,,
2025-06-28,parquet_front_bid_ask,D:\Energin Raw Data\brent_local_2025_06\parquet\brent_1s_bars\year=2025\month=06\day=28\WATCHLIST_V4672876FTPH1_756_20250628.parquet,F:BRN\Q25,nearest_unexpired,362,5,0,,,0.0,,,
2025-06-30,parquet_front_bid_ask,D:\Energin Raw Data\brent_local_2025_06\parquet\brent_1s_bars\year=2025\month=06\day=30\WATCHLIST_V4672876FTPH1_756_20250630.parquet,F:BRN\Q25,nearest_unexpired,759444,28805,86401,2025-06-29 22:00:00,2025-06-30 22:00:00,6437.0,,,
2025-07-01,parquet_front_bid_ask,D:\Energin Raw Data\brent_local_2025_07\parquet\brent_1s_bars\year=2025\month=07\day=01\WATCHLIST_V4672876FTPH1_756_20250701.parquet,F:BRN\U25,nearest_unexpired,689469,44814,79201,2025-07-01 00:00:00,2025-07-01 22:00:00,123355.0,,,
2025-07-02,parquet_front_bid_ask,D:\Energin Raw Data\brent_local_2025_07\parquet\brent_1s_bars\year=2025\month=07\day=02\WATCHLIST_V4672876FTPH1_756_20250702.parquet,F:BRN\U25,nearest_unexpired,759827,47236,79201,2025-07-02 00:00:00,2025-07-02 22:00:00,174365.0,,,
2025-07-03,parquet_front_bid_ask,D:\Energin Raw Data\brent_local_2025_07\parquet\brent_1s_bars\year=2025\month=07\day=03\WATCHLIST_V4672876FTPH1_756_20250703.parquet,F:BRN\U25,nearest_unexpired,711320,44183,79201,2025-07-03 00:00:00,2025-07-03 22:00:00,132135.0,,,
2025-07-04,parquet_front_bid_ask,D:\Energin Raw Data\brent_local_2025_07\parquet\brent_1s_bars\year=2025\month=07\day=04\WATCHLIST_V4672876FTPH1_756_20250704.parquet,F:BRN\U25,nearest_unexpired,474808,30834,63001,2025-07-04 00:00:00,2025-07-04 17:30:00,78873.0,,,
2025-07-05,parquet_front_bid_ask,D:\Energin Raw Data\brent_local_2025_07\parquet\brent_1s_bars\year=2025\month=07\day=05\WATCHLIST_V4672876FTPH1_756_20250705.parquet,F:BRN\U25,nearest_unexpired,356,5,0,,,0.0,,,
2025-07-07,parquet_front_bid_ask,D:\Energin Raw Data\brent_local_2025_07\parquet\brent_1s_bars\year=2025\month=07\day=07\WATCHLIST_V4672876FTPH1_756_20250707.parquet,F:BRN\U25,nearest_unexpired,809671,48092,86401,2025-07-06 22:00:00,2025-07-07 22:00:00,158983.0,,,
2025-07-08,parquet_front_bid_ask,D:\Energin Raw Data\brent_local_2025_07\parquet\brent_1s_bars\year=2025\month=07\day=08\WATCHLIST_V4672876FTPH1_756_20250708.parquet,F:BRN\U25,nearest_unexpired,749057,45617,79201,2025-07-08 00:00:00,2025-07-08 22:00:00,136371.0,,,
2025-07-09,parquet_front_bid_ask,D:\Energin Raw Data\brent_local_2025_07\parquet\brent_1s_bars\year=2025\month=07\day=09\WATCHLIST_V4672876FTPH1_756_20250709.parquet,F:BRN\U25,nearest_unexpired,746666,44699,79201,2025-07-09 00:00:00,2025-07-09 22:00:00,126405.0,,,
2025-07-10,parquet_front_bid_ask,D:\Energin Raw Data\brent_local_2025_07\parquet\brent_1s_bars\year=2025\month=07\day=10\WATCHLIST_V4672876FTPH1_756_20250710.parquet,F:BRN\U25,nearest_unexpired,738723,43738,79201,2025-07-10 00:00:00,2025-07-10 22:00:00,150100.0,,,
2025-07-11,parquet_front_bid_ask,D:\Energin Raw Data\brent_local_2025_07\parquet\brent_1s_bars\year=2025\month=07\day=11\WATCHLIST_V4672876FTPH1_756_20250711.parquet,F:BRN\U25,nearest_unexpired,791691,46589,79201,2025-07-11 00:00:00,2025-07-11 22:00:00,145640.0,,,
2025-07-12,parquet_front_bid_ask,D:\Energin Raw Data\brent_local_2025_07\parquet\brent_1s_bars\year=2025\month=07\day=12\WATCHLIST_V4672876FTPH1_756_20250712.parquet,F:BRN\U25,nearest_unexpired,356,5,0,,,0.0,,,
2025-07-14,parquet_front_bid_ask,D:\Energin Raw Data\brent_local_2025_07\parquet\brent_1s_bars\year=2025\month=07\day=14\WATCHLIST_V4672876FTPH1_756_20250714.parquet,F:BRN\U25,nearest_unexpired,801669,47183,86401,2025-07-13 22:00:00,2025-07-14 22:00:00,166885.0,,,
2025-07-15,parquet_front_bid_ask,D:\Energin Raw Data\brent_local_2025_07\parquet\brent_1s_bars\year=2025\month=07\day=15\WATCHLIST_V4672876FTPH1_756_20250715.parquet,F:BRN\U25,nearest_unexpired,816105,47808,79201,2025-07-15 00:00:00,2025-07-15 22:00:00,130078.0,,,
2025-07-16,parquet_front_bid_ask,D:\Energin Raw Data\brent_local_2025_07\parquet\brent_1s_bars\year=2025\month=07\day=16\WATCHLIST_V4672876FTPH1_756_20250716.parquet,F:BRN\U25,nearest_unexpired,770092,45590,79201,2025-07-16 00:00:00,2025-07-16 22:00:00,149440.0,,,
2025-07-17,parquet_front_bid_ask,D:\Energin Raw Data\brent_local_2025_07\parquet\brent_1s_bars\year=2025\month=07\day=17\WATCHLIST_V4672876FTPH1_756_20250717.parquet,F:BRN\U25,nearest_unexpired,752071,44296,79201,2025-07-17 00:00:00,2025-07-17 22:00:00,125384.0,,,
2025-07-18,parquet_front_bid_ask,D:\Energin Raw Data\brent_local_2025_07\parquet\brent_1s_bars\year=2025\month=07\day=18\WATCHLIST_V4672876FTPH1_756_20250718.parquet,F:BRN\U25,nearest_unexpired,800094,48047,79201,2025-07-18 00:00:00,2025-07-18 22:00:00,172713.0,,,
2025-07-19,parquet_front_bid_ask,D:\Energin Raw Data\brent_local_2025_07\parquet\brent_1s_bars\year=2025\month=07\day=19\WATCHLIST_V4672876FTPH1_756_20250719.parquet,F:BRN\U25,nearest_unexpired,356,5,0,,,0.0,,,
2025-07-21,parquet_front_bid_ask,D:\Energin Raw Data\brent_local_2025_07\parquet\brent_1s_bars\year=2025\month=07\day=21\WATCHLIST_V4672876FTPH1_756_20250721.parquet,F:BRN\U25,nearest_unexpired,754472,45584,86401,2025-07-20 22:00:00,2025-07-21 22:00:00,111085.0,,,
2025-07-22,parquet_front_bid_ask,D:\Energin Raw Data\brent_local_2025_07\parquet\brent_1s_bars\year=2025\month=07\day=22\WATCHLIST_V4672876FTPH1_756_20250722.parquet,F:BRN\U25,nearest_unexpired,793198,47389,79201,2025-07-22 00:00:00,2025-07-22 22:00:00,116000.0,,,
2025-07-23,parquet_front_bid_ask,D:\Energin Raw Data\brent_local_2025_07\parquet\brent_1s_bars\year=2025\month=07\day=23\WATCHLIST_V4672876FTPH1_756_20250723.parquet,F:BRN\U25,nearest_unexpired,802053,48197,79201,2025-07-23 00:00:00,2025-07-23 22:00:00,99341.0,,,
2025-07-24,parquet_front_bid_ask,D:\Energin Raw Data\brent_local_2025_07\parquet\brent_1s_bars\year=2025\month=07\day=24\WATCHLIST_V4672876FTPH1_756_20250724.parquet,F:BRN\U25,nearest_unexpired,815186,46969,79201,2025-07-24 00:00:00,2025-07-24 22:00:00,123411.0,,,
2025-07-25,parquet_front_bid_ask,D:\Energin Raw Data\brent_local_2025_07\parquet\brent_1s_bars\year=2025\month=07\day=25\WATCHLIST_V4672876FTPH1_756_20250725.parquet,F:BRN\U25,nearest_unexpired,766462,44675,79201,2025-07-25 00:00:00,2025-07-25 22:00:00,67499.0,,,
2025-07-26,parquet_front_bid_ask,D:\Energin Raw Data\brent_local_2025_07\parquet\brent_1s_bars\year=2025\month=07\day=26\WATCHLIST_V4672876FTPH1_756_20250726.parquet,F:BRN\U25,nearest_unexpired,357,5,0,,,0.0,,,
2025-07-28,parquet_front_bid_ask,D:\Energin Raw Data\brent_local_2025_07\parquet\brent_1s_bars\year=2025\month=07\day=28\WATCHLIST_V4672876FTPH1_756_20250728.parquet,F:BRN\U25,nearest_unexpired,768677,45883,86401,2025-07-27 22:00:00,2025-07-28 22:00:00,83724.0,,,
2025-07-29,parquet_front_bid_ask,D:\Energin Raw Data\brent_local_2025_07\parquet\brent_1s_bars\year=2025\month=07\day=29\WATCHLIST_V4672876FTPH1_756_20250729.parquet,F:BRN\U25,nearest_unexpired,788236,46059,79201,2025-07-29 00:00:00,2025-07-29 22:00:00,45324.0,,,
2025-07-30,parquet_front_bid_ask,D:\Energin Raw Data\brent_local_2025_07\parquet\brent_1s_bars\year=2025\month=07\day=30\WATCHLIST_V4672876FTPH1_756_20250730.parquet,F:BRN\U25,nearest_unexpired,855982,47146,79201,2025-07-30 00:00:00,2025-07-30 22:00:00,22208.0,,,
2025-07-31,parquet_front_bid_ask,D:\Energin Raw Data\brent_local_2025_07\parquet\brent_1s_bars\year=2025\month=07\day=31\WATCHLIST_V4672876FTPH1_756_20250731.parquet,F:BRN\U25,nearest_unexpired,781945,27114,79201,2025-07-31 00:00:00,2025-07-31 22:00:00,5442.0,,,
2025-08-01,parquet_front_bid_ask,D:\Energin Raw Data\brent_local_2025_08\parquet\brent_1s_bars\year=2025\month=08\day=01\WATCHLIST_V4672876FTPH1_756_20250801.parquet,F:BRN\V25,nearest_unexpired,805602,49712,79201,2025-08-01 00:00:00,2025-08-01 22:00:00,201931.0,,,
2025-08-02,parquet_front_bid_ask,D:\Energin Raw Data\brent_local_2025_08\parquet\brent_1s_bars\year=2025\month=08\day=02\WATCHLIST_V4672876FTPH1_756_20250802.parquet,F:BRN\V25,nearest_unexpired,312,4,0,,,0.0,,,
2025-08-04,parquet_front_bid_ask,D:\Energin Raw Data\brent_local_2025_08\parquet\brent_1s_bars\year=2025\month=08\day=04\WATCHLIST_V4672876FTPH1_756_20250804.parquet,F:BRN\V25,nearest_unexpired,819424,49027,86401,2025-08-03 22:00:00,2025-08-04 22:00:00,182620.0,,,
2025-08-05,parquet_front_bid_ask,D:\Energin Raw Data\brent_local_2025_08\parquet\brent_1s_bars\year=2025\month=08\day=05\WATCHLIST_V4672876FTPH1_756_20250805.parquet,F:BRN\V25,nearest_unexpired,743966,45785,79201,2025-08-05 00:00:00,2025-08-05 22:00:00,176729.0,,,
2025-08-06,parquet_front_bid_ask,D:\Energin Raw Data\brent_local_2025_08\parquet\brent_1s_bars\year=2025\month=08\day=06\WATCHLIST_V4672876FTPH1_756_20250806.parquet,F:BRN\V25,nearest_unexpired,759332,45478,79201,2025-08-06 00:00:00,2025-08-06 22:00:00,254201.0,,,
2025-08-07,parquet_front_bid_ask,D:\Energin Raw Data\brent_local_2025_08\parquet\brent_1s_bars\year=2025\month=08\day=07\WATCHLIST_V4672876FTPH1_756_20250807.parquet,F:BRN\V25,nearest_unexpired,775027,47463,79201,2025-08-07 00:00:00,2025-08-07 22:00:00,176955.0,,,
2025-08-08,parquet_front_bid_ask,D:\Energin Raw Data\brent_local_2025_08\parquet\brent_1s_bars\year=2025\month=08\day=08\WATCHLIST_V4672876FTPH1_756_20250808.parquet,F:BRN\V25,nearest_unexpired,771088,47334,79201,2025-08-08 00:00:00,2025-08-08 22:00:00,205224.0,,,
2025-08-09,parquet_front_bid_ask,D:\Energin Raw Data\brent_local_2025_08\parquet\brent_1s_bars\year=2025\month=08\day=09\WATCHLIST_V4672876FTPH1_756_20250809.parquet,F:BRN\V25,nearest_unexpired,312,4,0,,,0.0,,,
2025-08-11,parquet_front_bid_ask,D:\Energin Raw Data\brent_local_2025_08\parquet\brent_1s_bars\year=2025\month=08\day=11\WATCHLIST_V4672876FTPH1_756_20250811.parquet,F:BRN\V25,nearest_unexpired,746772,46078,86401,2025-08-10 22:00:00,2025-08-11 22:00:00,117967.0,,,
2025-08-12,parquet_front_bid_ask,D:\Energin Raw Data\brent_local_2025_08\parquet\brent_1s_bars\year=2025\month=08\day=12\WATCHLIST_V4672876FTPH1_756_20250812.parquet,F:BRN\V25,nearest_unexpired,708035,43651,79201,2025-08-12 00:00:00,2025-08-12 22:00:00,114540.0,,,
2025-08-13,parquet_front_bid_ask,D:\Energin Raw Data\brent_local_2025_08\parquet\brent_1s_bars\year=2025\month=08\day=13\WATCHLIST_V4672876FTPH1_756_20250813.parquet,F:BRN\V25,nearest_unexpired,710981,43232,79201,2025-08-13 00:00:00,2025-08-13 22:00:00,162411.0,,,
2025-08-14,parquet_front_bid_ask,D:\Energin Raw Data\brent_local_2025_08\parquet\brent_1s_bars\year=2025\month=08\day=14\WATCHLIST_V4672876FTPH1_756_20250814.parquet,F:BRN\V25,nearest_unexpired,750573,46142,79201,2025-08-14 00:00:00,2025-08-14 22:00:00,135238.0,,,
2025-08-15,parquet_front_bid_ask,D:\Energin Raw Data\brent_local_2025_08\parquet\brent_1s_bars\year=2025\month=08\day=15\WATCHLIST_V4672876FTPH1_756_20250815.parquet,F:BRN\V25,nearest_unexpired,695412,43969,79201,2025-08-15 00:00:00,2025-08-15 22:00:00,120070.0,,,
2025-08-16,parquet_front_bid_ask,D:\Energin Raw Data\brent_local_2025_08\parquet\brent_1s_bars\year=2025\month=08\day=16\WATCHLIST_V4672876FTPH1_756_20250816.parquet,F:BRN\V25,nearest_unexpired,312,4,0,,,0.0,,,
2025-08-18,parquet_front_bid_ask,D:\Energin Raw Data\brent_local_2025_08\parquet\brent_1s_bars\year=2025\month=08\day=18\WATCHLIST_V4672876FTPH1_756_20250818.parquet,F:BRN\V25,nearest_unexpired,819580,46730,86401,2025-08-17 22:00:00,2025-08-18 22:00:00,144103.0,,,
2025-08-19,parquet_front_bid_ask,D:\Energin Raw Data\brent_local_2025_08\parquet\brent_1s_bars\year=2025\month=08\day=19\WATCHLIST_V4672876FTPH1_756_20250819.parquet,F:BRN\V25,nearest_unexpired,758878,45706,79201,2025-08-19 00:00:00,2025-08-19 22:00:00,124197.0,,,
2025-08-20,parquet_front_bid_ask,D:\Energin Raw Data\brent_local_2025_08\parquet\brent_1s_bars\year=2025\month=08\day=20\WATCHLIST_V4672876FTPH1_756_20250820.parquet,F:BRN\V25,nearest_unexpired,765448,45374,79201,2025-08-20 00:00:00,2025-08-20 22:00:00,141935.0,,,
2025-08-21,parquet_front_bid_ask,D:\Energin Raw Data\brent_local_2025_08\parquet\brent_1s_bars\year=2025\month=08\day=21\WATCHLIST_V4672876FTPH1_756_20250821.parquet,F:BRN\V25,nearest_unexpired,751524,44171,79201,2025-08-21 00:00:00,2025-08-21 22:00:00,118794.0,,,
2025-08-22,parquet_front_bid_ask,D:\Energin Raw Data\brent_local_2025_08\parquet\brent_1s_bars\year=2025\month=08\day=22\WATCHLIST_V4672876FTPH1_756_20250822.parquet,F:BRN\V25,nearest_unexpired,756499,44328,79201,2025-08-22 00:00:00,2025-08-22 22:00:00,81136.0,,,
2025-08-23,parquet_front_bid_ask,D:\Energin Raw Data\brent_local_2025_08\parquet\brent_1s_bars\year=2025\month=08\day=23\WATCHLIST_V4672876FTPH1_756_20250823.parquet,F:BRN\V25,nearest_unexpired,312,4,0,,,0.0,,,
2025-08-25,parquet_front_bid_ask,D:\Energin Raw Data\brent_local_2025_08\parquet\brent_1s_bars\year=2025\month=08\day=25\WATCHLIST_V4672876FTPH1_756_20250825.parquet,F:BRN\V25,nearest_unexpired,698272,39811,86401,2025-08-24 22:00:00,2025-08-25 22:00:00,66233.0,,,
2025-08-26,parquet_front_bid_ask,D:\Energin Raw Data\brent_local_2025_08\parquet\brent_1s_bars\year=2025\month=08\day=26\WATCHLIST_V4672876FTPH1_756_20250826.parquet,F:BRN\V25,nearest_unexpired,765345,44748,79201,2025-08-26 00:00:00,2025-08-26 22:00:00,69731.0,,,
2025-08-27,parquet_front_bid_ask,D:\Energin Raw Data\brent_local_2025_08\parquet\brent_1s_bars\year=2025\month=08\day=27\WATCHLIST_V4672876FTPH1_756_20250827.parquet,F:BRN\V25,nearest_unexpired,720731,43862,79201,2025-08-27 00:00:00,2025-08-27 22:00:00,34521.0,,,
2025-08-28,parquet_front_bid_ask,D:\Energin Raw Data\brent_local_2025_08\parquet\brent_1s_bars\year=2025\month=08\day=28\WATCHLIST_V4672876FTPH1_756_20250828.parquet,F:BRN\V25,nearest_unexpired,714483,40726,79201,2025-08-28 00:00:00,2025-08-28 22:00:00,21277.0,,,
2025-08-29,parquet_front_bid_ask,D:\Energin Raw Data\brent_local_2025_08\parquet\brent_1s_bars\year=2025\month=08\day=29\WATCHLIST_V4672876FTPH1_756_20250829.parquet,F:BRN\V25,nearest_unexpired,679414,24027,79201,2025-08-29 00:00:00,2025-08-29 22:00:00,6637.0,,,
2025-08-30,parquet_front_bid_ask,D:\Energin Raw Data\brent_local_2025_08\parquet\brent_1s_bars\year=2025\month=08\day=30\WATCHLIST_V4672876FTPH1_756_20250830.parquet,F:BRN\X25,nearest_unexpired,310,4,0,,,0.0,,,
2025-09-01,parquet_front_bid_ask,D:\Energin Raw Data\brent_local_2025_09\parquet\brent_1s_bars\year=2025\month=09\day=01\WATCHLIST_V4672876FTPH1_756_20250901.parquet,F:BRN\X25,nearest_unexpired,463098,31999,70201,2025-08-31 22:00:00,2025-09-01 17:30:00,88436.0,,,
2025-09-02,parquet_front_bid_ask,D:\Energin Raw Data\brent_local_2025_09\parquet\brent_1s_bars\year=2025\month=09\day=02\WATCHLIST_V4672876FTPH1_756_20250902.parquet,F:BRN\X25,nearest_unexpired,818217,49033,79201,2025-09-02 00:00:00,2025-09-02 22:00:00,202233.0,,,
2025-09-03,parquet_front_bid_ask,D:\Energin Raw Data\brent_local_2025_09\parquet\brent_1s_bars\year=2025\month=09\day=03\WATCHLIST_V4672876FTPH1_756_20250903.parquet,F:BRN\X25,nearest_unexpired,797492,47550,79201,2025-09-03 00:00:00,2025-09-03 22:00:00,218298.0,,,
2025-09-04,parquet_front_bid_ask,D:\Energin Raw Data\brent_local_2025_09\parquet\brent_1s_bars\year=2025\month=09\day=04\WATCHLIST_V4672876FTPH1_756_20250904.parquet,F:BRN\X25,nearest_unexpired,771984,46627,79201,2025-09-04 00:00:00,2025-09-04 22:00:00,174801.0,,,
2025-09-05,parquet_front_bid_ask,D:\Energin Raw Data\brent_local_2025_09\parquet\brent_1s_bars\year=2025\month=09\day=05\WATCHLIST_V4672876FTPH1_756_20250905.parquet,F:BRN\X25,nearest_unexpired,765199,45677,79201,2025-09-05 00:00:00,2025-09-05 22:00:00,206721.0,,,
2025-09-06,parquet_front_bid_ask,D:\Energin Raw Data\brent_local_2025_09\parquet\brent_1s_bars\year=2025\month=09\day=06\WATCHLIST_V4672876FTPH1_756_20250906.parquet,F:BRN\X25,nearest_unexpired,343,5,0,,,0.0,,,
2025-09-08,parquet_front_bid_ask,D:\Energin Raw Data\brent_local_2025_09\parquet\brent_1s_bars\year=2025\month=09\day=08\WATCHLIST_V4672876FTPH1_756_20250908.parquet,F:BRN\X25,nearest_unexpired,817002,49025,86401,2025-09-07 22:00:00,2025-09-08 22:00:00,159013.0,,,
2025-09-09,parquet_front_bid_ask,D:\Energin Raw Data\brent_local_2025_09\parquet\brent_1s_bars\year=2025\month=09\day=09\WATCHLIST_V4672876FTPH1_756_20250909.parquet,F:BRN\X25,nearest_unexpired,748499,44911,79201,2025-09-09 00:00:00,2025-09-09 22:00:00,167443.0,,,
2025-09-10,parquet_front_bid_ask,D:\Energin Raw Data\brent_local_2025_09\parquet\brent_1s_bars\year=2025\month=09\day=10\WATCHLIST_V4672876FTPH1_756_20250910.parquet,F:BRN\X25,nearest_unexpired,727912,44530,79201,2025-09-10 00:00:00,2025-09-10 22:00:00,167947.0,,,
2025-09-11,parquet_front_bid_ask,D:\Energin Raw Data\brent_local_2025_09\parquet\brent_1s_bars\year=2025\month=09\day=11\WATCHLIST_V4672876FTPH1_756_20250911.parquet,F:BRN\X25,nearest_unexpired,739045,44742,79201,2025-09-11 00:00:00,2025-09-11 22:00:00,138981.0,,,
2025-09-12,parquet_front_bid_ask,D:\Energin Raw Data\brent_local_2025_09\parquet\brent_1s_bars\year=2025\month=09\day=12\WATCHLIST_V4672876FTPH1_756_20250912.parquet,F:BRN\X25,nearest_unexpired,812829,49369,79201,2025-09-12 00:00:00,2025-09-12 22:00:00,222582.0,,,
2025-09-13,parquet_front_bid_ask,D:\Energin Raw Data\brent_local_2025_09\parquet\brent_1s_bars\year=2025\month=09\day=13\WATCHLIST_V4672876FTPH1_756_20250913.parquet,F:BRN\X25,nearest_unexpired,362,6,0,,,0.0,,,
2025-09-15,parquet_front_bid_ask,D:\Energin Raw Data\brent_local_2025_09\parquet\brent_1s_bars\year=2025\month=09\day=15\WATCHLIST_V4672876FTPH1_756_20250915.parquet,F:BRN\X25,nearest_unexpired,728830,44001,86401,2025-09-14 22:00:00,2025-09-15 22:00:00,111290.0,,,
2025-09-16,parquet_front_bid_ask,D:\Energin Raw Data\brent_local_2025_09\parquet\brent_1s_bars\year=2025\month=09\day=16\WATCHLIST_V4672876FTPH1_756_20250916.parquet,F:BRN\X25,nearest_unexpired,774323,47265,79201,2025-09-16 00:00:00,2025-09-16 22:00:00,164925.0,,,
2025-09-17,parquet_front_bid_ask,D:\Energin Raw Data\brent_local_2025_09\parquet\brent_1s_bars\year=2025\month=09\day=17\WATCHLIST_V4672876FTPH1_756_20250917.parquet,F:BRN\X25,nearest_unexpired,740040,44844,79201,2025-09-17 00:00:00,2025-09-17 22:00:00,121489.0,,,
2025-09-18,parquet_front_bid_ask,D:\Energin Raw Data\brent_local_2025_09\parquet\brent_1s_bars\year=2025\month=09\day=18\WATCHLIST_V4672876FTPH1_756_20250918.parquet,F:BRN\X25,nearest_unexpired,774956,46095,79201,2025-09-18 00:00:00,2025-09-18 22:00:00,138363.0,,,
2025-09-19,parquet_front_bid_ask,D:\Energin Raw Data\brent_local_2025_09\parquet\brent_1s_bars\year=2025\month=09\day=19\WATCHLIST_V4672876FTPH1_756_20250919.parquet,F:BRN\X25,nearest_unexpired,748841,44784,79201,2025-09-19 00:00:00,2025-09-19 22:00:00,121841.0,,,
2025-09-20,parquet_front_bid_ask,D:\Energin Raw Data\brent_local_2025_09\parquet\brent_1s_bars\year=2025\month=09\day=20\WATCHLIST_V4672876FTPH1_756_20250920.parquet,F:BRN\X25,nearest_unexpired,341,5,0,,,0.0,,,
2025-09-22,parquet_front_bid_ask,D:\Energin Raw Data\brent_local_2025_09\parquet\brent_1s_bars\year=2025\month=09\day=22\WATCHLIST_V4672876FTPH1_756_20250922.parquet,F:BRN\X25,nearest_unexpired,742398,45419,86401,2025-09-21 22:00:00,2025-09-22 22:00:00,114934.0,,,
2025-09-23,parquet_front_bid_ask,D:\Energin Raw Data\brent_local_2025_09\parquet\brent_1s_bars\year=2025\month=09\day=23\WATCHLIST_V4672876FTPH1_756_20250923.parquet,F:BRN\X25,nearest_unexpired,752249,46566,79201,2025-09-23 00:00:00,2025-09-23 22:00:00,128260.0,,,
2025-09-24,parquet_front_bid_ask,D:\Energin Raw Data\brent_local_2025_09\parquet\brent_1s_bars\year=2025\month=09\day=24\WATCHLIST_V4672876FTPH1_756_20250924.parquet,F:BRN\X25,nearest_unexpired,704917,44523,79201,2025-09-24 00:00:00,2025-09-24 22:00:00,108083.0,,,
2025-09-25,parquet_front_bid_ask,D:\Energin Raw Data\brent_local_2025_09\parquet\brent_1s_bars\year=2025\month=09\day=25\WATCHLIST_V4672876FTPH1_756_20250925.parquet,F:BRN\X25,nearest_unexpired,793998,47438,79201,2025-09-25 00:00:00,2025-09-25 22:00:00,78047.0,,,
2025-09-26,parquet_front_bid_ask,D:\Energin Raw Data\brent_local_2025_09\parquet\brent_1s_bars\year=2025\month=09\day=26\WATCHLIST_V4672876FTPH1_756_20250926.parquet,F:BRN\X25,nearest_unexpired,776218,45424,79201,2025-09-26 00:00:00,2025-09-26 22:00:00,44136.0,,,
2025-09-27,parquet_front_bid_ask,D:\Energin Raw Data\brent_local_2025_09\parquet\brent_1s_bars\year=2025\month=09\day=27\WATCHLIST_V4672876FTPH1_756_20250927.parquet,F:BRN\X25,nearest_unexpired,308,4,0,,,0.0,,,
2025-09-29,parquet_front_bid_ask,D:\Energin Raw Data\brent_local_2025_09\parquet\brent_1s_bars\year=2025\month=09\day=29\WATCHLIST_V4672876FTPH1_756_20250929.parquet,F:BRN\X25,nearest_unexpired,807658,45861,86401,2025-09-28 22:00:00,2025-09-29 22:00:00,31362.0,,,
2025-09-30,parquet_front_bid_ask,D:\Energin Raw Data\brent_local_2025_09\parquet\brent_1s_bars\year=2025\month=09\day=30\WATCHLIST_V4672876FTPH1_756_20250930.parquet,F:BRN\X25,nearest_unexpired,807196,30008,79201,2025-09-30 00:00:00,2025-09-30 22:00:00,9929.0,,,
2025-10-01,parquet_front_bid_ask,D:\Energin Raw Data\brent_local_2025_10\parquet\brent_1s_bars\year=2025\month=10\day=01\WATCHLIST_V4672876FTPH1_756_20251001.parquet,F:BRN\Z25,nearest_unexpired,758621,47229,79201,2025-10-01 00:00:00,2025-10-01 22:00:00,232659.0,,,
2025-10-02,parquet_front_bid_ask,D:\Energin Raw Data\brent_local_2025_10\parquet\brent_1s_bars\year=2025\month=10\day=02\WATCHLIST_V4672876FTPH1_756_20251002.parquet,F:BRN\Z25,nearest_unexpired,811954,48112,79201,2025-10-02 00:00:00,2025-10-02 22:00:00,258278.0,,,
2025-10-03,parquet_front_bid_ask,D:\Energin Raw Data\brent_local_2025_10\parquet\brent_1s_bars\year=2025\month=10\day=03\WATCHLIST_V4672876FTPH1_756_20251003.parquet,F:BRN\Z25,nearest_unexpired,777163,46654,79201,2025-10-03 00:00:00,2025-10-03 22:00:00,177250.0,,,
2025-10-04,parquet_front_bid_ask,D:\Energin Raw Data\brent_local_2025_10\parquet\brent_1s_bars\year=2025\month=10\day=04\WATCHLIST_V4672876FTPH1_756_20251004.parquet,F:BRN\Z25,nearest_unexpired,304,4,0,,,0.0,,,
2025-10-06,parquet_front_bid_ask,D:\Energin Raw Data\brent_local_2025_10\parquet\brent_1s_bars\year=2025\month=10\day=06\WATCHLIST_V4672876FTPH1_756_20251006.parquet,F:BRN\Z25,nearest_unexpired,824777,47488,86401,2025-10-05 22:00:00,2025-10-06 22:00:00,165623.0,,,
2025-10-07,parquet_front_bid_ask,D:\Energin Raw Data\brent_local_2025_10\parquet\brent_1s_bars\year=2025\month=10\day=07\WATCHLIST_V4672876FTPH1_756_20251007.parquet,F:BRN\Z25,nearest_unexpired,760573,43893,79201,2025-10-07 00:00:00,2025-10-07 22:00:00,159577.0,,,
2025-10-08,parquet_front_bid_ask,D:\Energin Raw Data\brent_local_2025_10\parquet\brent_1s_bars\year=2025\month=10\day=08\WATCHLIST_V4672876FTPH1_756_20251008.parquet,F:BRN\Z25,nearest_unexpired,742483,43510,79201,2025-10-08 00:00:00,2025-10-08 22:00:00,161950.0,,,
2025-10-09,parquet_front_bid_ask,D:\Energin Raw Data\brent_local_2025_10\parquet\brent_1s_bars\year=2025\month=10\day=09\WATCHLIST_V4672876FTPH1_756_20251009.parquet,F:BRN\Z25,nearest_unexpired,858450,50440,79201,2025-10-09 00:00:00,2025-10-09 22:00:00,180173.0,,,
2025-10-10,parquet_front_bid_ask,D:\Energin Raw Data\brent_local_2025_10\parquet\brent_1s_bars\year=2025\month=10\day=10\WATCHLIST_V4672876FTPH1_756_20251010.parquet,F:BRN\Z25,nearest_unexpired,918277,51783,79201,2025-10-10 00:00:00,2025-10-10 22:00:00,312226.0,,,
2025-10-11,parquet_front_bid_ask,D:\Energin Raw Data\brent_local_2025_10\parquet\brent_1s_bars\year=2025\month=10\day=11\WATCHLIST_V4672876FTPH1_756_20251011.parquet,F:BRN\Z25,nearest_unexpired,304,4,0,,,0.0,,,
2025-10-13,parquet_front_bid_ask,D:\Energin Raw Data\brent_local_2025_10\parquet\brent_1s_bars\year=2025\month=10\day=13\WATCHLIST_V4672876FTPH1_756_20251013.parquet,F:BRN\Z25,nearest_unexpired,929420,54711,86401,2025-10-12 22:00:00,2025-10-13 22:00:00,194671.0,,,
2025-10-14,parquet_front_bid_ask,D:\Energin Raw Data\brent_local_2025_10\parquet\brent_1s_bars\year=2025\month=10\day=14\WATCHLIST_V4672876FTPH1_756_20251014.parquet,F:BRN\Z25,nearest_unexpired,984023,55187,79201,2025-10-14 00:00:00,2025-10-14 22:00:00,243588.0,,,
2025-10-15,parquet_front_bid_ask,D:\Energin Raw Data\brent_local_2025_10\parquet\brent_1s_bars\year=2025\month=10\day=15\WATCHLIST_V4672876FTPH1_756_20251015.parquet,F:BRN\Z25,nearest_unexpired,849597,49091,79201,2025-10-15 00:00:00,2025-10-15 22:00:00,161656.0,,,
2025-10-16,parquet_front_bid_ask,D:\Energin Raw Data\brent_local_2025_10\parquet\brent_1s_bars\year=2025\month=10\day=16\WATCHLIST_V4672876FTPH1_756_20251016.parquet,F:BRN\Z25,nearest_unexpired,885883,50186,79201,2025-10-16 00:00:00,2025-10-16 22:00:00,213004.0,,,
2025-10-17,parquet_front_bid_ask,D:\Energin Raw Data\brent_local_2025_10\parquet\brent_1s_bars\year=2025\month=10\day=17\WATCHLIST_V4672876FTPH1_756_20251017.parquet,F:BRN\Z25,nearest_unexpired,965901,54820,79201,2025-10-17 00:00:00,2025-10-17 22:00:00,196436.0,,,
2025-10-18,parquet_front_bid_ask,D:\Energin Raw Data\brent_local_2025_10\parquet\brent_1s_bars\year=2025\month=10\day=18\WATCHLIST_V4672876FTPH1_756_20251018.parquet,F:BRN\Z25,nearest_unexpired,337,5,0,,,0.0,,,
2025-10-20,parquet_front_bid_ask,D:\Energin Raw Data\brent_local_2025_10\parquet\brent_1s_bars\year=2025\month=10\day=20\WATCHLIST_V4672876FTPH1_756_20251020.parquet,F:BRN\Z25,nearest_unexpired,818236,46981,86401,2025-10-19 22:00:00,2025-10-20 22:00:00,130531.0,,,
2025-10-21,parquet_front_bid_ask,D:\Energin Raw Data\brent_local_2025_10\parquet\brent_1s_bars\year=2025\month=10\day=21\WATCHLIST_V4672876FTPH1_756_20251021.parquet,F:BRN\Z25,nearest_unexpired,825795,47284,79201,2025-10-21 00:00:00,2025-10-21 22:00:00,189801.0,,,
2025-10-22,parquet_front_bid_ask,D:\Energin Raw Data\brent_local_2025_10\parquet\brent_1s_bars\year=2025\month=10\day=22\WATCHLIST_V4672876FTPH1_756_20251022.parquet,F:BRN\Z25,nearest_unexpired,985525,55373,79201,2025-10-22 00:00:00,2025-10-22 22:00:00,230467.0,,,
2025-10-23,parquet_front_bid_ask,D:\Energin Raw Data\brent_local_2025_10\parquet\brent_1s_bars\year=2025\month=10\day=23\WATCHLIST_V4672876FTPH1_756_20251023.parquet,F:BRN\Z25,nearest_unexpired,1025434,59049,79201,2025-10-23 00:00:00,2025-10-23 22:00:00,363413.0,,,
2025-10-24,parquet_front_bid_ask,D:\Energin Raw Data\brent_local_2025_10\parquet\brent_1s_bars\year=2025\month=10\day=24\WATCHLIST_V4672876FTPH1_756_20251024.parquet,F:BRN\Z25,nearest_unexpired,830878,49541,79201,2025-10-24 00:00:00,2025-10-24 22:00:00,137656.0,,,
2025-10-25,parquet_front_bid_ask,D:\Energin Raw Data\brent_local_2025_10\parquet\brent_1s_bars\year=2025\month=10\day=25\WATCHLIST_V4672876FTPH1_756_20251025.parquet,F:BRN\Z25,nearest_unexpired,339,5,0,,,0.0,,,
2025-10-27,parquet_front_bid_ask,D:\Energin Raw Data\brent_local_2025_10\parquet\brent_1s_bars\year=2025\month=10\day=27\WATCHLIST_V4672876FTPH1_756_20251027.parquet,F:BRN\Z25,nearest_unexpired,854517,50546,86401,2025-10-26 22:00:00,2025-10-27 22:00:00,94595.0,,,
2025-10-28,parquet_front_bid_ask,D:\Energin Raw Data\brent_local_2025_10\parquet\brent_1s_bars\year=2025\month=10\day=28\WATCHLIST_V4672876FTPH1_756_20251028.parquet,F:BRN\Z25,nearest_unexpired,845682,49569,79201,2025-10-28 00:00:00,2025-10-28 22:00:00,98619.0,,,
2025-10-29,parquet_front_bid_ask,D:\Energin Raw Data\brent_local_2025_10\parquet\brent_1s_bars\year=2025\month=10\day=29\WATCHLIST_V4672876FTPH1_756_20251029.parquet,F:BRN\Z25,nearest_unexpired,821939,47790,79201,2025-10-29 00:00:00,2025-10-29 22:00:00,36177.0,,,
2025-10-30,parquet_front_bid_ask,D:\Energin Raw Data\brent_local_2025_10\parquet\brent_1s_bars\year=2025\month=10\day=30\WATCHLIST_V4672876FTPH1_756_20251030.parquet,F:BRN\Z25,nearest_unexpired,852442,48306,79201,2025-10-30 00:00:00,2025-10-30 22:00:00,23196.0,,,
2025-10-31,parquet_front_bid_ask,D:\Energin Raw Data\brent_local_2025_10\parquet\brent_1s_bars\year=2025\month=10\day=31\WATCHLIST_V4672876FTPH1_756_20251031.parquet,F:BRN\Z25,nearest_unexpired,763291,26857,79201,2025-10-31 00:00:00,2025-10-31 22:00:00,6364.0,,,
2025-11-01,parquet_front_bid_ask,D:\Energin Raw Data\brent_local_2025_11\parquet\brent_1s_bars\year=2025\month=11\day=01\WATCHLIST_V4672876FTPH1_756_20251101.parquet,F:BRN\F26,nearest_unexpired,337,5,0,,,0.0,,,
2025-11-03,parquet_front_bid_ask,D:\Energin Raw Data\brent_local_2025_11\parquet\brent_1s_bars\year=2025\month=11\day=03\WATCHLIST_V4672876FTPH1_756_20251103.parquet,F:BRN\F26,nearest_unexpired,759939,48699,86401,2025-11-02 23:00:00,2025-11-03 23:00:00,166565.0,,,
2025-11-04,parquet_front_bid_ask,D:\Energin Raw Data\brent_local_2025_11\parquet\brent_1s_bars\year=2025\month=11\day=04\WATCHLIST_V4672876FTPH1_756_20251104.parquet,F:BRN\F26,nearest_unexpired,742572,48229,79201,2025-11-04 01:00:00,2025-11-04 23:00:00,159658.0,,,
2025-11-05,parquet_front_bid_ask,D:\Energin Raw Data\brent_local_2025_11\parquet\brent_1s_bars\year=2025\month=11\day=05\WATCHLIST_V4672876FTPH1_756_20251105.parquet,F:BRN\F26,nearest_unexpired,797057,50983,79201,2025-11-05 01:00:00,2025-11-05 23:00:00,182716.0,,,
2025-11-06,parquet_front_bid_ask,D:\Energin Raw Data\brent_local_2025_11\parquet\brent_1s_bars\year=2025\month=11\day=06\WATCHLIST_V4672876FTPH1_756_20251106.parquet,F:BRN\F26,nearest_unexpired,832117,51509,79201,2025-11-06 01:00:00,2025-11-06 23:00:00,212382.0,,,
2025-11-07,parquet_front_bid_ask,D:\Energin Raw Data\brent_local_2025_11\parquet\brent_1s_bars\year=2025\month=11\day=07\WATCHLIST_V4672876FTPH1_756_20251107.parquet,F:BRN\F26,nearest_unexpired,850085,53092,79201,2025-11-07 01:00:00,2025-11-07 23:00:00,181399.0,,,
2025-11-08,parquet_front_bid_ask,D:\Energin Raw Data\brent_local_2025_11\parquet\brent_1s_bars\year=2025\month=11\day=08\WATCHLIST_V4672876FTPH1_756_20251108.parquet,F:BRN\F26,nearest_unexpired,300,4,0,,,0.0,,,
2025-11-10,parquet_front_bid_ask,D:\Energin Raw Data\brent_local_2025_11\parquet\brent_1s_bars\year=2025\month=11\day=10\WATCHLIST_V4672876FTPH1_756_20251110.parquet,F:BRN\F26,nearest_unexpired,722570,47077,86401,2025-11-09 23:00:00,2025-11-10 23:00:00,143228.0,,,
2025-11-11,parquet_front_bid_ask,D:\Energin Raw Data\brent_local_2025_11\parquet\brent_1s_bars\year=2025\month=11\day=11\WATCHLIST_V4672876FTPH1_756_20251111.parquet,F:BRN\F26,nearest_unexpired,677399,45400,79201,2025-11-11 01:00:00,2025-11-11 23:00:00,166613.0,,,
2025-11-12,parquet_front_bid_ask,D:\Energin Raw Data\brent_local_2025_11\parquet\brent_1s_bars\year=2025\month=11\day=12\WATCHLIST_V4672876FTPH1_756_20251112.parquet,F:BRN\F26,nearest_unexpired,725239,47881,79201,2025-11-12 01:00:00,2025-11-12 23:00:00,235627.0,,,
2025-11-13,parquet_front_bid_ask,D:\Energin Raw Data\brent_local_2025_11\parquet\brent_1s_bars\year=2025\month=11\day=13\WATCHLIST_V4672876FTPH1_756_20251113.parquet,F:BRN\F26,nearest_unexpired,774089,50561,79201,2025-11-13 01:00:00,2025-11-13 23:00:00,159698.0,,,
2025-11-14,parquet_front_bid_ask,D:\Energin Raw Data\brent_local_2025_11\parquet\brent_1s_bars\year=2025\month=11\day=14\WATCHLIST_V4672876FTPH1_756_20251114.parquet,F:BRN\F26,nearest_unexpired,870496,55626,79201,2025-11-14 01:00:00,2025-11-14 23:00:00,243464.0,,,
2025-11-15,parquet_front_bid_ask,D:\Energin Raw Data\brent_local_2025_11\parquet\brent_1s_bars\year=2025\month=11\day=15\WATCHLIST_V4672876FTPH1_756_20251115.parquet,F:BRN\F26,nearest_unexpired,324,4,0,,,0.0,,,
2025-11-17,parquet_front_bid_ask,D:\Energin Raw Data\brent_local_2025_11\parquet\brent_1s_bars\year=2025\month=11\day=17\WATCHLIST_V4672876FTPH1_756_20251117.parquet,F:BRN\F26,nearest_unexpired,721388,47471,86401,2025-11-16 23:00:00,2025-11-17 23:00:00,131578.0,,,
2025-11-18,parquet_front_bid_ask,D:\Energin Raw Data\brent_local_2025_11\parquet\brent_1s_bars\year=2025\month=11\day=18\WATCHLIST_V4672876FTPH1_756_20251118.parquet,F:BRN\F26,nearest_unexpired,897956,54387,79201,2025-11-18 01:00:00,2025-11-18 23:00:00,192420.0,,,
2025-11-19,parquet_front_bid_ask,D:\Energin Raw Data\brent_local_2025_11\parquet\brent_1s_bars\year=2025\month=11\day=19\WATCHLIST_V4672876FTPH1_756_20251119.parquet,F:BRN\F26,nearest_unexpired,892075,54798,79201,2025-11-19 01:00:00,2025-11-19 23:00:00,200828.0,,,
2025-11-20,parquet_front_bid_ask,D:\Energin Raw Data\brent_local_2025_11\parquet\brent_1s_bars\year=2025\month=11\day=20\WATCHLIST_V4672876FTPH1_756_20251120.parquet,F:BRN\F26,nearest_unexpired,887575,52545,79201,2025-11-20 01:00:00,2025-11-20 23:00:00,167132.0,,,
2025-11-21,parquet_front_bid_ask,D:\Energin Raw Data\brent_local_2025_11\parquet\brent_1s_bars\year=2025\month=11\day=21\WATCHLIST_V4672876FTPH1_756_20251121.parquet,F:BRN\F26,nearest_unexpired,980206,56426,79201,2025-11-21 01:00:00,2025-11-21 23:00:00,170977.0,,,
2025-11-22,parquet_front_bid_ask,D:\Energin Raw Data\brent_local_2025_11\parquet\brent_1s_bars\year=2025\month=11\day=22\WATCHLIST_V4672876FTPH1_756_20251122.parquet,F:BRN\F26,nearest_unexpired,379,5,0,,,0.0,,,
2025-11-24,parquet_front_bid_ask,D:\Energin Raw Data\brent_local_2025_11\parquet\brent_1s_bars\year=2025\month=11\day=24\WATCHLIST_V4672876FTPH1_756_20251124.parquet,F:BRN\F26,nearest_unexpired,835345,49292,86401,2025-11-23 23:00:00,2025-11-24 23:00:00,88155.0,,,
2025-11-25,parquet_front_bid_ask,D:\Energin Raw Data\brent_local_2025_11\parquet\brent_1s_bars\year=2025\month=11\day=25\WATCHLIST_V4672876FTPH1_756_20251125.parquet,F:BRN\F26,nearest_unexpired,802428,47174,79201,2025-11-25 01:00:00,2025-11-25 23:00:00,106328.0,,,
2025-11-26,parquet_front_bid_ask,D:\Energin Raw Data\brent_local_2025_11\parquet\brent_1s_bars\year=2025\month=11\day=26\WATCHLIST_V4672876FTPH1_756_20251126.parquet,F:BRN\F26,nearest_unexpired,752351,45847,79201,2025-11-26 01:00:00,2025-11-26 23:00:00,31574.0,,,
2025-11-27,parquet_front_bid_ask,D:\Energin Raw Data\brent_local_2025_11\parquet\brent_1s_bars\year=2025\month=11\day=27\WATCHLIST_V4672876FTPH1_756_20251127.parquet,F:BRN\F26,nearest_unexpired,442844,28884,63001,2025-11-27 01:00:00,2025-11-27 18:30:00,8366.0,,,
2025-11-28,parquet_front_bid_ask,D:\Energin Raw Data\brent_local_2025_11\parquet\brent_1s_bars\year=2025\month=11\day=28\WATCHLIST_V4672876FTPH1_756_20251128.parquet,F:BRN\F26,nearest_unexpired,467399,20451,68401,2025-11-28 01:00:00,2025-11-28 20:00:00,8332.0,,,
2025-11-29,parquet_front_bid_ask,D:\Energin Raw Data\brent_local_2025_11\parquet\brent_1s_bars\year=2025\month=11\day=29\WATCHLIST_V4672876FTPH1_756_20251129.parquet,F:BRN\G26,nearest_unexpired,346,4,0,,,0.0,,,
2025-12-01,csv_mid_dynamic_cost,2025-12-01.csv,%BRN 1!-ICE,legacy_csv_continuous,96131,96131,75591,2025-12-01 03:00:00,2025-12-01 23:59:50,153491.0,2025-12-01.csv,62.88,63.24
2025-12-02,csv_mid_dynamic_cost,2025-12-02.csv,%BRN 1!-ICE,legacy_csv_continuous,7538,7538,86175,2025-12-02 00:03:36,2025-12-02 23:59:50,9428.0,2025-12-02.csv,62.64,61.77
2025-12-03,csv_mid_dynamic_cost,2025-12-03.csv,%BRN 1!-ICE,legacy_csv_continuous,8645,8645,86351,2025-12-03 00:00:50,2025-12-04 00:00:00,11524.0,2025-12-03.csv,61.78,62.05
2025-12-04,csv_mid_dynamic_cost,2025-12-04.csv,%BRN 1!-ICE,legacy_csv_continuous,7729,7729,86401,2025-12-04 00:00:00,2025-12-05 00:00:00,11528.0,2025-12-04.csv,62.05,62.64
2025-12-05,csv_mid_dynamic_cost,2025-12-05.csv,%BRN 1!-ICE,legacy_csv_continuous,7511,7511,94429,2025-12-05 00:00:00,2025-12-06 02:13:48,9439.0,2025-12-05.csv,62.64,63.29
2025-12-08,csv_mid_dynamic_cost,2025-12-08.csv,%BRN 1!-ICE,legacy_csv_continuous,7791,7791,75574,2025-12-08 03:00:26,2025-12-08 23:59:59,11592.0,2025-12-08.csv,63.19,61.88
2025-12-09,csv_mid_dynamic_cost,2025-12-09.csv,%BRN 1!-ICE,legacy_csv_continuous,8971,8971,86161,2025-12-09 00:01:05,2025-12-09 23:57:05,12068.0,2025-12-09.csv,61.88,61.6
2025-12-10,csv_mid_dynamic_cost,2025-12-10.csv,%BRN 1!-ICE,legacy_csv_continuous,9944,9944,86385,2025-12-10 00:00:16,2025-12-11 00:00:00,14330.0,2025-12-10.csv,61.6,61.91
2025-12-11,csv_mid_dynamic_cost,2025-12-11.csv,%BRN 1!-ICE,legacy_csv_continuous,13894,13894,86391,2025-12-11 00:00:00,2025-12-11 23:59:50,20010.0,2025-12-11.csv,61.91,61.06
2025-12-12,csv_mid_dynamic_cost,2025-12-12.csv,%BRN 1!-ICE,legacy_csv_continuous,10200,10200,93524,2025-12-12 00:01:16,2025-12-13 01:59:59,15163.0,2025-12-12.csv,61.06,60.74
2025-12-15,csv_mid_dynamic_cost,2025-12-15.csv,%BRN 1!-ICE,legacy_csv_continuous,9302,9302,75525,2025-12-15 03:00:48,2025-12-15 23:59:32,13537.0,2025-12-15.csv,60.69,60.09
2025-12-16,csv_mid_dynamic_cost,2025-12-16.csv,%BRN 1!-ICE,legacy_csv_continuous,13528,13528,86370,2025-12-16 00:00:31,2025-12-17 00:00:00,20191.0,2025-12-16.csv,60.08,58.56
2025-12-17,csv_mid_dynamic_cost,2025-12-17.csv,%BRN 1!-ICE,legacy_csv_continuous,15976,15976,86401,2025-12-17 00:00:00,2025-12-18 00:00:00,28010.0,2025-12-17.csv,58.56,59.39
2025-12-18,csv_mid_dynamic_cost,2025-12-18.csv,%BRN 1!-ICE,legacy_csv_continuous,9958,9958,86391,2025-12-18 00:00:00,2025-12-18 23:59:50,17984.0,2025-12-18.csv,59.39,59.22
2025-12-19,csv_mid_dynamic_cost,2025-12-19.csv,%BRN 1!-ICE,legacy_csv_continuous,11929,11929,93591,2025-12-19 00:00:09,2025-12-20 01:59:59,19588.0,2025-12-19.csv,59.21,59.88
2025-12-22,csv_mid_dynamic_cost,2025-12-22.csv,%BRN 1!-ICE,legacy_csv_continuous,16645,16645,75596,2025-12-22 03:00:00,2025-12-22 23:59:55,24507.0,2025-12-22.csv,59.89,61.3
2025-12-23,csv_mid_dynamic_cost,2025-12-23.csv,%BRN 1!-ICE,legacy_csv_continuous,10389,10389,86292,2025-12-23 00:01:48,2025-12-23 23:59:59,13783.0,2025-12-23.csv,61.31,61.61
2025-12-24,csv_mid_dynamic_cost,2025-12-24.csv,%BRN 1!-ICE,legacy_csv_continuous,9084,9084,82475,2025-12-24 00:00:19,2025-12-24 22:54:53,11839.0,2025-12-24.csv,61.6,61.55
2025-12-25,csv_mid_dynamic_cost,2025-12-25.csv,%BRN 1!-ICE,legacy_csv_continuous,0,0,0,,,,2025-12-25.csv,,
2025-12-26,csv_mid_dynamic_cost,2025-12-26.csv,%BRN 1!-ICE,legacy_csv_continuous,12481,12481,77889,2025-12-26 05:00:00,2025-12-27 02:38:08,18034.0,2025-12-26.csv,61.61,60.09
2025-12-29,csv_mid_dynamic_cost,2025-12-29.csv,%BRN 1!-ICE,legacy_csv_continuous,14417,14417,75596,2025-12-29 03:00:00,2025-12-29 23:59:55,22054.0,2025-12-29.csv,60.32,61.09
2025-12-30,csv_mid_dynamic_cost,2025-12-30.csv,%BRN 1!-ICE,legacy_csv_continuous,14417,14417,86232,2025-12-30 00:02:44,2025-12-30 23:59:55,20561.0,2025-12-30.csv,61.05,61.04
2025-12-31,csv_mid_dynamic_cost,2025-12-31.csv,%BRN 1!-ICE,legacy_csv_continuous,17575,17575,86270,2025-12-31 00:02:06,2025-12-31 23:59:55,25062.0,2025-12-31.csv,61.02,60.55
2026-01-01,csv_mid_dynamic_cost,2026-01-01.csv,%BRN 1!-ICE,legacy_csv_continuous,0,0,0,,,,2026-01-01.csv,,
2026-01-02,csv_mid_dynamic_cost,2026-01-02.csv,%BRN 1!-ICE,legacy_csv_continuous,20817,20817,75720,2026-01-02 05:00:00,2026-01-03 02:01:59,39813.0,2026-01-02.csv,60.52,60.48
2026-01-05,csv_mid_dynamic_cost,2026-01-05.csv,%BRN 1!-ICE,legacy_csv_continuous,35785,35785,75596,2026-01-05 03:00:00,2026-01-05 23:59:55,58434.0,2026-01-05.csv,60.14,61.35
2026-01-06,csv_mid_dynamic_cost,2026-01-06.csv,%BRN 1!-ICE,legacy_csv_continuous,34210,34210,86374,2026-01-06 00:00:23,2026-01-06 23:59:56,55280.0,2026-01-06.csv,61.35,60.14
2026-01-07,csv_mid_dynamic_cost,2026-01-07.csv,%BRN 1!-ICE,legacy_csv_continuous,43099,43099,86388,2026-01-07 00:00:08,2026-01-07 23:59:55,63735.0,2026-01-07.csv,60.12,59.78
2026-01-08,csv_mid_dynamic_cost,2026-01-08.csv,%BRN 1!-ICE,legacy_csv_continuous,38841,38841,86395,2026-01-08 00:00:01,2026-01-08 23:59:55,61914.0,2026-01-08.csv,59.77,61.9
2026-01-09,csv_mid_dynamic_cost,2026-01-09.csv,%BRN 1!-ICE,legacy_csv_continuous,53449,53449,97159,2026-01-09 00:00:37,2026-01-10 02:59:55,89520.0,2026-01-09.csv,61.91,62.49
2026-01-12,csv_mid_dynamic_cost,2026-01-12.csv,%BRN 1!-ICE,legacy_csv_continuous,36243,36243,75601,2026-01-12 03:00:00,2026-01-13 00:00:00,60717.0,2026-01-12.csv,62.81,63.33
2026-01-13,csv_mid_dynamic_cost,2026-01-13.csv,%BRN 1!-ICE,legacy_csv_continuous,62617,62617,86396,2026-01-13 00:00:00,2026-01-13 23:59:55,107250.0,2026-01-13.csv,63.33,64.68
2026-01-14,csv_mid_dynamic_cost,2026-01-14.csv,%BRN 1!-ICE,legacy_csv_continuous,59988,59988,86398,2026-01-14 00:00:03,2026-01-15 00:00:00,95751.0,2026-01-14.csv,64.68,66.07
2026-01-15,csv_mid_dynamic_cost,2026-01-15.csv,%BRN 1!-ICE,legacy_csv_continuous,76495,76495,86401,2026-01-15 00:00:00,2026-01-16 00:00:00,115718.0,2026-01-15.csv,66.07,62.92
2026-01-16,csv_mid_dynamic_cost,2026-01-16.csv,%BRN 1!-ICE,legacy_csv_continuous,40134,40134,96172,2026-01-16 00:00:00,2026-01-17 02:42:51,60726.0,2026-01-16.csv,62.92,63.44
2026-01-19,csv_mid_dynamic_cost,2026-01-19.csv,%BRN 1!-ICE,legacy_csv_continuous,30151,30151,75596,2026-01-19 03:00:00,2026-01-19 23:59:55,45857.0,2026-01-19.csv,62.95,63.38
2026-01-20,csv_mid_dynamic_cost,2026-01-20.csv,%BRN 1!-ICE,legacy_csv_continuous,50010,50010,86385,2026-01-20 00:00:11,2026-01-20 23:59:55,75251.0,2026-01-20.csv,63.37,63.8
2026-01-21,csv_mid_dynamic_cost,2026-01-21.csv,%BRN 1!-ICE,legacy_csv_continuous,66660,66660,86399,2026-01-21 00:00:02,2026-01-22 00:00:00,96763.0,2026-01-21.csv,63.79,64.55
2026-01-22,csv_mid_dynamic_cost,2026-01-22.csv,%BRN 1!-ICE,legacy_csv_continuous,62151,62151,86401,2026-01-22 00:00:00,2026-01-23 00:00:00,91057.0,2026-01-22.csv,64.55,63.32
2026-01-23,csv_mid_dynamic_cost,2026-01-23.csv,%BRN 1!-ICE,legacy_csv_continuous,80826,80826,97149,2026-01-23 00:00:00,2026-01-24 02:59:08,122774.0,2026-01-23.csv,63.32,65.44
2026-01-26,csv_mid_dynamic_cost,2026-01-26.csv,%BRN 1!-ICE,legacy_csv_continuous,23611,23611,75596,2026-01-26 03:00:00,2026-01-26 23:59:55,31039.0,2026-01-26.csv,64.94,64.28
2026-01-27,csv_mid_dynamic_cost,2026-01-27.csv,%BRN 1!-ICE,legacy_csv_continuous,28853,28853,86391,2026-01-27 00:00:05,2026-01-27 23:59:55,43206.0,2026-01-27.csv,64.29,65.73
2026-01-28,csv_mid_dynamic_cost,2026-01-28.csv,%BRN 1!-ICE,legacy_csv_continuous,31581,31581,86372,2026-01-28 00:00:25,2026-01-28 23:59:56,45429.0,2026-01-28.csv,65.74,66.7
2026-01-29,csv_mid_dynamic_cost,2026-01-29.csv,%BRN 1!-ICE,legacy_csv_continuous,50739,50739,86386,2026-01-29 00:00:10,2026-01-29 23:59:55,72124.0,2026-01-29.csv,66.71,68.85
2026-01-30,csv_mid_dynamic_cost,2026-01-30.csv,%BRN 1!-ICE,legacy_csv_continuous,53893,53893,86399,2026-01-30 00:00:02,2026-01-31 00:00:00,76007.0,2026-01-30.csv,68.83,68.9
2026-02-02,csv_mid_dynamic_cost,2026-02-02.csv,%BRN 1!-ICE,legacy_csv_continuous,60397,60397,75596,2026-02-02 03:00:00,2026-02-02 23:59:55,81022.0,2026-02-02.csv,68.04,65.49
2026-02-03,csv_mid_dynamic_cost,2026-02-03.csv,%BRN 1!-ICE,legacy_csv_continuous,47798,47798,86395,2026-02-03 00:00:06,2026-02-04 00:00:00,63849.0,2026-02-03.csv,65.49,66.89
2026-02-04,csv_mid_dynamic_cost,2026-02-04.csv,%BRN 1!-ICE,legacy_csv_continuous,50912,50912,86400,2026-02-04 00:00:00,2026-02-04 23:59:59,68705.0,2026-02-04.csv,66.89,67.81
2026-02-05,csv_mid_dynamic_cost,2026-02-05.csv,%BRN 1!-ICE,legacy_csv_continuous,42330,42330,86397,2026-02-05 00:00:03,2026-02-05 23:59:59,57991.0,2026-02-05.csv,67.8,66.89
2026-02-06,csv_mid_dynamic_cost,2026-02-06.csv,%BRN 1!-ICE,legacy_csv_continuous,48745,48745,86393,2026-02-06 00:00:08,2026-02-07 00:00:00,68333.0,2026-02-06.csv,66.91,67.3
2026-02-09,csv_mid_dynamic_cost,2026-02-09.csv,%BRN 1!-ICE,legacy_csv_continuous,31002,31002,75597,2026-02-09 03:00:00,2026-02-09 23:59:56,45286.0,2026-02-09.csv,66.67,68.33
2026-02-10,csv_mid_dynamic_cost,2026-02-10.csv,%BRN 1!-ICE,legacy_csv_continuous,28578,28578,86380,2026-02-10 00:00:17,2026-02-10 23:59:56,44064.0,2026-02-10.csv,68.29,68.25
2026-02-11,csv_mid_dynamic_cost,2026-02-11.csv,%BRN 1!-ICE,legacy_csv_continuous,37580,37580,86353,2026-02-11 00:00:46,2026-02-11 23:59:58,56149.0,2026-02-11.csv,68.28,68.95
2026-02-12,csv_mid_dynamic_cost,2026-02-12.csv,%BRN 1!-ICE,legacy_csv_continuous,33408,33408,86386,2026-02-12 00:00:15,2026-02-13 00:00:00,49921.0,2026-02-12.csv,68.93,67.01
2026-02-13,csv_mid_dynamic_cost,2026-02-13.csv,%BRN 1!-ICE,legacy_csv_continuous,32485,32485,86401,2026-02-13 00:00:00,2026-02-14 00:00:00,48060.0,2026-02-13.csv,67.01,66.89
2026-02-16,csv_mid_dynamic_cost,2026-02-16.csv,%BRN 1!-ICE,legacy_csv_continuous,15012,15012,75600,2026-02-16 03:00:00,2026-02-16 23:59:59,24751.0,2026-02-16.csv,67.39,67.94
2026-02-17,csv_mid_dynamic_cost,2026-02-17.csv,%BRN 1!-ICE,legacy_csv_continuous,42654,42654,86146,2026-02-17 00:04:10,2026-02-17 23:59:55,65368.0,2026-02-17.csv,67.95,66.77
2026-02-18,csv_mid_dynamic_cost,2026-02-18.csv,%BRN 1!-ICE,legacy_csv_continuous,51570,51570,86302,2026-02-18 00:01:34,2026-02-18 23:59:55,78166.0,2026-02-18.csv,66.75,69.72
2026-02-19,csv_mid_dynamic_cost,2026-02-19.csv,%BRN 1!-ICE,legacy_csv_continuous,72266,72266,86396,2026-02-19 00:00:05,2026-02-20 00:00:00,118623.0,2026-02-19.csv,69.72,71.43
2026-02-20,csv_mid_dynamic_cost,2026-02-20.csv,%BRN 1!-ICE,legacy_csv_continuous,76615,76615,86401,2026-02-20 00:00:00,2026-02-21 00:00:00,109808.0,2026-02-20.csv,71.43,71.3
2026-02-23,csv_mid_dynamic_cost,2026-02-23.csv,%BRN 1!-ICE,legacy_csv_continuous,69646,69646,75601,2026-02-23 03:00:00,2026-02-24 00:00:00,101576.0,2026-02-23.csv,70.74,71.15
2026-02-24,csv_mid_dynamic_cost,2026-02-24.csv,%BRN 1!-ICE,legacy_csv_continuous,119042,119042,86401,2026-02-24 00:00:00,2026-02-25 00:00:00,189058.0,2026-02-24.csv,71.15,70.84
2026-02-25,csv_mid_dynamic_cost,2026-02-25.csv,%BRN 1!-ICE,legacy_csv_continuous,139188,139188,86397,2026-02-25 00:00:00,2026-02-25 23:59:56,218104.0,2026-02-25.csv,70.84,70.97
2026-02-26,csv_mid_dynamic_cost,2026-02-26.csv,%BRN 1!-ICE,legacy_csv_continuous,227397,227397,86399,2026-02-26 00:00:01,2026-02-26 23:59:59,375739.0,2026-02-26.csv,70.97,70.93
2026-02-27,csv_mid_dynamic_cost,2026-02-27.csv,%BRN 1!-ICE,legacy_csv_continuous,206836,206836,86396,2026-02-27 00:00:04,2026-02-27 23:59:59,344990.0,2026-02-27.csv,70.93,72.92
2026-03-02,csv_mid_dynamic_cost,2026-03-02.csv,%BRN 1!-ICE,legacy_csv_continuous,368135,368135,75601,2026-03-02 03:00:00,2026-03-03 00:00:00,546785.0,2026-03-02.csv,81.28,77.49
2026-03-03,csv_mid_dynamic_cost,2026-03-03.csv,%BRN 1!-ICE,legacy_csv_continuous,456196,456196,86401,2026-03-03 00:00:00,2026-03-04 00:00:00,660382.0,2026-03-03.csv,77.49,80.4
2026-03-04,csv_mid_dynamic_cost,2026-03-04.csv,%BRN 1!-ICE,legacy_csv_continuous,296718,296718,86397,2026-03-04 00:00:00,2026-03-04 23:59:56,442220.0,2026-03-04.csv,80.4,81.25
2026-03-05,csv_mid_dynamic_cost,2026-03-05.csv,%BRN 1!-ICE,legacy_csv_continuous,301542,301542,86398,2026-03-05 00:00:03,2026-03-06 00:00:00,490768.0,2026-03-05.csv,81.25,85.92
2026-03-06,csv_mid_dynamic_cost,2026-03-06.csv,%BRN 1!-ICE,legacy_csv_continuous,399573,399573,86401,2026-03-06 00:00:00,2026-03-07 00:00:00,601813.0,2026-03-06.csv,85.92,92.8
2026-03-09,csv_mid_dynamic_cost,2026-03-09.csv,%BRN 1!-ICE,legacy_csv_continuous,515063,515063,79201,2026-03-09 02:00:00,2026-03-10 00:00:00,728424.0,2026-03-09.csv,99.57,89.89
2026-03-10,csv_mid_dynamic_cost,2026-03-10.csv,%BRN 1!-ICE,legacy_csv_continuous,420054,420054,86400,2026-03-10 00:00:00,2026-03-10 23:59:59,573190.0,2026-03-10.csv,89.89,91.17
2026-03-11,csv_mid_dynamic_cost,2026-03-11.csv,%BRN 1!-ICE,legacy_csv_continuous,298065,298065,86399,2026-03-11 00:00:02,2026-03-12 00:00:00,397517.0,2026-03-11.csv,91.14,92.5
2026-03-12,csv_mid_dynamic_cost,2026-03-12.csv,%BRN 1!-ICE,legacy_csv_continuous,291638,291638,86401,2026-03-12 00:00:00,2026-03-13 00:00:00,397206.0,2026-03-12.csv,92.5,101.32
2026-03-13,csv_mid_dynamic_cost,2026-03-13.csv,%BRN 1!-ICE,legacy_csv_continuous,217799,217799,86401,2026-03-13 00:00:00,2026-03-14 00:00:00,280658.0,2026-03-13.csv,101.32,103.0
2026-03-16,csv_mid_dynamic_cost,2026-03-16.csv,%BRN 1!-ICE,legacy_csv_continuous,237593,237593,79201,2026-03-16 02:00:00,2026-03-17 00:00:00,304487.0,2026-03-16.csv,106.0,100.08
2026-03-17,csv_mid_dynamic_cost,2026-03-17.csv,%BRN 1!-ICE,legacy_csv_continuous,171337,171337,86401,2026-03-17 00:00:00,2026-03-18 00:00:00,224585.0,2026-03-17.csv,100.08,103.69
2026-03-18,csv_mid_dynamic_cost,2026-03-18.csv,%BRN 1!-ICE,legacy_csv_continuous,236413,236413,86401,2026-03-18 00:00:00,2026-03-19 00:00:00,313890.0,2026-03-18.csv,103.69,109.64
2026-03-19,csv_mid_dynamic_cost,2026-03-19.csv,%BRN 1!-ICE,legacy_csv_continuous,294490,294490,86401,2026-03-19 00:00:00,2026-03-20 00:00:00,398633.0,2026-03-19.csv,109.64,107.5
2026-03-20,csv_mid_dynamic_cost,2026-03-20.csv,%BRN 1!-ICE,legacy_csv_continuous,173948,173948,86401,2026-03-20 00:00:00,2026-03-21 00:00:00,214269.0,2026-03-20.csv,107.5,111.67
2026-03-23,csv_mid_dynamic_cost,2026-03-23.csv,%BRN 1!-ICE,legacy_csv_continuous,237958,237958,79198,2026-03-23 02:00:00,2026-03-23 23:59:57,330118.0,2026-03-23.csv,113.76,99.79
2026-03-24,csv_mid_dynamic_cost,2026-03-24.csv,%BRN 1!-ICE,legacy_csv_continuous,111069,111069,86399,2026-03-24 00:00:02,2026-03-25 00:00:00,139239.0,2026-03-24.csv,99.8,103.8
2026-03-25,csv_mid_dynamic_cost,2026-03-25.csv,%BRN 1!-ICE,legacy_csv_continuous,98365,98365,86401,2026-03-25 00:00:00,2026-03-26 00:00:00,128438.0,2026-03-25.csv,103.8,102.73
2026-03-26,csv_mid_dynamic_cost,2026-03-26.csv,%BRN 1!-ICE,legacy_csv_continuous,24452,24452,57984,2026-03-26 00:00:00,2026-03-26 16:06:23,33376.0,2026-03-26.csv,102.73,107.49
