rebalance,objective,train_start,train_end,test_start,test_end,selected_params,train_total_pnl_cents,train_sharpe,train_trades,test_total_pnl_cents,test_sharpe,test_trades,test_win_rate,test_max_drawdown_cents,run_key,vol_method
monthly,daily_sharpe,2025-10-01,2025-10-31,2025-11-01,2025-11-30,a=120s | move=0.4x percent_to_dollar sigma (63D)/1800s | hold=3600s | reversal | exit_by_midnight,126.16720000000076,2.7183442913079885,5,-51.19960000000096,-0.942247414491536,15,0.4666666666666667,-168.64039999999923,percent_to_dollar_monthly_sharpe_objective,percent_to_dollar
monthly,daily_sharpe,2025-10-01,2025-11-30,2025-12-01,2025-12-31,a=120s | move=0.75x percent_to_dollar sigma (63D)/1800s | hold=3600s | reversal | exit_by_midnight,129.31920000000017,2.1107448838323157,5,-9.495200000000029,-3.1132471299749533,1,0.0,-9.495200000000029,percent_to_dollar_monthly_sharpe_objective,percent_to_dollar
monthly,daily_sharpe,2025-10-01,2025-12-31,2026-01-01,2026-01-31,a=120s | move=0.4x percent_to_dollar sigma (63D)/1800s | hold=21600s | reversal | exit_by_midnight,432.1568000000017,2.8296816760838595,25,-16.749999999998963,-0.13665832505156922,20,0.5,-319.71039999999937,percent_to_dollar_monthly_sharpe_objective,percent_to_dollar
monthly,daily_sharpe,2025-11-01,2026-01-31,2026-02-01,2026-02-28,a=120s | move=0.75x percent_to_dollar sigma (63D)/1800s | hold=3600s | reversal | exit_by_midnight,326.40840000000003,2.556186206408417,12,-25.307199999997522,-0.375176949329946,6,0.5,-207.05759999999796,percent_to_dollar_monthly_sharpe_objective,percent_to_dollar
monthly,daily_sharpe,2025-12-01,2026-02-28,2026-03-01,2026-03-26,a=120s | move=0.55x percent_to_dollar sigma (63D)/1800s | hold=3600s | reversal | exit_by_midnight,376.37559999999894,1.4786380919076798,37,2003.6087999999995,2.84206000028231,18,0.7222222222222222,-2092.031199999999,percent_to_dollar_monthly_sharpe_objective,percent_to_dollar
monthly,total_pnl_cents,2025-10-01,2025-10-31,2025-11-01,2025-11-30,a=120s | move=0.4x percent_to_dollar sigma (63D)/1800s | hold=3600s | reversal | exit_by_midnight,126.16720000000076,2.7183442913079885,5,-51.19960000000096,-0.942247414491536,15,0.4666666666666667,-168.64039999999923,percent_to_dollar_monthly_pnl_objective,percent_to_dollar
monthly,total_pnl_cents,2025-10-01,2025-11-30,2025-12-01,2025-12-31,a=120s | move=0.25x percent_to_dollar sigma (63D)/1800s | hold=3600s | continuation | exit_by_midnight,217.28919999999596,1.5834536447041851,25,10.041999999999323,0.11849284471997515,22,0.5,-167.45280000000042,percent_to_dollar_monthly_pnl_objective,percent_to_dollar
monthly,total_pnl_cents,2025-10-01,2025-12-31,2026-01-01,2026-01-31,a=120s | move=0.4x percent_to_dollar sigma (63D)/1800s | hold=21600s | reversal | exit_by_midnight,432.1568000000017,2.8296816760838595,25,-16.749999999998963,-0.13665832505156922,20,0.5,-319.71039999999937,percent_to_dollar_monthly_pnl_objective,percent_to_dollar
monthly,total_pnl_cents,2025-11-01,2026-01-31,2026-02-01,2026-02-28,a=120s | move=0.25x percent_to_dollar sigma (63D)/1800s | hold=3600s | continuation | exit_by_midnight,347.9831999999939,1.193306984586058,63,-83.840400000002,-0.6567568048614922,20,0.5,-463.7587999999999,percent_to_dollar_monthly_pnl_objective,percent_to_dollar
monthly,total_pnl_cents,2025-12-01,2026-02-28,2026-03-01,2026-03-26,a=120s | move=0.55x percent_to_dollar sigma (63D)/1800s | hold=3600s | reversal | exit_by_midnight,376.37559999999894,1.4786380919076798,37,2003.6087999999995,2.84206000028231,18,0.7222222222222222,-2092.031199999999,percent_to_dollar_monthly_pnl_objective,percent_to_dollar
