schedule,fill_model,date,pnl_cents,trades,month,cum_pnl_cents
3m_train_1m_test,actual_bid_ask,2025-04-01,-29.000000000000625,1,2025-04,-29.000000000000625
3m_train_1m_test,actual_bid_ask,2025-04-02,6.000000000000227,1,2025-04,-23.000000000000398
3m_train_1m_test,actual_bid_ask,2025-04-03,-37.999999999999545,1,2025-04,-60.99999999999994
3m_train_1m_test,actual_bid_ask,2025-04-04,-147.99999999999898,1,2025-04,-208.99999999999892
3m_train_1m_test,actual_bid_ask,2025-04-07,-33.99999999999963,1,2025-04,-242.99999999999855
3m_train_1m_test,actual_bid_ask,2025-04-08,54.999999999999716,1,2025-04,-187.99999999999883
3m_train_1m_test,actual_bid_ask,2025-04-09,-39.00000000000006,1,2025-04,-226.9999999999989
3m_train_1m_test,actual_bid_ask,2025-04-10,-169.99999999999957,1,2025-04,-396.99999999999847
3m_train_1m_test,actual_bid_ask,2025-04-11,47.99999999999969,1,2025-04,-348.99999999999875
3m_train_1m_test,actual_bid_ask,2025-04-14,62.000000000000455,1,2025-04,-286.9999999999983
3m_train_1m_test,actual_bid_ask,2025-04-15,45.999999999999375,1,2025-04,-240.99999999999895
3m_train_1m_test,actual_bid_ask,2025-04-16,-112.00000000000045,1,2025-04,-352.99999999999943
3m_train_1m_test,actual_bid_ask,2025-04-17,7.9999999999998295,1,2025-04,-344.99999999999955
3m_train_1m_test,actual_bid_ask,2025-04-21,-46.999999999999886,1,2025-04,-391.99999999999943
3m_train_1m_test,actual_bid_ask,2025-04-22,-17.99999999999926,1,2025-04,-409.99999999999875
3m_train_1m_test,actual_bid_ask,2025-04-23,16.99999999999875,1,2025-04,-393.0
3m_train_1m_test,actual_bid_ask,2025-04-24,18.999999999999773,1,2025-04,-374.0000000000002
3m_train_1m_test,actual_bid_ask,2025-04-25,46.999999999999886,1,2025-04,-327.00000000000034
3m_train_1m_test,actual_bid_ask,2025-04-28,-29.000000000000625,1,2025-04,-356.0000000000009
3m_train_1m_test,actual_bid_ask,2025-04-29,-50.99999999999909,1,2025-04,-407.0
3m_train_1m_test,actual_bid_ask,2025-04-30,-5.000000000000426,1,2025-04,-412.00000000000045
3m_train_1m_test,actual_bid_ask,2025-05-01,-47.99999999999969,1,2025-05,-460.0000000000001
3m_train_1m_test,actual_bid_ask,2025-05-02,-32.99999999999983,1,2025-05,-493.0
3m_train_1m_test,actual_bid_ask,2025-05-05,-45.000000000000284,1,2025-05,-538.0000000000002
3m_train_1m_test,actual_bid_ask,2025-05-06,14.000000000000057,1,2025-05,-524.0000000000002
3m_train_1m_test,actual_bid_ask,2025-05-07,-4.999999999999716,1,2025-05,-528.9999999999999
3m_train_1m_test,actual_bid_ask,2025-05-08,-14.999999999999858,1,2025-05,-543.9999999999998
3m_train_1m_test,actual_bid_ask,2025-05-09,31.000000000000227,1,2025-05,-512.9999999999995
3m_train_1m_test,actual_bid_ask,2025-05-12,-31.999999999999318,1,2025-05,-544.9999999999989
3m_train_1m_test,actual_bid_ask,2025-05-13,6.000000000000227,1,2025-05,-538.9999999999986
3m_train_1m_test,actual_bid_ask,2025-05-14,17.00000000000017,1,2025-05,-521.9999999999984
3m_train_1m_test,actual_bid_ask,2025-05-15,-15.999999999999659,1,2025-05,-537.9999999999982
3m_train_1m_test,actual_bid_ask,2025-05-16,-1.999999999999602,1,2025-05,-539.9999999999977
3m_train_1m_test,actual_bid_ask,2025-05-19,11.000000000001364,1,2025-05,-528.9999999999964
3m_train_1m_test,actual_bid_ask,2025-05-20,10.999999999999943,1,2025-05,-517.9999999999964
3m_train_1m_test,actual_bid_ask,2025-05-21,-16.00000000000108,1,2025-05,-533.9999999999975
3m_train_1m_test,actual_bid_ask,2025-05-22,35.99999999999994,1,2025-05,-497.99999999999756
3m_train_1m_test,actual_bid_ask,2025-05-23,9.000000000000341,1,2025-05,-488.9999999999972
3m_train_1m_test,actual_bid_ask,2025-05-26,-31.000000000000227,1,2025-05,-519.9999999999975
3m_train_1m_test,actual_bid_ask,2025-05-27,10.000000000000853,1,2025-05,-509.9999999999966
3m_train_1m_test,actual_bid_ask,2025-05-28,-31.000000000000227,1,2025-05,-540.9999999999968
3m_train_1m_test,actual_bid_ask,2025-05-30,57.99999999999983,1,2025-05,-482.999999999997
3m_train_1m_test,actual_bid_ask,2025-06-02,-89.00000000000006,1,2025-06,-571.999999999997
3m_train_1m_test,actual_bid_ask,2025-06-03,7.9999999999998295,1,2025-06,-563.9999999999973
3m_train_1m_test,actual_bid_ask,2025-06-04,-31.999999999999318,1,2025-06,-595.9999999999966
3m_train_1m_test,actual_bid_ask,2025-06-05,12.000000000000455,1,2025-06,-583.9999999999961
3m_train_1m_test,actual_bid_ask,2025-06-06,-32.00000000000074,1,2025-06,-615.9999999999968
3m_train_1m_test,actual_bid_ask,2025-06-09,-46.000000000000796,1,2025-06,-661.9999999999976
3m_train_1m_test,actual_bid_ask,2025-06-10,-25.99999999999909,1,2025-06,-687.9999999999967
3m_train_1m_test,actual_bid_ask,2025-06-11,96.0000000000008,1,2025-06,-591.9999999999959
3m_train_1m_test,actual_bid_ask,2025-06-12,-57.00000000000074,1,2025-06,-648.9999999999966
3m_train_1m_test,actual_bid_ask,2025-06-13,-215.00000000000057,1,2025-06,-863.9999999999973
3m_train_1m_test,actual_bid_ask,2025-06-16,-159.99999999999943,1,2025-06,-1023.9999999999966
3m_train_1m_test,actual_bid_ask,2025-06-17,156.00000000000023,1,2025-06,-867.9999999999964
3m_train_1m_test,actual_bid_ask,2025-06-18,29.999999999999716,1,2025-06,-837.9999999999967
3m_train_1m_test,actual_bid_ask,2025-06-19,-3.0000000000001137,1,2025-06,-840.9999999999968
3m_train_1m_test,actual_bid_ask,2025-06-20,40.00000000000057,1,2025-06,-800.9999999999962
3m_train_1m_test,actual_bid_ask,2025-06-23,-20.999999999999375,1,2025-06,-821.9999999999957
3m_train_1m_test,actual_bid_ask,2025-06-24,71.99999999999989,1,2025-06,-749.9999999999957
3m_train_1m_test,actual_bid_ask,2025-06-25,-50.99999999999909,1,2025-06,-800.9999999999948
3m_train_1m_test,actual_bid_ask,2025-06-27,-20.000000000000284,1,2025-06,-820.9999999999951
3m_train_1m_test,actual_bid_ask,2025-06-30,-20.000000000000284,1,2025-06,-840.9999999999955
3m_train_1m_test,actual_bid_ask,2025-07-01,-1.0000000000005116,1,2025-07,-841.9999999999959
3m_train_1m_test,actual_bid_ask,2025-07-02,35.99999999999994,1,2025-07,-805.9999999999959
3m_train_1m_test,actual_bid_ask,2025-07-03,3.0000000000001137,1,2025-07,-802.9999999999959
3m_train_1m_test,actual_bid_ask,2025-07-04,23.000000000000398,1,2025-07,-779.9999999999955
3m_train_1m_test,actual_bid_ask,2025-07-07,-50.0,1,2025-07,-829.9999999999955
3m_train_1m_test,actual_bid_ask,2025-07-08,-6.999999999999318,1,2025-07,-836.9999999999948
3m_train_1m_test,actual_bid_ask,2025-07-09,-51.9999999999996,1,2025-07,-888.9999999999943
3m_train_1m_test,actual_bid_ask,2025-07-10,-18.000000000000682,1,2025-07,-906.999999999995
3m_train_1m_test,actual_bid_ask,2025-07-11,-35.99999999999994,1,2025-07,-942.999999999995
3m_train_1m_test,actual_bid_ask,2025-07-14,50.99999999999909,1,2025-07,-891.9999999999959
3m_train_1m_test,actual_bid_ask,2025-07-15,5.999999999998806,1,2025-07,-885.999999999997
3m_train_1m_test,actual_bid_ask,2025-07-16,-35.00000000000085,1,2025-07,-920.999999999998
3m_train_1m_test,actual_bid_ask,2025-07-17,-14.000000000000057,1,2025-07,-934.999999999998
3m_train_1m_test,actual_bid_ask,2025-07-18,-4.999999999999716,1,2025-07,-939.9999999999977
3m_train_1m_test,actual_bid_ask,2025-07-21,-19.999999999998863,1,2025-07,-959.9999999999966
3m_train_1m_test,actual_bid_ask,2025-07-22,-25.99999999999909,1,2025-07,-985.9999999999957
3m_train_1m_test,actual_bid_ask,2025-07-23,20.000000000000284,1,2025-07,-965.9999999999955
3m_train_1m_test,actual_bid_ask,2025-07-24,0.0,1,2025-07,-965.9999999999955
3m_train_1m_test,actual_bid_ask,2025-07-25,21.000000000000796,1,2025-07,-944.9999999999945
3m_train_1m_test,actual_bid_ask,2025-07-28,6.000000000000227,1,2025-07,-938.9999999999943
3m_train_1m_test,actual_bid_ask,2025-07-29,43.99999999999977,1,2025-07,-894.9999999999945
3m_train_1m_test,actual_bid_ask,2025-07-30,42.00000000000017,1,2025-07,-852.9999999999944
3m_train_1m_test,actual_bid_ask,2025-07-31,0.9999999999990905,1,2025-07,-851.9999999999953
3m_train_1m_test,actual_bid_ask,2025-08-01,35.99999999999994,1,2025-08,-815.9999999999955
3m_train_1m_test,actual_bid_ask,2025-08-04,90.99999999999966,1,2025-08,-724.9999999999957
3m_train_1m_test,actual_bid_ask,2025-08-05,-23.99999999999949,1,2025-08,-748.9999999999952
3m_train_1m_test,actual_bid_ask,2025-08-06,-30.999999999998806,1,2025-08,-779.9999999999941
3m_train_1m_test,actual_bid_ask,2025-08-07,-23.99999999999949,1,2025-08,-803.9999999999935
3m_train_1m_test,actual_bid_ask,2025-08-08,-73.99999999999949,1,2025-08,-877.999999999993
3m_train_1m_test,actual_bid_ask,2025-08-11,31.999999999999318,1,2025-08,-845.9999999999936
3m_train_1m_test,actual_bid_ask,2025-08-12,29.999999999999716,1,2025-08,-815.999999999994
3m_train_1m_test,actual_bid_ask,2025-08-13,-13.000000000000966,1,2025-08,-828.999999999995
3m_train_1m_test,actual_bid_ask,2025-08-14,11.999999999999034,1,2025-08,-816.9999999999959
3m_train_1m_test,actual_bid_ask,2025-08-15,-25.0,1,2025-08,-841.9999999999959
3m_train_1m_test,actual_bid_ask,2025-08-18,-16.00000000000108,1,2025-08,-857.999999999997
3m_train_1m_test,actual_bid_ask,2025-08-19,-17.00000000000017,1,2025-08,-874.9999999999972
3m_train_1m_test,actual_bid_ask,2025-08-20,31.999999999999318,1,2025-08,-842.9999999999978
3m_train_1m_test,actual_bid_ask,2025-08-21,-11.000000000001364,1,2025-08,-853.9999999999992
3m_train_1m_test,actual_bid_ask,2025-08-22,26.999999999999602,1,2025-08,-826.9999999999995
3m_train_1m_test,actual_bid_ask,2025-08-25,-18.999999999999773,1,2025-08,-845.9999999999993
3m_train_1m_test,actual_bid_ask,2025-08-26,38.000000000000966,1,2025-08,-807.9999999999984
3m_train_1m_test,actual_bid_ask,2025-08-27,25.99999999999909,1,2025-08,-781.9999999999993
3m_train_1m_test,actual_bid_ask,2025-08-28,5.999999999998806,1,2025-08,-776.0000000000005
3m_train_1m_test,actual_bid_ask,2025-08-29,-17.00000000000017,1,2025-08,-793.0000000000007
3m_train_1m_test,actual_bid_ask,2025-09-01,56.00000000000023,1,2025-09,-737.0000000000005
3m_train_1m_test,actual_bid_ask,2025-09-02,-80.00000000000114,1,2025-09,-817.0000000000016
3m_train_1m_test,actual_bid_ask,2025-09-03,-112.99999999999955,1,2025-09,-930.0000000000011
3m_train_1m_test,actual_bid_ask,2025-09-04,-24.00000000000091,1,2025-09,-954.000000000002
3m_train_1m_test,actual_bid_ask,2025-09-05,-17.00000000000017,1,2025-09,-971.0000000000023
3m_train_1m_test,actual_bid_ask,2025-09-08,18.999999999999773,1,2025-09,-952.0000000000025
3m_train_1m_test,actual_bid_ask,2025-09-09,-8.00000000000125,1,2025-09,-960.0000000000036
3m_train_1m_test,actual_bid_ask,2025-09-10,4.999999999999716,1,2025-09,-955.000000000004
3m_train_1m_test,actual_bid_ask,2025-09-11,-37.999999999999545,1,2025-09,-993.0000000000035
3m_train_1m_test,actual_bid_ask,2025-09-12,131.00000000000023,1,2025-09,-862.0000000000033
3m_train_1m_test,actual_bid_ask,2025-09-15,-16.00000000000108,1,2025-09,-878.0000000000043
3m_train_1m_test,actual_bid_ask,2025-09-16,2.000000000001023,1,2025-09,-876.0000000000034
3m_train_1m_test,actual_bid_ask,2025-09-17,-45.999999999999375,1,2025-09,-922.0000000000027
3m_train_1m_test,actual_bid_ask,2025-09-18,-14.000000000000057,1,2025-09,-936.0000000000027
3m_train_1m_test,actual_bid_ask,2025-09-19,28.000000000000114,1,2025-09,-908.0000000000027
3m_train_1m_test,actual_bid_ask,2025-09-22,-96.99999999999989,1,2025-09,-1005.0000000000025
3m_train_1m_test,actual_bid_ask,2025-09-23,-109.00000000000034,1,2025-09,-1114.000000000003
3m_train_1m_test,actual_bid_ask,2025-09-24,-65.00000000000057,1,2025-09,-1179.0000000000034
3m_train_1m_test,actual_bid_ask,2025-09-25,6.999999999999318,1,2025-09,-1172.000000000004
3m_train_1m_test,actual_bid_ask,2025-09-26,-12.000000000000455,1,2025-09,-1184.0000000000045
3m_train_1m_test,actual_bid_ask,2025-09-29,-67.00000000000017,1,2025-09,-1251.0000000000048
3m_train_1m_test,actual_bid_ask,2025-09-30,-3.0000000000001137,1,2025-09,-1254.000000000005
3m_train_1m_test,actual_bid_ask,2025-10-01,58.99999999999892,1,2025-10,-1195.000000000006
3m_train_1m_test,actual_bid_ask,2025-10-02,-40.99999999999966,1,2025-10,-1236.0000000000057
3m_train_1m_test,actual_bid_ask,2025-10-03,29.999999999999716,1,2025-10,-1206.000000000006
3m_train_1m_test,actual_bid_ask,2025-10-06,28.000000000000114,1,2025-10,-1178.000000000006
3m_train_1m_test,actual_bid_ask,2025-10-07,-6.000000000000227,1,2025-10,-1184.000000000006
3m_train_1m_test,actual_bid_ask,2025-10-08,-14.999999999999147,1,2025-10,-1199.0000000000052
3m_train_1m_test,actual_bid_ask,2025-10-09,37.999999999999545,1,2025-10,-1161.0000000000057
3m_train_1m_test,actual_bid_ask,2025-10-10,-38.000000000000966,1,2025-10,-1199.0000000000066
3m_train_1m_test,actual_bid_ask,2025-10-13,-34.99999999999943,1,2025-10,-1234.000000000006
3m_train_1m_test,actual_bid_ask,2025-10-14,-102.00000000000031,1,2025-10,-1336.0000000000064
3m_train_1m_test,actual_bid_ask,2025-10-15,-4.999999999999716,1,2025-10,-1341.0000000000061
3m_train_1m_test,actual_bid_ask,2025-10-16,-14.000000000000057,1,2025-10,-1355.0000000000061
3m_train_1m_test,actual_bid_ask,2025-10-17,6.000000000000227,1,2025-10,-1349.000000000006
3m_train_1m_test,actual_bid_ask,2025-10-20,-2.999999999999403,1,2025-10,-1352.0000000000052
3m_train_1m_test,actual_bid_ask,2025-10-21,81.00000000000023,1,2025-10,-1271.000000000005
3m_train_1m_test,actual_bid_ask,2025-10-22,0.0,1,2025-10,-1271.000000000005
3m_train_1m_test,actual_bid_ask,2025-10-23,125.99999999999909,1,2025-10,-1145.000000000006
3m_train_1m_test,actual_bid_ask,2025-10-24,65.00000000000057,1,2025-10,-1080.0000000000055
3m_train_1m_test,actual_bid_ask,2025-10-27,-76.00000000000051,1,2025-10,-1156.000000000006
3m_train_1m_test,actual_bid_ask,2025-10-28,-101.9999999999996,1,2025-10,-1258.0000000000055
3m_train_1m_test,actual_bid_ask,2025-10-29,-1.0000000000005116,1,2025-10,-1259.000000000006
3m_train_1m_test,actual_bid_ask,2025-10-30,-5.000000000001137,1,2025-10,-1264.0000000000073
3m_train_1m_test,actual_bid_ask,2025-10-31,-12.999999999999545,1,2025-10,-1277.0000000000068
3m_train_1m_test,actual_bid_ask,2025-11-03,36.999999999999034,1,2025-11,-1240.0000000000077
3m_train_1m_test,actual_bid_ask,2025-11-04,-63.999999999999346,1,2025-11,-1304.000000000007
3m_train_1m_test,actual_bid_ask,2025-11-05,48.0000000000004,1,2025-11,-1256.0000000000066
3m_train_1m_test,actual_bid_ask,2025-11-06,-11.999999999999744,1,2025-11,-1268.0000000000064
3m_train_1m_test,actual_bid_ask,2025-11-07,6.999999999999318,1,2025-11,-1261.000000000007
3m_train_1m_test,actual_bid_ask,2025-11-10,32.99999999999983,1,2025-11,-1228.0000000000073
3m_train_1m_test,actual_bid_ask,2025-11-11,-49.99999999999929,1,2025-11,-1278.0000000000066
3m_train_1m_test,actual_bid_ask,2025-11-12,-16.99999999999875,1,2025-11,-1295.0000000000052
3m_train_1m_test,actual_bid_ask,2025-11-13,-28.000000000000114,1,2025-11,-1323.0000000000055
3m_train_1m_test,actual_bid_ask,2025-11-14,64.99999999999986,1,2025-11,-1258.0000000000055
3m_train_1m_test,actual_bid_ask,2025-11-17,62.999999999999545,1,2025-11,-1195.000000000006
3m_train_1m_test,actual_bid_ask,2025-11-18,52.00000000000102,1,2025-11,-1143.000000000005
3m_train_1m_test,actual_bid_ask,2025-11-19,-29.999999999999716,1,2025-11,-1173.0000000000045
3m_train_1m_test,actual_bid_ask,2025-11-20,-25.9999999999998,1,2025-11,-1199.0000000000045
3m_train_1m_test,actual_bid_ask,2025-11-21,-38.000000000000256,1,2025-11,-1237.0000000000048
3m_train_1m_test,actual_bid_ask,2025-11-24,35.99999999999994,1,2025-11,-1201.0000000000048
3m_train_1m_test,actual_bid_ask,2025-11-25,18.999999999999773,1,2025-11,-1182.000000000005
3m_train_1m_test,actual_bid_ask,2025-11-26,-32.99999999999983,1,2025-11,-1215.0000000000048
3m_train_1m_test,actual_bid_ask,2025-11-27,-26.999999999999602,1,2025-11,-1242.0000000000045
3m_train_1m_test,actual_bid_ask,2025-11-28,-42.99999999999997,1,2025-11,-1285.0000000000043
3m_train_1m_test,actual_bid_ask,2025-12-01,-12.536000000000142,1,2025-12,-1297.5360000000046
3m_train_1m_test,actual_bid_ask,2025-12-02,-9.502800000000029,1,2025-12,-1307.0388000000046
3m_train_1m_test,actual_bid_ask,2025-12-03,-25.470799999999688,1,2025-12,-1332.5096000000042
3m_train_1m_test,actual_bid_ask,2025-12-04,-13.491999999999944,1,2025-12,-1346.0016000000041
3m_train_1m_test,actual_bid_ask,2025-12-05,14.50240000000017,1,2025-12,-1331.499200000004
3m_train_1m_test,actual_bid_ask,2025-12-08,-8.527999999999517,1,2025-12,-1340.0272000000036
3m_train_1m_test,actual_bid_ask,2025-12-09,-0.47360000000039815,1,2025-12,-1340.500800000004
3m_train_1m_test,actual_bid_ask,2025-12-10,7.540000000000142,1,2025-12,-1332.9608000000037
3m_train_1m_test,actual_bid_ask,2025-12-11,-57.47199999999972,1,2025-12,-1390.4328000000035
3m_train_1m_test,actual_bid_ask,2025-12-12,-12.450000000000141,1,2025-12,-1402.8828000000037
3m_train_1m_test,actual_bid_ask,2025-12-15,-0.43759999999968713,1,2025-12,-1403.3204000000032
3m_train_1m_test,actual_bid_ask,2025-12-16,5.6080000000005406,1,2025-12,-1397.7124000000028
3m_train_1m_test,actual_bid_ask,2025-12-17,13.63319999999966,1,2025-12,-1384.079200000003
3m_train_1m_test,actual_bid_ask,2025-12-18,-14.385599999999744,1,2025-12,-1398.464800000003
3m_train_1m_test,actual_bid_ask,2025-12-19,1.631199999999915,1,2025-12,-1396.833600000003
3m_train_1m_test,actual_bid_ask,2025-12-22,18.586800000000085,1,2025-12,-1378.2468000000028
3m_train_1m_test,actual_bid_ask,2025-12-23,-9.448800000000029,1,2025-12,-1387.695600000003
3m_train_1m_test,actual_bid_ask,2025-12-24,14.53960000000017,1,2025-12,-1373.1560000000027
3m_train_1m_test,actual_bid_ask,2025-12-26,1.5355999999999148,1,2025-12,-1371.6204000000027
3m_train_1m_test,actual_bid_ask,2025-12-29,-11.419200000000341,1,2025-12,-1383.0396000000032
3m_train_1m_test,actual_bid_ask,2025-12-30,5.55760000000054,1,2025-12,-1377.4820000000027
3m_train_1m_test,actual_bid_ask,2025-12-31,-7.4383999999997155,1,2025-12,-1384.9204000000022
3m_train_1m_test,actual_bid_ask,2026-01-02,-27.4272,1,2026-01,-1412.3476000000023
3m_train_1m_test,actual_bid_ask,2026-01-05,-27.414,1,2026-01,-1439.7616000000023
3m_train_1m_test,actual_bid_ask,2026-01-06,3.5568000000002273,1,2026-01,-1436.204800000002
3m_train_1m_test,actual_bid_ask,2026-01-07,22.6084,1,2026-01,-1413.5964000000022
3m_train_1m_test,actual_bid_ask,2026-01-08,3.609199999999517,1,2026-01,-1409.9872000000025
3m_train_1m_test,actual_bid_ask,2026-01-09,37.528399999999856,1,2026-01,-1372.4588000000028
3m_train_1m_test,actual_bid_ask,2026-01-12,1.486400000000625,1,2026-01,-1370.9724000000022
3m_train_1m_test,actual_bid_ask,2026-01-13,-25.535599999999686,1,2026-01,-1396.5080000000019
3m_train_1m_test,actual_bid_ask,2026-01-14,-17.58040000000057,1,2026-01,-1414.0884000000024
3m_train_1m_test,actual_bid_ask,2026-01-15,-20.55679999999997,1,2026-01,-1434.6452000000024
3m_train_1m_test,actual_bid_ask,2026-01-16,1.4787999999999148,1,2026-01,-1433.1664000000023
3m_train_1m_test,actual_bid_ask,2026-01-19,53.460799999999516,1,2026-01,-1379.705600000003
3m_train_1m_test,actual_bid_ask,2026-01-20,-21.530799999999772,1,2026-01,-1401.2364000000027
3m_train_1m_test,actual_bid_ask,2026-01-21,17.453999999999574,1,2026-01,-1383.7824000000032
3m_train_1m_test,actual_bid_ask,2026-01-22,14.41520000000017,1,2026-01,-1369.3672000000029
3m_train_1m_test,actual_bid_ask,2026-01-23,-8.553999999999517,1,2026-01,-1377.9212000000025
3m_train_1m_test,mid_dynamic_cost,2025-04-01,-30.996600000000115,1,2025-04,-30.996600000000115
3m_train_1m_test,mid_dynamic_cost,2025-04-02,4.027000000002161,1,2025-04,-26.969599999997953
3m_train_1m_test,mid_dynamic_cost,2025-04-03,-39.90740000000046,1,2025-04,-66.87699999999842
3m_train_1m_test,mid_dynamic_cost,2025-04-04,-149.7637999999999,1,2025-04,-216.6407999999983
3m_train_1m_test,mid_dynamic_cost,2025-04-07,-35.03839999999958,1,2025-04,-251.67919999999788
3m_train_1m_test,mid_dynamic_cost,2025-04-08,53.40460000000023,1,2025-04,-198.27459999999766
3m_train_1m_test,mid_dynamic_cost,2025-04-09,-39.9534,1,2025-04,-238.22799999999765
3m_train_1m_test,mid_dynamic_cost,2025-04-10,-171.09600000000023,1,2025-04,-409.3239999999979
3m_train_1m_test,mid_dynamic_cost,2025-04-11,46.44059999999949,1,2025-04,-362.8833999999984
3m_train_1m_test,mid_dynamic_cost,2025-04-14,60.91480000000051,1,2025-04,-301.9685999999979
3m_train_1m_test,mid_dynamic_cost,2025-04-15,44.88959999999943,1,2025-04,-257.0789999999985
3m_train_1m_test,mid_dynamic_cost,2025-04-16,-113.56660000000136,1,2025-04,-370.64559999999983
3m_train_1m_test,mid_dynamic_cost,2025-04-17,6.850999999999886,1,2025-04,-363.7945999999999
3m_train_1m_test,mid_dynamic_cost,2025-04-21,-48.17639999999983,1,2025-04,-411.9709999999998
3m_train_1m_test,mid_dynamic_cost,2025-04-22,-19.177599999999202,1,2025-04,-431.14859999999896
3m_train_1m_test,mid_dynamic_cost,2025-04-23,15.264199999997839,1,2025-04,-415.8844000000011
3m_train_1m_test,mid_dynamic_cost,2025-04-24,17.335799999998862,1,2025-04,-398.54860000000224
3m_train_1m_test,mid_dynamic_cost,2025-04-25,45.82079999999852,1,2025-04,-352.72780000000375
3m_train_1m_test,mid_dynamic_cost,2025-04-28,-29.680000000001023,1,2025-04,-382.4078000000047
3m_train_1m_test,mid_dynamic_cost,2025-04-29,-51.607999999998064,1,2025-04,-434.0158000000028
3m_train_1m_test,mid_dynamic_cost,2025-04-30,-4.036400000000057,1,2025-04,-438.05220000000287
3m_train_1m_test,mid_dynamic_cost,2025-05-01,-49.42579999999989,1,2025-05,-487.47800000000274
3m_train_1m_test,mid_dynamic_cost,2025-05-02,-34.49019999999932,1,2025-05,-521.9682000000021
3m_train_1m_test,mid_dynamic_cost,2025-05-05,-45.88900000000023,1,2025-05,-567.8572000000023
3m_train_1m_test,mid_dynamic_cost,2025-05-06,12.539400000000569,1,2025-05,-555.3178000000017
3m_train_1m_test,mid_dynamic_cost,2025-05-07,-6.518999999999204,1,2025-05,-561.836800000001
3m_train_1m_test,mid_dynamic_cost,2025-05-08,-15.95020000000051,1,2025-05,-577.7870000000014
3m_train_1m_test,mid_dynamic_cost,2025-05-09,29.468199999999317,1,2025-05,-548.3188000000022
3m_train_1m_test,mid_dynamic_cost,2025-05-12,-33.622999999998804,1,2025-05,-581.941800000001
3m_train_1m_test,mid_dynamic_cost,2025-05-13,5.40239999999983,1,2025-05,-576.5394000000011
3m_train_1m_test,mid_dynamic_cost,2025-05-14,15.343800000000682,1,2025-05,-561.1956000000005
3m_train_1m_test,mid_dynamic_cost,2025-05-15,-17.063600000000314,1,2025-05,-578.2592000000008
3m_train_1m_test,mid_dynamic_cost,2025-05-16,-3.5761999999990906,1,2025-05,-581.8353999999998
3m_train_1m_test,mid_dynamic_cost,2025-05-19,9.407400000000454,1,2025-05,-572.4279999999994
3m_train_1m_test,mid_dynamic_cost,2025-05-20,9.378600000000455,1,2025-05,-563.049399999999
3m_train_1m_test,mid_dynamic_cost,2025-05-21,-17.64300000000057,1,2025-05,-580.6923999999995
3m_train_1m_test,mid_dynamic_cost,2025-05-22,34.444599999999035,1,2025-05,-546.2478000000004
3m_train_1m_test,mid_dynamic_cost,2025-05-23,7.441399999999431,1,2025-05,-538.8064000000011
3m_train_1m_test,mid_dynamic_cost,2025-05-26,-31.599999999999206,1,2025-05,-570.4064000000002
3m_train_1m_test,mid_dynamic_cost,2025-05-27,8.410599999999944,1,2025-05,-561.9958000000003
3m_train_1m_test,mid_dynamic_cost,2025-05-28,-31.576399999999204,1,2025-05,-593.5721999999995
3m_train_1m_test,mid_dynamic_cost,2025-05-30,58.94500000000091,1,2025-05,-534.6271999999985
3m_train_1m_test,mid_dynamic_cost,2025-06-02,-90.57300000000096,1,2025-06,-625.2001999999995
3m_train_1m_test,mid_dynamic_cost,2025-06-03,6.409000000000341,1,2025-06,-618.7911999999992
3m_train_1m_test,mid_dynamic_cost,2025-06-04,-33.61500000000023,1,2025-06,-652.4061999999994
3m_train_1m_test,mid_dynamic_cost,2025-06-05,10.399400000000966,1,2025-06,-642.0067999999985
3m_train_1m_test,mid_dynamic_cost,2025-06-06,-33.60220000000023,1,2025-06,-675.6089999999987
3m_train_1m_test,mid_dynamic_cost,2025-06-09,-47.649000000001706,1,2025-06,-723.2580000000004
3m_train_1m_test,mid_dynamic_cost,2025-06-10,-27.6862,1,2025-06,-750.9442000000004
3m_train_1m_test,mid_dynamic_cost,2025-06-11,94.33059999999989,1,2025-06,-656.6136000000005
3m_train_1m_test,mid_dynamic_cost,2025-06-12,-58.77020000000023,1,2025-06,-715.3838000000007
3m_train_1m_test,mid_dynamic_cost,2025-06-13,-215.91040000000098,1,2025-06,-931.2942000000016
3m_train_1m_test,mid_dynamic_cost,2025-06-16,-161.4960000000008,1,2025-06,-1092.7902000000024
3m_train_1m_test,mid_dynamic_cost,2025-06-17,154.0801999999993,1,2025-06,-938.7100000000032
3m_train_1m_test,mid_dynamic_cost,2025-06-18,28.443799999999772,1,2025-06,-910.2662000000034
3m_train_1m_test,mid_dynamic_cost,2025-06-19,-4.095199999999091,1,2025-06,-914.3614000000025
3m_train_1m_test,mid_dynamic_cost,2025-06-20,37.92739999999966,1,2025-06,-876.4340000000028
3m_train_1m_test,mid_dynamic_cost,2025-06-23,-22.623799999999317,1,2025-06,-899.0578000000022
3m_train_1m_test,mid_dynamic_cost,2025-06-24,70.75279999999852,1,2025-06,-828.3050000000037
3m_train_1m_test,mid_dynamic_cost,2025-06-25,-51.73159999999807,1,2025-06,-880.0366000000017
3m_train_1m_test,mid_dynamic_cost,2025-06-27,-20.72439999999926,1,2025-06,-900.761000000001
3m_train_1m_test,mid_dynamic_cost,2025-06-30,-19.69839999999875,1,2025-06,-920.4593999999997
3m_train_1m_test,mid_dynamic_cost,2025-07-01,-2.171000000000455,1,2025-07,-922.6304000000002
3m_train_1m_test,mid_dynamic_cost,2025-07-02,34.8194,1,2025-07,-887.8110000000001
3m_train_1m_test,mid_dynamic_cost,2025-07-03,1.2553999999992036,1,2025-07,-886.5556000000009
3m_train_1m_test,mid_dynamic_cost,2025-07-04,21.760599999999034,1,2025-07,-864.795000000002
3m_train_1m_test,mid_dynamic_cost,2025-07-07,-51.72179999999949,1,2025-07,-916.5168000000015
3m_train_1m_test,mid_dynamic_cost,2025-07-08,-8.27199999999784,1,2025-07,-924.7887999999992
3m_train_1m_test,mid_dynamic_cost,2025-07-09,-53.30339999999955,1,2025-07,-978.0921999999988
3m_train_1m_test,mid_dynamic_cost,2025-07-10,-19.305399999999203,1,2025-07,-997.3975999999981
3m_train_1m_test,mid_dynamic_cost,2025-07-11,-37.259799999999885,1,2025-07,-1034.657399999998
3m_train_1m_test,mid_dynamic_cost,2025-07-14,49.684399999999144,1,2025-07,-984.9729999999988
3m_train_1m_test,mid_dynamic_cost,2025-07-15,4.248599999999318,1,2025-07,-980.7243999999995
3m_train_1m_test,mid_dynamic_cost,2025-07-16,-36.75580000000034,1,2025-07,-1017.4801999999997
3m_train_1m_test,mid_dynamic_cost,2025-07-17,-15.739799999999546,1,2025-07,-1033.2199999999993
3m_train_1m_test,mid_dynamic_cost,2025-07-18,-6.30180000000108,1,2025-07,-1039.5218000000004
3m_train_1m_test,mid_dynamic_cost,2025-07-21,-21.764999999999773,1,2025-07,-1061.2868000000003
3m_train_1m_test,mid_dynamic_cost,2025-07-22,-27.254800000000454,1,2025-07,-1088.5416000000007
3m_train_1m_test,mid_dynamic_cost,2025-07-23,18.252199999999377,1,2025-07,-1070.2894000000013
3m_train_1m_test,mid_dynamic_cost,2025-07-24,-0.7636000000003982,1,2025-07,-1071.0530000000017
3m_train_1m_test,mid_dynamic_cost,2025-07-25,20.21280000000182,1,2025-07,-1050.8401999999999
3m_train_1m_test,mid_dynamic_cost,2025-07-28,4.237799999999318,1,2025-07,-1046.6024000000004
3m_train_1m_test,mid_dynamic_cost,2025-07-29,43.198400000000795,1,2025-07,-1003.4039999999998
3m_train_1m_test,mid_dynamic_cost,2025-07-30,40.59440000000023,1,2025-07,-962.8095999999995
3m_train_1m_test,mid_dynamic_cost,2025-07-31,1.077599999999204,1,2025-07,-961.7320000000003
3m_train_1m_test,mid_dynamic_cost,2025-08-01,34.6312,1,2025-08,-927.1008000000003
3m_train_1m_test,mid_dynamic_cost,2025-08-04,89.2078000000016,1,2025-08,-837.8929999999987
3m_train_1m_test,mid_dynamic_cost,2025-08-05,-25.244799999999433,1,2025-08,-863.1377999999982
3m_train_1m_test,mid_dynamic_cost,2025-08-06,-32.731799999999716,1,2025-08,-895.8695999999978
3m_train_1m_test,mid_dynamic_cost,2025-08-07,-25.19379999999943,1,2025-08,-921.0633999999973
3m_train_1m_test,mid_dynamic_cost,2025-08-08,-75.13639999999943,1,2025-08,-996.1997999999967
3m_train_1m_test,mid_dynamic_cost,2025-08-11,30.860199999999374,1,2025-08,-965.3395999999974
3m_train_1m_test,mid_dynamic_cost,2025-08-12,28.324600000000228,1,2025-08,-937.0149999999971
3m_train_1m_test,mid_dynamic_cost,2025-08-13,-14.643400000000454,1,2025-08,-951.6583999999975
3m_train_1m_test,mid_dynamic_cost,2025-08-14,10.358999999999545,1,2025-08,-941.2993999999981
3m_train_1m_test,mid_dynamic_cost,2025-08-15,-26.65819999999949,1,2025-08,-967.9575999999976
3m_train_1m_test,mid_dynamic_cost,2025-08-18,-17.64020000000057,1,2025-08,-985.5977999999981
3m_train_1m_test,mid_dynamic_cost,2025-08-19,-18.64180000000108,1,2025-08,-1004.2395999999992
3m_train_1m_test,mid_dynamic_cost,2025-08-20,30.349800000001252,1,2025-08,-973.8897999999979
3m_train_1m_test,mid_dynamic_cost,2025-08-21,-12.693000000002273,1,2025-08,-986.5828000000002
3m_train_1m_test,mid_dynamic_cost,2025-08-22,25.28699999999869,1,2025-08,-961.2958000000015
3m_train_1m_test,mid_dynamic_cost,2025-08-25,-20.210799999998294,1,2025-08,-981.5065999999998
3m_train_1m_test,mid_dynamic_cost,2025-08-26,36.7617999999996,1,2025-08,-944.7448000000002
3m_train_1m_test,mid_dynamic_cost,2025-08-27,24.811400000000567,1,2025-08,-919.9333999999997
3m_train_1m_test,mid_dynamic_cost,2025-08-28,5.299999999999829,1,2025-08,-914.6333999999998
3m_train_1m_test,mid_dynamic_cost,2025-08-29,-17.72240000000057,1,2025-08,-932.3558000000004
3m_train_1m_test,mid_dynamic_cost,2025-09-01,54.29820000000074,1,2025-09,-878.0575999999996
3m_train_1m_test,mid_dynamic_cost,2025-09-02,-81.74540000000205,1,2025-09,-959.8030000000017
3m_train_1m_test,mid_dynamic_cost,2025-09-03,-114.25740000000091,1,2025-09,-1074.0604000000026
3m_train_1m_test,mid_dynamic_cost,2025-09-04,-25.67220000000182,1,2025-09,-1099.7326000000044
3m_train_1m_test,mid_dynamic_cost,2025-09-05,-18.166600000000113,1,2025-09,-1117.8992000000046
3m_train_1m_test,mid_dynamic_cost,2025-09-08,17.834399999999828,1,2025-09,-1100.0648000000047
3m_train_1m_test,mid_dynamic_cost,2025-09-09,-9.161399999999773,1,2025-09,-1109.2262000000044
3m_train_1m_test,mid_dynamic_cost,2025-09-10,3.319000000000227,1,2025-09,-1105.9072000000042
3m_train_1m_test,mid_dynamic_cost,2025-09-11,-39.69539999999903,1,2025-09,-1145.6026000000033
3m_train_1m_test,mid_dynamic_cost,2025-09-12,129.3677999999993,1,2025-09,-1016.2348000000039
3m_train_1m_test,mid_dynamic_cost,2025-09-15,-17.68700000000057,1,2025-09,-1033.9218000000046
3m_train_1m_test,mid_dynamic_cost,2025-09-16,0.30500000000011385,1,2025-09,-1033.6168000000043
3m_train_1m_test,mid_dynamic_cost,2025-09-17,-47.734199999998864,1,2025-09,-1081.3510000000033
3m_train_1m_test,mid_dynamic_cost,2025-09-18,-15.710999999999546,1,2025-09,-1097.0620000000029
3m_train_1m_test,mid_dynamic_cost,2025-09-19,26.300600000000625,1,2025-09,-1070.7614000000021
3m_train_1m_test,mid_dynamic_cost,2025-09-22,-98.1865999999984,1,2025-09,-1168.9480000000005
3m_train_1m_test,mid_dynamic_cost,2025-09-23,-109.64599999999932,1,2025-09,-1278.5939999999998
3m_train_1m_test,mid_dynamic_cost,2025-09-24,-66.20800000000193,1,2025-09,-1344.802000000002
3m_train_1m_test,mid_dynamic_cost,2025-09-25,5.734800000000796,1,2025-09,-1339.067200000001
3m_train_1m_test,mid_dynamic_cost,2025-09-26,-12.778799999999432,1,2025-09,-1351.8460000000005
3m_train_1m_test,mid_dynamic_cost,2025-09-29,-68.28640000000011,1,2025-09,-1420.1324000000006
3m_train_1m_test,mid_dynamic_cost,2025-09-30,-1.2010000000013643,1,2025-09,-1421.333400000002
3m_train_1m_test,mid_dynamic_cost,2025-10-01,58.346799999999945,1,2025-10,-1362.986600000002
3m_train_1m_test,mid_dynamic_cost,2025-10-02,-42.61740000000057,1,2025-10,-1405.6040000000025
3m_train_1m_test,mid_dynamic_cost,2025-10-03,28.410200000000227,1,2025-10,-1377.1938000000023
3m_train_1m_test,mid_dynamic_cost,2025-10-06,26.87339999999875,1,2025-10,-1350.3204000000037
3m_train_1m_test,mid_dynamic_cost,2025-10-07,-7.625399999998294,1,2025-10,-1357.945800000002
3m_train_1m_test,mid_dynamic_cost,2025-10-08,-16.643800000000056,1,2025-10,-1374.589600000002
3m_train_1m_test,mid_dynamic_cost,2025-10-09,36.34579999999863,1,2025-10,-1338.2438000000034
3m_train_1m_test,mid_dynamic_cost,2025-10-10,-39.59020000000046,1,2025-10,-1377.8340000000037
3m_train_1m_test,mid_dynamic_cost,2025-10-13,-36.04099999999937,1,2025-10,-1413.8750000000032
3m_train_1m_test,mid_dynamic_cost,2025-10-14,-103.01059999999954,1,2025-10,-1516.8856000000028
3m_train_1m_test,mid_dynamic_cost,2025-10-15,-5.991199999999659,1,2025-10,-1522.8768000000023
3m_train_1m_test,mid_dynamic_cost,2025-10-16,-14.9982,1,2025-10,-1537.8750000000023
3m_train_1m_test,mid_dynamic_cost,2025-10-17,5.075999999999574,1,2025-10,-1532.7990000000027
3m_train_1m_test,mid_dynamic_cost,2025-10-20,-4.431799999999602,1,2025-10,-1537.2308000000023
3m_train_1m_test,mid_dynamic_cost,2025-10-21,80.07139999999957,1,2025-10,-1457.1594000000027
3m_train_1m_test,mid_dynamic_cost,2025-10-22,-0.49519999999968745,1,2025-10,-1457.6546000000026
3m_train_1m_test,mid_dynamic_cost,2025-10-23,124.41659999999818,1,2025-10,-1333.2380000000044
3m_train_1m_test,mid_dynamic_cost,2025-10-24,64.37919999999875,1,2025-10,-1268.8588000000057
3m_train_1m_test,mid_dynamic_cost,2025-10-27,-76.6476000000009,1,2025-10,-1345.5064000000066
3m_train_1m_test,mid_dynamic_cost,2025-10-28,-103.12239999999954,1,2025-10,-1448.628800000006
3m_train_1m_test,mid_dynamic_cost,2025-10-29,-2.087200000000455,1,2025-10,-1450.7160000000065
3m_train_1m_test,mid_dynamic_cost,2025-10-30,-6.079999999999659,1,2025-10,-1456.7960000000062
3m_train_1m_test,mid_dynamic_cost,2025-10-31,-13.089200000000398,1,2025-10,-1469.8852000000065
3m_train_1m_test,mid_dynamic_cost,2025-11-03,28.390200000000227,1,2025-11,-1441.4950000000063
3m_train_1m_test,mid_dynamic_cost,2025-11-04,-59.58180000000074,1,2025-11,-1501.076800000007
3m_train_1m_test,mid_dynamic_cost,2025-11-05,37.92240000000012,1,2025-11,-1463.154400000007
3m_train_1m_test,mid_dynamic_cost,2025-11-06,-18.55340000000037,1,2025-11,-1481.7078000000074
3m_train_1m_test,mid_dynamic_cost,2025-11-07,1.9382000000001702,1,2025-11,-1479.7696000000071
3m_train_1m_test,mid_dynamic_cost,2025-11-10,36.43260000000006,1,2025-11,-1443.337000000007
3m_train_1m_test,mid_dynamic_cost,2025-11-11,-51.050799999999946,1,2025-11,-1494.387800000007
3m_train_1m_test,mid_dynamic_cost,2025-11-12,-13.596199999999943,1,2025-11,-1507.984000000007
3m_train_1m_test,mid_dynamic_cost,2025-11-13,-38.0094000000004,1,2025-11,-1545.9934000000073
3m_train_1m_test,mid_dynamic_cost,2025-11-14,80.4501999999984,1,2025-11,-1465.543200000009
3m_train_1m_test,mid_dynamic_cost,2025-11-17,61.45019999999864,1,2025-11,-1404.0930000000103
3m_train_1m_test,mid_dynamic_cost,2025-11-18,49.95380000000057,1,2025-11,-1354.1392000000099
3m_train_1m_test,mid_dynamic_cost,2025-11-19,-32.58500000000114,1,2025-11,-1386.7242000000108
3m_train_1m_test,mid_dynamic_cost,2025-11-20,-38.0476000000004,1,2025-11,-1424.7718000000114
3m_train_1m_test,mid_dynamic_cost,2025-11-21,-52.002799999999745,1,2025-11,-1476.774600000011
3m_train_1m_test,mid_dynamic_cost,2025-11-24,49.4891999999996,1,2025-11,-1427.2854000000114
3m_train_1m_test,mid_dynamic_cost,2025-11-25,14.48159999999946,1,2025-11,-1412.803800000012
3m_train_1m_test,mid_dynamic_cost,2025-11-26,-41.0093999999998,1,2025-11,-1453.8132000000119
3m_train_1m_test,mid_dynamic_cost,2025-11-27,-30.01820000000057,1,2025-11,-1483.8314000000123
3m_train_1m_test,mid_dynamic_cost,2025-11-28,-34.04279999999977,1,2025-11,-1517.874200000012
3m_train_1m_test,mid_dynamic_cost,2025-12-01,-12.536000000000142,1,2025-12,-1530.4102000000123
3m_train_1m_test,mid_dynamic_cost,2025-12-02,-9.502800000000029,1,2025-12,-1539.9130000000123
3m_train_1m_test,mid_dynamic_cost,2025-12-03,-25.470799999999688,1,2025-12,-1565.383800000012
3m_train_1m_test,mid_dynamic_cost,2025-12-04,-13.491999999999944,1,2025-12,-1578.8758000000118
3m_train_1m_test,mid_dynamic_cost,2025-12-05,14.50240000000017,1,2025-12,-1564.3734000000118
3m_train_1m_test,mid_dynamic_cost,2025-12-08,-8.527999999999517,1,2025-12,-1572.9014000000113
3m_train_1m_test,mid_dynamic_cost,2025-12-09,-0.47360000000039815,1,2025-12,-1573.3750000000116
3m_train_1m_test,mid_dynamic_cost,2025-12-10,7.540000000000142,1,2025-12,-1565.8350000000116
3m_train_1m_test,mid_dynamic_cost,2025-12-11,-57.47199999999972,1,2025-12,-1623.3070000000112
3m_train_1m_test,mid_dynamic_cost,2025-12-12,-12.450000000000141,1,2025-12,-1635.7570000000114
3m_train_1m_test,mid_dynamic_cost,2025-12-15,-0.43759999999968713,1,2025-12,-1636.1946000000112
3m_train_1m_test,mid_dynamic_cost,2025-12-16,5.6080000000005406,1,2025-12,-1630.5866000000105
3m_train_1m_test,mid_dynamic_cost,2025-12-17,13.63319999999966,1,2025-12,-1616.9534000000108
3m_train_1m_test,mid_dynamic_cost,2025-12-18,-14.385599999999744,1,2025-12,-1631.3390000000106
3m_train_1m_test,mid_dynamic_cost,2025-12-19,1.631199999999915,1,2025-12,-1629.7078000000106
3m_train_1m_test,mid_dynamic_cost,2025-12-22,18.586800000000085,1,2025-12,-1611.1210000000106
3m_train_1m_test,mid_dynamic_cost,2025-12-23,-9.448800000000029,1,2025-12,-1620.5698000000107
3m_train_1m_test,mid_dynamic_cost,2025-12-24,14.53960000000017,1,2025-12,-1606.0302000000104
3m_train_1m_test,mid_dynamic_cost,2025-12-26,1.5355999999999148,1,2025-12,-1604.4946000000105
3m_train_1m_test,mid_dynamic_cost,2025-12-29,-11.419200000000341,1,2025-12,-1615.913800000011
3m_train_1m_test,mid_dynamic_cost,2025-12-30,5.55760000000054,1,2025-12,-1610.3562000000104
3m_train_1m_test,mid_dynamic_cost,2025-12-31,-7.4383999999997155,1,2025-12,-1617.7946000000102
3m_train_1m_test,mid_dynamic_cost,2026-01-02,-27.4272,1,2026-01,-1645.22180000001
3m_train_1m_test,mid_dynamic_cost,2026-01-05,-27.414,1,2026-01,-1672.63580000001
3m_train_1m_test,mid_dynamic_cost,2026-01-06,3.5568000000002273,1,2026-01,-1669.07900000001
3m_train_1m_test,mid_dynamic_cost,2026-01-07,22.6084,1,2026-01,-1646.4706000000099
3m_train_1m_test,mid_dynamic_cost,2026-01-08,3.609199999999517,1,2026-01,-1642.8614000000102
3m_train_1m_test,mid_dynamic_cost,2026-01-09,37.528399999999856,1,2026-01,-1605.3330000000105
3m_train_1m_test,mid_dynamic_cost,2026-01-12,1.486400000000625,1,2026-01,-1603.8466000000099
3m_train_1m_test,mid_dynamic_cost,2026-01-13,-25.535599999999686,1,2026-01,-1629.3822000000096
3m_train_1m_test,mid_dynamic_cost,2026-01-14,-17.58040000000057,1,2026-01,-1646.96260000001
3m_train_1m_test,mid_dynamic_cost,2026-01-15,-20.55679999999997,1,2026-01,-1667.5194000000101
3m_train_1m_test,mid_dynamic_cost,2026-01-16,1.4787999999999148,1,2026-01,-1666.0406000000103
3m_train_1m_test,mid_dynamic_cost,2026-01-19,53.460799999999516,1,2026-01,-1612.5798000000107
3m_train_1m_test,mid_dynamic_cost,2026-01-20,-21.530799999999772,1,2026-01,-1634.1106000000104
3m_train_1m_test,mid_dynamic_cost,2026-01-21,17.453999999999574,1,2026-01,-1616.656600000011
3m_train_1m_test,mid_dynamic_cost,2026-01-22,14.41520000000017,1,2026-01,-1602.2414000000106
3m_train_1m_test,mid_dynamic_cost,2026-01-23,-8.553999999999517,1,2026-01,-1610.7954000000102
6m_train_1m_test,actual_bid_ask,2025-07-01,10.999999999999943,1,2025-07,10.999999999999943
6m_train_1m_test,actual_bid_ask,2025-07-02,39.00000000000006,1,2025-07,50.0
6m_train_1m_test,actual_bid_ask,2025-07-03,3.0000000000001137,1,2025-07,53.000000000000114
6m_train_1m_test,actual_bid_ask,2025-07-04,23.000000000000398,1,2025-07,76.00000000000051
6m_train_1m_test,actual_bid_ask,2025-07-07,-50.0,1,2025-07,26.00000000000051
6m_train_1m_test,actual_bid_ask,2025-07-08,0.9999999999990905,1,2025-07,26.999999999999602
6m_train_1m_test,actual_bid_ask,2025-07-09,-51.9999999999996,1,2025-07,-25.0
6m_train_1m_test,actual_bid_ask,2025-07-10,-18.000000000000682,1,2025-07,-43.00000000000068
6m_train_1m_test,actual_bid_ask,2025-07-11,-35.99999999999994,1,2025-07,-79.00000000000063
6m_train_1m_test,actual_bid_ask,2025-07-14,50.99999999999909,1,2025-07,-28.000000000001535
6m_train_1m_test,actual_bid_ask,2025-07-15,8.00000000000125,1,2025-07,-20.000000000000284
6m_train_1m_test,actual_bid_ask,2025-07-16,-35.00000000000085,1,2025-07,-55.00000000000114
6m_train_1m_test,actual_bid_ask,2025-07-17,-14.000000000000057,1,2025-07,-69.0000000000012
6m_train_1m_test,actual_bid_ask,2025-07-18,2.000000000001023,1,2025-07,-67.00000000000017
6m_train_1m_test,actual_bid_ask,2025-07-21,-19.999999999998863,1,2025-07,-86.99999999999903
6m_train_1m_test,actual_bid_ask,2025-07-22,25.99999999999909,1,2025-07,-60.99999999999994
6m_train_1m_test,actual_bid_ask,2025-07-23,20.000000000000284,1,2025-07,-40.99999999999966
6m_train_1m_test,actual_bid_ask,2025-07-24,0.9999999999990905,1,2025-07,-40.00000000000057
6m_train_1m_test,actual_bid_ask,2025-07-25,-29.000000000000625,1,2025-07,-69.0000000000012
6m_train_1m_test,actual_bid_ask,2025-07-28,6.000000000000227,1,2025-07,-63.000000000000966
6m_train_1m_test,actual_bid_ask,2025-07-29,43.99999999999977,1,2025-07,-19.000000000001194
6m_train_1m_test,actual_bid_ask,2025-07-30,41.00000000000108,1,2025-07,21.999999999999886
6m_train_1m_test,actual_bid_ask,2025-07-31,0.9999999999990905,1,2025-07,22.999999999998977
6m_train_1m_test,actual_bid_ask,2025-08-01,35.99999999999994,1,2025-08,58.99999999999892
6m_train_1m_test,actual_bid_ask,2025-08-04,90.99999999999966,1,2025-08,149.99999999999858
6m_train_1m_test,actual_bid_ask,2025-08-05,-23.99999999999949,1,2025-08,125.99999999999909
6m_train_1m_test,actual_bid_ask,2025-08-06,-30.999999999998806,1,2025-08,95.00000000000028
6m_train_1m_test,actual_bid_ask,2025-08-07,-23.99999999999949,1,2025-08,71.0000000000008
6m_train_1m_test,actual_bid_ask,2025-08-08,-73.99999999999949,1,2025-08,-2.9999999999986926
6m_train_1m_test,actual_bid_ask,2025-08-11,31.999999999999318,1,2025-08,29.000000000000625
6m_train_1m_test,actual_bid_ask,2025-08-12,29.999999999999716,1,2025-08,59.00000000000034
6m_train_1m_test,actual_bid_ask,2025-08-13,-13.000000000000966,1,2025-08,45.999999999999375
6m_train_1m_test,actual_bid_ask,2025-08-14,11.999999999999034,1,2025-08,57.99999999999841
6m_train_1m_test,actual_bid_ask,2025-08-15,-25.0,1,2025-08,32.99999999999841
6m_train_1m_test,actual_bid_ask,2025-08-18,-16.00000000000108,1,2025-08,16.99999999999733
6m_train_1m_test,actual_bid_ask,2025-08-19,-17.00000000000017,1,2025-08,-2.8421709430404007e-12
6m_train_1m_test,actual_bid_ask,2025-08-20,31.999999999999318,1,2025-08,31.999999999996476
6m_train_1m_test,actual_bid_ask,2025-08-21,-11.000000000001364,1,2025-08,20.99999999999511
6m_train_1m_test,actual_bid_ask,2025-08-22,26.999999999999602,1,2025-08,47.999999999994714
6m_train_1m_test,actual_bid_ask,2025-08-25,-18.999999999999773,1,2025-08,28.99999999999494
6m_train_1m_test,actual_bid_ask,2025-08-26,38.000000000000966,1,2025-08,66.99999999999591
6m_train_1m_test,actual_bid_ask,2025-08-27,25.99999999999909,1,2025-08,92.999999999995
6m_train_1m_test,actual_bid_ask,2025-08-28,5.999999999998806,1,2025-08,98.9999999999938
6m_train_1m_test,actual_bid_ask,2025-08-29,-17.00000000000017,1,2025-08,81.99999999999363
6m_train_1m_test,actual_bid_ask,2025-09-01,50.0,1,2025-09,131.99999999999363
6m_train_1m_test,actual_bid_ask,2025-09-02,-57.00000000000074,1,2025-09,74.9999999999929
6m_train_1m_test,actual_bid_ask,2025-09-03,-9.000000000000341,1,2025-09,65.99999999999255
6m_train_1m_test,actual_bid_ask,2025-09-04,14.000000000000057,1,2025-09,79.99999999999261
6m_train_1m_test,actual_bid_ask,2025-09-05,21.999999999999886,1,2025-09,101.9999999999925
6m_train_1m_test,actual_bid_ask,2025-09-08,0.9999999999990905,1,2025-09,102.99999999999159
6m_train_1m_test,actual_bid_ask,2025-09-09,8.99999999999892,1,2025-09,111.99999999999051
6m_train_1m_test,actual_bid_ask,2025-09-10,0.0,1,2025-09,111.99999999999051
6m_train_1m_test,actual_bid_ask,2025-09-11,-15.000000000000568,1,2025-09,96.99999999998994
6m_train_1m_test,actual_bid_ask,2025-09-12,62.000000000000455,1,2025-09,158.9999999999904
6m_train_1m_test,actual_bid_ask,2025-09-15,3.999999999999204,1,2025-09,162.9999999999896
6m_train_1m_test,actual_bid_ask,2025-09-16,-31.999999999999318,1,2025-09,130.99999999999028
6m_train_1m_test,actual_bid_ask,2025-09-17,-29.999999999999716,1,2025-09,100.99999999999056
6m_train_1m_test,actual_bid_ask,2025-09-18,-25.0,1,2025-09,75.99999999999056
6m_train_1m_test,actual_bid_ask,2025-09-19,40.00000000000057,1,2025-09,115.99999999999113
6m_train_1m_test,actual_bid_ask,2025-09-22,-39.00000000000006,1,2025-09,76.99999999999108
6m_train_1m_test,actual_bid_ask,2025-09-23,-29.000000000000625,1,2025-09,47.99999999999045
6m_train_1m_test,actual_bid_ask,2025-09-24,3.999999999999204,1,2025-09,51.999999999989654
6m_train_1m_test,actual_bid_ask,2025-09-25,-43.99999999999977,1,2025-09,7.999999999989882
6m_train_1m_test,actual_bid_ask,2025-09-26,3.999999999999204,1,2025-09,11.999999999989086
6m_train_1m_test,actual_bid_ask,2025-09-29,-29.999999999999716,1,2025-09,-18.00000000001063
6m_train_1m_test,actual_bid_ask,2025-09-30,-12.999999999999545,1,2025-09,-31.000000000010175
6m_train_1m_test,actual_bid_ask,2025-10-01,51.00000000000051,1,2025-10,19.999999999990337
6m_train_1m_test,actual_bid_ask,2025-10-02,-43.99999999999977,1,2025-10,-24.000000000009436
6m_train_1m_test,actual_bid_ask,2025-10-03,31.000000000000227,1,2025-10,6.999999999990791
6m_train_1m_test,actual_bid_ask,2025-10-06,14.000000000000057,1,2025-10,20.999999999990848
6m_train_1m_test,actual_bid_ask,2025-10-07,-14.000000000000057,1,2025-10,6.999999999990791
6m_train_1m_test,actual_bid_ask,2025-10-08,-11.000000000001364,1,2025-10,-4.000000000010573
6m_train_1m_test,actual_bid_ask,2025-10-09,34.00000000000034,1,2025-10,29.999999999989768
6m_train_1m_test,actual_bid_ask,2025-10-10,-39.99999999999915,1,2025-10,-10.00000000000938
6m_train_1m_test,actual_bid_ask,2025-10-13,31.000000000000227,1,2025-10,20.999999999990848
6m_train_1m_test,actual_bid_ask,2025-10-14,-104.99999999999972,1,2025-10,-84.00000000000887
6m_train_1m_test,actual_bid_ask,2025-10-15,-4.000000000000625,1,2025-10,-88.00000000000949
6m_train_1m_test,actual_bid_ask,2025-10-16,12.000000000000455,1,2025-10,-76.00000000000904
6m_train_1m_test,actual_bid_ask,2025-10-17,10.999999999999943,1,2025-10,-65.0000000000091
6m_train_1m_test,actual_bid_ask,2025-10-20,5.000000000000426,1,2025-10,-60.00000000000867
6m_train_1m_test,actual_bid_ask,2025-10-21,78.99999999999991,1,2025-10,18.999999999991246
6m_train_1m_test,actual_bid_ask,2025-10-22,2.999999999999403,1,2025-10,21.99999999999065
6m_train_1m_test,actual_bid_ask,2025-10-23,118.99999999999977,1,2025-10,140.99999999999042
6m_train_1m_test,actual_bid_ask,2025-10-24,53.999999999999204,1,2025-10,194.99999999998963
6m_train_1m_test,actual_bid_ask,2025-10-27,-79.99999999999972,1,2025-10,114.99999999998991
6m_train_1m_test,actual_bid_ask,2025-10-28,-87.00000000000045,1,2025-10,27.999999999989456
6m_train_1m_test,actual_bid_ask,2025-10-29,1.0000000000005116,1,2025-10,28.999999999989967
6m_train_1m_test,actual_bid_ask,2025-10-30,-1.999999999999602,1,2025-10,26.999999999990365
6m_train_1m_test,actual_bid_ask,2025-10-31,-20.000000000000284,1,2025-10,6.999999999990081
6m_train_1m_test,actual_bid_ask,2025-11-03,29.999999999999716,1,2025-11,36.9999999999898
6m_train_1m_test,actual_bid_ask,2025-11-04,-57.99999999999983,1,2025-11,-21.000000000010033
6m_train_1m_test,actual_bid_ask,2025-11-05,39.00000000000006,1,2025-11,17.999999999990024
6m_train_1m_test,actual_bid_ask,2025-11-06,-17.00000000000017,1,2025-11,0.9999999999898534
6m_train_1m_test,actual_bid_ask,2025-11-07,3.0000000000001137,1,2025-11,3.999999999989967
6m_train_1m_test,actual_bid_ask,2025-11-10,38.000000000000966,1,2025-11,41.99999999999093
6m_train_1m_test,actual_bid_ask,2025-11-11,-50.00000000000071,1,2025-11,-8.000000000009777
6m_train_1m_test,actual_bid_ask,2025-11-12,-11.999999999999034,1,2025-11,-20.00000000000881
6m_train_1m_test,actual_bid_ask,2025-11-13,-37.000000000000455,1,2025-11,-57.000000000009265
6m_train_1m_test,actual_bid_ask,2025-11-14,81.99999999999932,1,2025-11,24.999999999990052
6m_train_1m_test,actual_bid_ask,2025-11-17,62.999999999999545,1,2025-11,87.9999999999896
6m_train_1m_test,actual_bid_ask,2025-11-18,51.00000000000051,1,2025-11,138.9999999999901
6m_train_1m_test,actual_bid_ask,2025-11-19,-31.000000000000227,1,2025-11,107.99999999998988
6m_train_1m_test,actual_bid_ask,2025-11-20,-36.999999999999744,1,2025-11,70.99999999999014
6m_train_1m_test,actual_bid_ask,2025-11-21,-50.9999999999998,1,2025-11,19.999999999990337
6m_train_1m_test,actual_bid_ask,2025-11-24,50.0,1,2025-11,69.99999999999034
6m_train_1m_test,actual_bid_ask,2025-11-25,14.999999999999858,1,2025-11,84.9999999999902
6m_train_1m_test,actual_bid_ask,2025-11-26,-39.99999999999986,1,2025-11,44.99999999999034
6m_train_1m_test,actual_bid_ask,2025-11-27,-28.999999999999915,1,2025-11,15.999999999990422
6m_train_1m_test,actual_bid_ask,2025-11-28,-33.99999999999963,1,2025-11,-18.00000000000921
6m_train_1m_test,actual_bid_ask,2025-12-01,-13.534799999999944,1,2025-12,-31.534800000009152
6m_train_1m_test,actual_bid_ask,2025-12-02,-6.502799999999915,1,2025-12,-38.037600000009064
6m_train_1m_test,actual_bid_ask,2025-12-03,-24.470399999999888,1,2025-12,-62.508000000008956
6m_train_1m_test,actual_bid_ask,2025-12-04,-12.492000000000143,1,2025-12,-75.0000000000091
6m_train_1m_test,actual_bid_ask,2025-12-05,9.500399999999743,1,2025-12,-65.49960000000935
6m_train_1m_test,actual_bid_ask,2025-12-08,-4.528800000000313,1,2025-12,-70.02840000000967
6m_train_1m_test,actual_bid_ask,2025-12-09,-5.472400000000114,1,2025-12,-75.50080000000978
6m_train_1m_test,actual_bid_ask,2025-12-10,5.539199999999829,1,2025-12,-69.96160000000995
6m_train_1m_test,actual_bid_ask,2025-12-11,-57.473199999999714,1,2025-12,-127.43480000000966
6m_train_1m_test,actual_bid_ask,2025-12-12,-13.450399999999943,1,2025-12,-140.8852000000096
6m_train_1m_test,actual_bid_ask,2025-12-15,-4.437600000000312,1,2025-12,-145.32280000000992
6m_train_1m_test,actual_bid_ask,2025-12-16,-10.39200000000054,1,2025-12,-155.71480000001046
6m_train_1m_test,actual_bid_ask,2025-12-17,-17.36679999999986,1,2025-12,-173.08160000001033
6m_train_1m_test,actual_bid_ask,2025-12-18,7.613600000000142,1,2025-12,-165.46800000001016
6m_train_1m_test,actual_bid_ask,2025-12-19,-5.369200000000113,1,2025-12,-170.83720000001028
6m_train_1m_test,actual_bid_ask,2025-12-22,-16.413599999999345,1,2025-12,-187.25080000000963
6m_train_1m_test,actual_bid_ask,2025-12-23,7.552000000000142,1,2025-12,-179.6988000000095
6m_train_1m_test,actual_bid_ask,2025-12-24,-16.46120000000006,1,2025-12,-196.16000000000955
6m_train_1m_test,actual_bid_ask,2025-12-26,-5.465199999999403,1,2025-12,-201.62520000000896
6m_train_1m_test,actual_bid_ask,2025-12-29,-13.419200000000654,1,2025-12,-215.0444000000096
6m_train_1m_test,actual_bid_ask,2025-12-30,4.558000000000028,1,2025-12,-210.48640000000958
6m_train_1m_test,actual_bid_ask,2025-12-31,-9.43720000000003,1,2025-12,-219.9236000000096
6m_train_1m_test,actual_bid_ask,2026-01-02,-25.428800000000397,1,2026-01,-245.35240000001
6m_train_1m_test,actual_bid_ask,2026-01-05,-28.4131999999998,1,2026-01,-273.7656000000098
6m_train_1m_test,actual_bid_ask,2026-01-06,3.5568000000002273,1,2026-01,-270.2088000000096
6m_train_1m_test,actual_bid_ask,2026-01-07,23.6071999999998,1,2026-01,-246.60160000000977
6m_train_1m_test,actual_bid_ask,2026-01-08,4.610400000000029,1,2026-01,-241.99120000000974
6m_train_1m_test,actual_bid_ask,2026-01-09,30.52679999999983,1,2026-01,-211.4644000000099
6m_train_1m_test,actual_bid_ask,2026-01-12,1.4871999999999148,1,2026-01,-209.97720000001001
6m_train_1m_test,actual_bid_ask,2026-01-13,-36.53440000000034,1,2026-01,-246.51160000001033
6m_train_1m_test,actual_bid_ask,2026-01-14,-27.5828,1,2026-01,-274.09440000001035
6m_train_1m_test,actual_bid_ask,2026-01-15,-21.55839999999977,1,2026-01,-295.65280000001013
6m_train_1m_test,actual_bid_ask,2026-01-16,11.482000000000056,1,2026-01,-284.17080000001005
6m_train_1m_test,actual_bid_ask,2026-01-19,47.4612,1,2026-01,-236.70960000001006
6m_train_1m_test,actual_bid_ask,2026-01-20,-25.529200000000397,1,2026-01,-262.23880000001043
6m_train_1m_test,actual_bid_ask,2026-01-21,17.453999999999574,1,2026-01,-244.78480000001088
6m_train_1m_test,actual_bid_ask,2026-01-22,13.415200000001079,1,2026-01,-231.3696000000098
6m_train_1m_test,actual_bid_ask,2026-01-23,-3.5535999999998014,1,2026-01,-234.92320000000961
6m_train_1m_test,mid_dynamic_cost,2025-07-01,9.324599999999034,1,2025-07,9.324599999999034
6m_train_1m_test,mid_dynamic_cost,2025-07-02,37.31900000000057,1,2025-07,46.64359999999961
6m_train_1m_test,mid_dynamic_cost,2025-07-03,1.2553999999992036,1,2025-07,47.898999999998814
6m_train_1m_test,mid_dynamic_cost,2025-07-04,21.760599999999034,1,2025-07,69.65959999999785
6m_train_1m_test,mid_dynamic_cost,2025-07-07,-51.72179999999949,1,2025-07,17.937799999998354
6m_train_1m_test,mid_dynamic_cost,2025-07-08,-0.7713999999989767,1,2025-07,17.166399999999378
6m_train_1m_test,mid_dynamic_cost,2025-07-09,-53.30339999999955,1,2025-07,-36.13700000000017
6m_train_1m_test,mid_dynamic_cost,2025-07-10,-19.305399999999203,1,2025-07,-55.442399999999374
6m_train_1m_test,mid_dynamic_cost,2025-07-11,-37.259799999999885,1,2025-07,-92.70219999999927
6m_train_1m_test,mid_dynamic_cost,2025-07-14,49.684399999999144,1,2025-07,-43.017800000000115
6m_train_1m_test,mid_dynamic_cost,2025-07-15,6.247400000000341,1,2025-07,-36.770399999999775
6m_train_1m_test,mid_dynamic_cost,2025-07-16,-36.75580000000034,1,2025-07,-73.52620000000012
6m_train_1m_test,mid_dynamic_cost,2025-07-17,-15.24,1,2025-07,-88.76620000000011
6m_train_1m_test,mid_dynamic_cost,2025-07-18,0.69820000000108,1,2025-07,-88.06799999999903
6m_train_1m_test,mid_dynamic_cost,2025-07-21,-21.764999999999773,1,2025-07,-109.8329999999988
6m_train_1m_test,mid_dynamic_cost,2025-07-22,25.245600000000113,1,2025-07,-84.5873999999987
6m_train_1m_test,mid_dynamic_cost,2025-07-23,18.252199999999377,1,2025-07,-66.33519999999932
6m_train_1m_test,mid_dynamic_cost,2025-07-24,-0.26340000000085295,1,2025-07,-66.59860000000018
6m_train_1m_test,mid_dynamic_cost,2025-07-25,-30.787000000000113,1,2025-07,-97.3856000000003
6m_train_1m_test,mid_dynamic_cost,2025-07-28,4.237799999999318,1,2025-07,-93.14780000000097
6m_train_1m_test,mid_dynamic_cost,2025-07-29,43.198400000000795,1,2025-07,-49.949400000000175
6m_train_1m_test,mid_dynamic_cost,2025-07-30,40.09480000000068,1,2025-07,-9.854599999999493
6m_train_1m_test,mid_dynamic_cost,2025-07-31,1.077599999999204,1,2025-07,-8.777000000000289
6m_train_1m_test,mid_dynamic_cost,2025-08-01,34.6312,1,2025-08,25.85419999999971
6m_train_1m_test,mid_dynamic_cost,2025-08-04,89.2078000000016,1,2025-08,115.0620000000013
6m_train_1m_test,mid_dynamic_cost,2025-08-05,-25.244799999999433,1,2025-08,89.81720000000188
6m_train_1m_test,mid_dynamic_cost,2025-08-06,-32.731799999999716,1,2025-08,57.08540000000215
6m_train_1m_test,mid_dynamic_cost,2025-08-07,-25.19379999999943,1,2025-08,31.89160000000272
6m_train_1m_test,mid_dynamic_cost,2025-08-08,-75.13639999999943,1,2025-08,-43.2447999999967
6m_train_1m_test,mid_dynamic_cost,2025-08-11,30.860199999999374,1,2025-08,-12.384599999997327
6m_train_1m_test,mid_dynamic_cost,2025-08-12,28.324600000000228,1,2025-08,15.9400000000029
6m_train_1m_test,mid_dynamic_cost,2025-08-13,-14.643400000000454,1,2025-08,1.2966000000024458
6m_train_1m_test,mid_dynamic_cost,2025-08-14,10.358999999999545,1,2025-08,11.655600000001991
6m_train_1m_test,mid_dynamic_cost,2025-08-15,-26.65819999999949,1,2025-08,-15.002599999997498
6m_train_1m_test,mid_dynamic_cost,2025-08-18,-17.64020000000057,1,2025-08,-32.64279999999807
6m_train_1m_test,mid_dynamic_cost,2025-08-19,-18.64180000000108,1,2025-08,-51.284599999999145
6m_train_1m_test,mid_dynamic_cost,2025-08-20,30.349800000001252,1,2025-08,-20.934799999997896
6m_train_1m_test,mid_dynamic_cost,2025-08-21,-12.693000000002273,1,2025-08,-33.62780000000017
6m_train_1m_test,mid_dynamic_cost,2025-08-22,25.28699999999869,1,2025-08,-8.34080000000148
6m_train_1m_test,mid_dynamic_cost,2025-08-25,-20.210799999998294,1,2025-08,-28.551599999999773
6m_train_1m_test,mid_dynamic_cost,2025-08-26,36.7617999999996,1,2025-08,8.21019999999983
6m_train_1m_test,mid_dynamic_cost,2025-08-27,24.811400000000567,1,2025-08,33.0216000000004
6m_train_1m_test,mid_dynamic_cost,2025-08-28,5.299999999999829,1,2025-08,38.321600000000224
6m_train_1m_test,mid_dynamic_cost,2025-08-29,-17.72240000000057,1,2025-08,20.59919999999966
6m_train_1m_test,mid_dynamic_cost,2025-09-01,46.79640000000045,1,2025-09,67.39560000000012
6m_train_1m_test,mid_dynamic_cost,2025-09-02,-52.7482,1,2025-09,14.647400000000111
6m_train_1m_test,mid_dynamic_cost,2025-09-03,-10.257999999998862,1,2025-09,4.389400000001249
6m_train_1m_test,mid_dynamic_cost,2025-09-04,15.330599999999261,1,2025-09,19.72000000000051
6m_train_1m_test,mid_dynamic_cost,2025-09-05,19.83159999999943,1,2025-09,39.55159999999994
6m_train_1m_test,mid_dynamic_cost,2025-09-08,-6.166399999999658,1,2025-09,33.38520000000028
6m_train_1m_test,mid_dynamic_cost,2025-09-09,-2.6626,1,2025-09,30.72260000000028
6m_train_1m_test,mid_dynamic_cost,2025-09-10,-4.681799999999602,1,2025-09,26.04080000000068
6m_train_1m_test,mid_dynamic_cost,2025-09-11,-14.695399999999033,1,2025-09,11.345400000001646
6m_train_1m_test,mid_dynamic_cost,2025-09-12,56.86479999999989,1,2025-09,68.21020000000154
6m_train_1m_test,mid_dynamic_cost,2025-09-15,-5.687200000000114,1,2025-09,62.52300000000142
6m_train_1m_test,mid_dynamic_cost,2025-09-16,-28.191399999999547,1,2025-09,34.33160000000187
6m_train_1m_test,mid_dynamic_cost,2025-09-17,-23.731799999999375,1,2025-09,10.5998000000025
6m_train_1m_test,mid_dynamic_cost,2025-09-18,-11.211999999997953,1,2025-09,-0.6121999999954539
6m_train_1m_test,mid_dynamic_cost,2025-09-19,40.80160000000023,1,2025-09,40.189400000004774
6m_train_1m_test,mid_dynamic_cost,2025-09-22,-39.685800000000455,1,2025-09,0.5036000000043188
6m_train_1m_test,mid_dynamic_cost,2025-09-23,-44.644599999998746,1,2025-09,-44.14099999999443
6m_train_1m_test,mid_dynamic_cost,2025-09-24,-7.709399999999716,1,2025-09,-51.850399999994146
6m_train_1m_test,mid_dynamic_cost,2025-09-25,-51.26720000000137,1,2025-09,-103.11759999999552
6m_train_1m_test,mid_dynamic_cost,2025-09-26,1.2198000000006255,1,2025-09,-101.89779999999489
6m_train_1m_test,mid_dynamic_cost,2025-09-29,-25.787200000001818,1,2025-09,-127.6849999999967
6m_train_1m_test,mid_dynamic_cost,2025-09-30,-10.198200000000284,1,2025-09,-137.88319999999698
6m_train_1m_test,mid_dynamic_cost,2025-10-01,49.3485999999996,1,2025-10,-88.5345999999974
6m_train_1m_test,mid_dynamic_cost,2025-10-02,-45.617799999999264,1,2025-10,-134.15239999999665
6m_train_1m_test,mid_dynamic_cost,2025-10-03,29.40979999999932,1,2025-10,-104.74259999999734
6m_train_1m_test,mid_dynamic_cost,2025-10-06,12.877600000000113,1,2025-10,-91.86499999999722
6m_train_1m_test,mid_dynamic_cost,2025-10-07,-15.124600000000001,1,2025-10,-106.98959999999722
6m_train_1m_test,mid_dynamic_cost,2025-10-08,-12.643000000002274,1,2025-10,-119.6325999999995
6m_train_1m_test,mid_dynamic_cost,2025-10-09,32.34780000000085,1,2025-10,-87.28479999999865
6m_train_1m_test,mid_dynamic_cost,2025-10-10,-41.59060000000006,1,2025-10,-128.8753999999987
6m_train_1m_test,mid_dynamic_cost,2025-10-13,29.45980000000074,1,2025-10,-99.41559999999797
6m_train_1m_test,mid_dynamic_cost,2025-10-14,-106.01179999999965,1,2025-10,-205.42739999999762
6m_train_1m_test,mid_dynamic_cost,2025-10-15,-5.4894000000001135,1,2025-10,-210.91679999999772
6m_train_1m_test,mid_dynamic_cost,2025-10-16,10.501799999999545,1,2025-10,-200.4149999999982
6m_train_1m_test,mid_dynamic_cost,2025-10-17,10.0764,1,2025-10,-190.3385999999982
6m_train_1m_test,mid_dynamic_cost,2025-10-20,4.068799999999772,1,2025-10,-186.2697999999984
6m_train_1m_test,mid_dynamic_cost,2025-10-21,77.57220000000042,1,2025-10,-108.69759999999799
6m_train_1m_test,mid_dynamic_cost,2025-10-22,2.00339999999946,1,2025-10,-106.69419999999853
6m_train_1m_test,mid_dynamic_cost,2025-10-23,117.41499999999887,1,2025-10,10.720800000000338
6m_train_1m_test,mid_dynamic_cost,2025-10-24,52.375399999998294,1,2025-10,63.09619999999863
6m_train_1m_test,mid_dynamic_cost,2025-10-27,-81.64940000000063,1,2025-10,-18.553200000001993
6m_train_1m_test,mid_dynamic_cost,2025-10-28,-87.61960000000086,1,2025-10,-106.17280000000285
6m_train_1m_test,mid_dynamic_cost,2025-10-29,-0.5869999999989775,1,2025-10,-106.75980000000183
6m_train_1m_test,mid_dynamic_cost,2025-10-30,-2.0805999999990337,1,2025-10,-108.84040000000087
6m_train_1m_test,mid_dynamic_cost,2025-10-31,-19.58839999999875,1,2025-10,-128.42879999999963
6m_train_1m_test,mid_dynamic_cost,2025-11-03,28.390200000000227,1,2025-11,-100.03859999999938
6m_train_1m_test,mid_dynamic_cost,2025-11-04,-59.58180000000074,1,2025-11,-159.62040000000013
6m_train_1m_test,mid_dynamic_cost,2025-11-05,37.92240000000012,1,2025-11,-121.69800000000001
6m_train_1m_test,mid_dynamic_cost,2025-11-06,-18.55340000000037,1,2025-11,-140.2514000000004
6m_train_1m_test,mid_dynamic_cost,2025-11-07,1.9382000000001702,1,2025-11,-138.3132000000002
6m_train_1m_test,mid_dynamic_cost,2025-11-10,36.43260000000006,1,2025-11,-101.88060000000016
6m_train_1m_test,mid_dynamic_cost,2025-11-11,-51.050799999999946,1,2025-11,-152.9314000000001
6m_train_1m_test,mid_dynamic_cost,2025-11-12,-13.596199999999943,1,2025-11,-166.52760000000004
6m_train_1m_test,mid_dynamic_cost,2025-11-13,-38.0094000000004,1,2025-11,-204.53700000000043
6m_train_1m_test,mid_dynamic_cost,2025-11-14,80.4501999999984,1,2025-11,-124.08680000000203
6m_train_1m_test,mid_dynamic_cost,2025-11-17,61.45019999999864,1,2025-11,-62.63660000000339
6m_train_1m_test,mid_dynamic_cost,2025-11-18,49.95380000000057,1,2025-11,-12.682800000002821
6m_train_1m_test,mid_dynamic_cost,2025-11-19,-32.58500000000114,1,2025-11,-45.26780000000396
6m_train_1m_test,mid_dynamic_cost,2025-11-20,-38.0476000000004,1,2025-11,-83.31540000000436
6m_train_1m_test,mid_dynamic_cost,2025-11-21,-52.002799999999745,1,2025-11,-135.3182000000041
6m_train_1m_test,mid_dynamic_cost,2025-11-24,49.4891999999996,1,2025-11,-85.8290000000045
6m_train_1m_test,mid_dynamic_cost,2025-11-25,14.48159999999946,1,2025-11,-71.34740000000505
6m_train_1m_test,mid_dynamic_cost,2025-11-26,-41.0093999999998,1,2025-11,-112.35680000000485
6m_train_1m_test,mid_dynamic_cost,2025-11-27,-30.01820000000057,1,2025-11,-142.3750000000054
6m_train_1m_test,mid_dynamic_cost,2025-11-28,-34.04279999999977,1,2025-11,-176.41780000000517
6m_train_1m_test,mid_dynamic_cost,2025-12-01,-12.536000000000142,1,2025-12,-188.95380000000532
6m_train_1m_test,mid_dynamic_cost,2025-12-02,-9.502800000000029,1,2025-12,-198.45660000000535
6m_train_1m_test,mid_dynamic_cost,2025-12-03,-25.470799999999688,1,2025-12,-223.92740000000504
6m_train_1m_test,mid_dynamic_cost,2025-12-04,-13.491999999999944,1,2025-12,-237.419400000005
6m_train_1m_test,mid_dynamic_cost,2025-12-05,14.50240000000017,1,2025-12,-222.9170000000048
6m_train_1m_test,mid_dynamic_cost,2025-12-08,-8.527999999999517,1,2025-12,-231.44500000000434
6m_train_1m_test,mid_dynamic_cost,2025-12-09,-0.47360000000039815,1,2025-12,-231.91860000000474
6m_train_1m_test,mid_dynamic_cost,2025-12-10,7.540000000000142,1,2025-12,-224.37860000000458
6m_train_1m_test,mid_dynamic_cost,2025-12-11,-57.47199999999972,1,2025-12,-281.8506000000043
6m_train_1m_test,mid_dynamic_cost,2025-12-12,-12.450000000000141,1,2025-12,-294.30060000000447
6m_train_1m_test,mid_dynamic_cost,2025-12-15,-0.43759999999968713,1,2025-12,-294.73820000000416
6m_train_1m_test,mid_dynamic_cost,2025-12-16,5.6080000000005406,1,2025-12,-289.1302000000036
6m_train_1m_test,mid_dynamic_cost,2025-12-17,13.63319999999966,1,2025-12,-275.49700000000394
6m_train_1m_test,mid_dynamic_cost,2025-12-18,-14.385599999999744,1,2025-12,-289.88260000000366
6m_train_1m_test,mid_dynamic_cost,2025-12-19,1.631199999999915,1,2025-12,-288.25140000000374
6m_train_1m_test,mid_dynamic_cost,2025-12-22,18.586800000000085,1,2025-12,-269.6646000000037
6m_train_1m_test,mid_dynamic_cost,2025-12-23,-9.448800000000029,1,2025-12,-279.1134000000037
6m_train_1m_test,mid_dynamic_cost,2025-12-24,14.53960000000017,1,2025-12,-264.57380000000353
6m_train_1m_test,mid_dynamic_cost,2025-12-26,1.5355999999999148,1,2025-12,-263.0382000000036
6m_train_1m_test,mid_dynamic_cost,2025-12-29,-11.419200000000341,1,2025-12,-274.457400000004
6m_train_1m_test,mid_dynamic_cost,2025-12-30,5.55760000000054,1,2025-12,-268.89980000000344
6m_train_1m_test,mid_dynamic_cost,2025-12-31,-7.4383999999997155,1,2025-12,-276.33820000000316
6m_train_1m_test,mid_dynamic_cost,2026-01-02,-25.428800000000397,1,2026-01,-301.7670000000035
6m_train_1m_test,mid_dynamic_cost,2026-01-05,-28.4131999999998,1,2026-01,-330.1802000000033
6m_train_1m_test,mid_dynamic_cost,2026-01-06,3.5568000000002273,1,2026-01,-326.62340000000313
6m_train_1m_test,mid_dynamic_cost,2026-01-07,23.6071999999998,1,2026-01,-303.0162000000033
6m_train_1m_test,mid_dynamic_cost,2026-01-08,4.610400000000029,1,2026-01,-298.4058000000033
6m_train_1m_test,mid_dynamic_cost,2026-01-09,30.52679999999983,1,2026-01,-267.87900000000343
6m_train_1m_test,mid_dynamic_cost,2026-01-12,1.4871999999999148,1,2026-01,-266.3918000000035
6m_train_1m_test,mid_dynamic_cost,2026-01-13,-36.53440000000034,1,2026-01,-302.92620000000386
6m_train_1m_test,mid_dynamic_cost,2026-01-14,-27.5828,1,2026-01,-330.5090000000039
6m_train_1m_test,mid_dynamic_cost,2026-01-15,-21.55839999999977,1,2026-01,-352.06740000000366
6m_train_1m_test,mid_dynamic_cost,2026-01-16,11.482000000000056,1,2026-01,-340.5854000000036
6m_train_1m_test,mid_dynamic_cost,2026-01-19,47.4612,1,2026-01,-293.1242000000036
6m_train_1m_test,mid_dynamic_cost,2026-01-20,-25.529200000000397,1,2026-01,-318.653400000004
6m_train_1m_test,mid_dynamic_cost,2026-01-21,17.453999999999574,1,2026-01,-301.1994000000044
6m_train_1m_test,mid_dynamic_cost,2026-01-22,13.415200000001079,1,2026-01,-287.78420000000335
6m_train_1m_test,mid_dynamic_cost,2026-01-23,-3.5535999999998014,1,2026-01,-291.33780000000314
