date,calendar_month,chosen_symbol,prompt_delivery_month,prompt_month_code,contract_expiry_date,days_to_expiry,total_volume_that_day,rank_by_volume_among_available_symbols,available_symbol_count,selection_rule,row_count,first_timestamp_utc,last_timestamp_utc
2025-01-02,2025-01,F:BRN\H25,2025-03,H,2025-01-31,29,216897.0,1.0,85.0,prompt_month_calendar_plus_2_using_ice_month_codes,50401,2025-01-02T06:00:00,2025-01-02T20:00:00
2025-01-03,2025-01,F:BRN\H25,2025-03,H,2025-01-31,28,166545.0,1.0,85.0,prompt_month_calendar_plus_2_using_ice_month_codes,50401,2025-01-03T06:00:00,2025-01-03T20:00:00
2025-01-06,2025-01,F:BRN\H25,2025-03,H,2025-01-31,25,217449.0,1.0,85.0,prompt_month_calendar_plus_2_using_ice_month_codes,50401,2025-01-06T06:00:00,2025-01-06T20:00:00
2025-01-07,2025-01,F:BRN\H25,2025-03,H,2025-01-31,24,202382.0,1.0,85.0,prompt_month_calendar_plus_2_using_ice_month_codes,50401,2025-01-07T06:00:00,2025-01-07T20:00:00
2025-01-08,2025-01,F:BRN\H25,2025-03,H,2025-01-31,23,233646.0,1.0,85.0,prompt_month_calendar_plus_2_using_ice_month_codes,50401,2025-01-08T06:00:00,2025-01-08T20:00:00
2025-01-09,2025-01,F:BRN\H25,2025-03,H,2025-01-31,22,148224.0,1.0,85.0,prompt_month_calendar_plus_2_using_ice_month_codes,50401,2025-01-09T06:00:00,2025-01-09T20:00:00
2025-01-10,2025-01,F:BRN\H25,2025-03,H,2025-01-31,21,417550.0,1.0,85.0,prompt_month_calendar_plus_2_using_ice_month_codes,50401,2025-01-10T06:00:00,2025-01-10T20:00:00
2025-01-13,2025-01,F:BRN\H25,2025-03,H,2025-01-31,18,311830.0,1.0,85.0,prompt_month_calendar_plus_2_using_ice_month_codes,50401,2025-01-13T06:00:00,2025-01-13T20:00:00
2025-01-14,2025-01,F:BRN\H25,2025-03,H,2025-01-31,17,241405.0,1.0,85.0,prompt_month_calendar_plus_2_using_ice_month_codes,50401,2025-01-14T06:00:00,2025-01-14T20:00:00
2025-01-15,2025-01,F:BRN\H25,2025-03,H,2025-01-31,16,271984.0,1.0,85.0,prompt_month_calendar_plus_2_using_ice_month_codes,50401,2025-01-15T06:00:00,2025-01-15T20:00:00
2025-01-16,2025-01,F:BRN\H25,2025-03,H,2025-01-31,15,273661.0,1.0,85.0,prompt_month_calendar_plus_2_using_ice_month_codes,50401,2025-01-16T06:00:00,2025-01-16T20:00:00
2025-01-17,2025-01,F:BRN\H25,2025-03,H,2025-01-31,14,173231.0,1.0,85.0,prompt_month_calendar_plus_2_using_ice_month_codes,50401,2025-01-17T06:00:00,2025-01-17T20:00:00
2025-01-20,2025-01,F:BRN\H25,2025-03,H,2025-01-31,11,152621.0,1.0,85.0,prompt_month_calendar_plus_2_using_ice_month_codes,50401,2025-01-20T06:00:00,2025-01-20T20:00:00
2025-01-21,2025-01,F:BRN\H25,2025-03,H,2025-01-31,10,198194.0,1.0,85.0,prompt_month_calendar_plus_2_using_ice_month_codes,50401,2025-01-21T06:00:00,2025-01-21T20:00:00
2025-01-22,2025-01,F:BRN\H25,2025-03,H,2025-01-31,9,158994.0,1.0,85.0,prompt_month_calendar_plus_2_using_ice_month_codes,50401,2025-01-22T06:00:00,2025-01-22T20:00:00
2025-01-23,2025-01,F:BRN\H25,2025-03,H,2025-01-31,8,175362.0,1.0,85.0,prompt_month_calendar_plus_2_using_ice_month_codes,50401,2025-01-23T06:00:00,2025-01-23T20:00:00
2025-01-24,2025-01,F:BRN\H25,2025-03,H,2025-01-31,7,104336.0,2.0,85.0,prompt_month_calendar_plus_2_using_ice_month_codes,50401,2025-01-24T06:00:00,2025-01-24T20:00:00
2025-01-27,2025-01,F:BRN\H25,2025-03,H,2025-01-31,4,114347.0,2.0,85.0,prompt_month_calendar_plus_2_using_ice_month_codes,50401,2025-01-27T06:00:00,2025-01-27T20:00:00
2025-01-28,2025-01,F:BRN\H25,2025-03,H,2025-01-31,3,85280.0,2.0,85.0,prompt_month_calendar_plus_2_using_ice_month_codes,50401,2025-01-28T06:00:00,2025-01-28T20:00:00
2025-01-29,2025-01,F:BRN\H25,2025-03,H,2025-01-31,2,33579.0,3.0,85.0,prompt_month_calendar_plus_2_using_ice_month_codes,50401,2025-01-29T06:00:00,2025-01-29T20:00:00
2025-01-30,2025-01,F:BRN\H25,2025-03,H,2025-01-31,1,27060.0,4.0,85.0,prompt_month_calendar_plus_2_using_ice_month_codes,50401,2025-01-30T06:00:00,2025-01-30T20:00:00
2025-01-31,2025-01,F:BRN\H25,2025-03,H,2025-01-31,0,10451.0,6.0,85.0,prompt_month_calendar_plus_2_using_ice_month_codes,50401,2025-01-31T06:00:00,2025-01-31T20:00:00
2025-02-03,2025-02,F:BRN\J25,2025-04,J,2025-02-28,25,296702.0,1.0,84.0,prompt_month_calendar_plus_2_using_ice_month_codes,50401,2025-02-03T06:00:00,2025-02-03T20:00:00
2025-02-04,2025-02,F:BRN\J25,2025-04,J,2025-02-28,24,334630.0,1.0,84.0,prompt_month_calendar_plus_2_using_ice_month_codes,50401,2025-02-04T06:00:00,2025-02-04T20:00:00
2025-02-05,2025-02,F:BRN\J25,2025-04,J,2025-02-28,23,205965.0,1.0,84.0,prompt_month_calendar_plus_2_using_ice_month_codes,50401,2025-02-05T06:00:00,2025-02-05T20:00:00
2025-02-06,2025-02,F:BRN\J25,2025-04,J,2025-02-28,22,215893.0,1.0,84.0,prompt_month_calendar_plus_2_using_ice_month_codes,50401,2025-02-06T06:00:00,2025-02-06T20:00:00
2025-02-07,2025-02,F:BRN\J25,2025-04,J,2025-02-28,21,155917.0,1.0,84.0,prompt_month_calendar_plus_2_using_ice_month_codes,50401,2025-02-07T06:00:00,2025-02-07T20:00:00
2025-02-10,2025-02,F:BRN\J25,2025-04,J,2025-02-28,18,147772.0,1.0,84.0,prompt_month_calendar_plus_2_using_ice_month_codes,50401,2025-02-10T06:00:00,2025-02-10T20:00:00
2025-02-11,2025-02,F:BRN\J25,2025-04,J,2025-02-28,17,191117.0,1.0,84.0,prompt_month_calendar_plus_2_using_ice_month_codes,50401,2025-02-11T06:00:00,2025-02-11T20:00:00
2025-02-12,2025-02,F:BRN\J25,2025-04,J,2025-02-28,16,206696.0,1.0,84.0,prompt_month_calendar_plus_2_using_ice_month_codes,50401,2025-02-12T06:00:00,2025-02-12T20:00:00
2025-02-13,2025-02,F:BRN\J25,2025-04,J,2025-02-28,15,185923.0,1.0,84.0,prompt_month_calendar_plus_2_using_ice_month_codes,50401,2025-02-13T06:00:00,2025-02-13T20:00:00
2025-02-14,2025-02,F:BRN\J25,2025-04,J,2025-02-28,14,160310.0,1.0,84.0,prompt_month_calendar_plus_2_using_ice_month_codes,50401,2025-02-14T06:00:00,2025-02-14T20:00:00
2025-02-17,2025-02,F:BRN\J25,2025-04,J,2025-02-28,11,113745.0,1.0,84.0,prompt_month_calendar_plus_2_using_ice_month_codes,50401,2025-02-17T06:00:00,2025-02-17T20:00:00
2025-02-18,2025-02,F:BRN\J25,2025-04,J,2025-02-28,10,172997.0,1.0,84.0,prompt_month_calendar_plus_2_using_ice_month_codes,50401,2025-02-18T06:00:00,2025-02-18T20:00:00
2025-02-19,2025-02,F:BRN\J25,2025-04,J,2025-02-28,9,141282.0,1.0,84.0,prompt_month_calendar_plus_2_using_ice_month_codes,50401,2025-02-19T06:00:00,2025-02-19T20:00:00
2025-02-20,2025-02,F:BRN\J25,2025-04,J,2025-02-28,8,122183.0,1.0,84.0,prompt_month_calendar_plus_2_using_ice_month_codes,50401,2025-02-20T06:00:00,2025-02-20T20:00:00
2025-02-21,2025-02,F:BRN\J25,2025-04,J,2025-02-28,7,138315.0,2.0,84.0,prompt_month_calendar_plus_2_using_ice_month_codes,50401,2025-02-21T06:00:00,2025-02-21T20:00:00
2025-02-24,2025-02,F:BRN\J25,2025-04,J,2025-02-28,4,70443.0,2.0,84.0,prompt_month_calendar_plus_2_using_ice_month_codes,50401,2025-02-24T06:00:00,2025-02-24T20:00:00
2025-02-25,2025-02,F:BRN\J25,2025-04,J,2025-02-28,3,89981.0,2.0,84.0,prompt_month_calendar_plus_2_using_ice_month_codes,50401,2025-02-25T06:00:00,2025-02-25T20:00:00
2025-02-26,2025-02,F:BRN\J25,2025-04,J,2025-02-28,2,41884.0,3.0,84.0,prompt_month_calendar_plus_2_using_ice_month_codes,50401,2025-02-26T06:00:00,2025-02-26T20:00:00
2025-02-27,2025-02,F:BRN\J25,2025-04,J,2025-02-28,1,22270.0,4.0,84.0,prompt_month_calendar_plus_2_using_ice_month_codes,50401,2025-02-27T06:00:00,2025-02-27T20:00:00
2025-02-28,2025-02,F:BRN\J25,2025-04,J,2025-02-28,0,7160.0,6.0,84.0,prompt_month_calendar_plus_2_using_ice_month_codes,50401,2025-02-28T06:00:00,2025-02-28T20:00:00
2025-03-03,2025-03,F:BRN\K25,2025-05,K,2025-03-31,28,253082.0,1.0,83.0,prompt_month_calendar_plus_2_using_ice_month_codes,50401,2025-03-03T06:00:00,2025-03-03T20:00:00
2025-03-04,2025-03,F:BRN\K25,2025-05,K,2025-03-31,27,301683.0,1.0,83.0,prompt_month_calendar_plus_2_using_ice_month_codes,50401,2025-03-04T06:00:00,2025-03-04T20:00:00
2025-03-05,2025-03,F:BRN\K25,2025-05,K,2025-03-31,26,295946.0,1.0,83.0,prompt_month_calendar_plus_2_using_ice_month_codes,50401,2025-03-05T06:00:00,2025-03-05T20:00:00
2025-03-06,2025-03,F:BRN\K25,2025-05,K,2025-03-31,25,243874.0,1.0,83.0,prompt_month_calendar_plus_2_using_ice_month_codes,50401,2025-03-06T06:00:00,2025-03-06T20:00:00
2025-03-07,2025-03,F:BRN\K25,2025-05,K,2025-03-31,24,263851.0,1.0,83.0,prompt_month_calendar_plus_2_using_ice_month_codes,50401,2025-03-07T06:00:00,2025-03-07T20:00:00
2025-03-10,2025-03,F:BRN\K25,2025-05,K,2025-03-31,21,172694.0,1.0,83.0,prompt_month_calendar_plus_2_using_ice_month_codes,50401,2025-03-10T06:00:00,2025-03-10T20:00:00
2025-03-11,2025-03,F:BRN\K25,2025-05,K,2025-03-31,20,175695.0,1.0,83.0,prompt_month_calendar_plus_2_using_ice_month_codes,50401,2025-03-11T06:00:00,2025-03-11T20:00:00
2025-03-12,2025-03,F:BRN\K25,2025-05,K,2025-03-31,19,164149.0,1.0,83.0,prompt_month_calendar_plus_2_using_ice_month_codes,50401,2025-03-12T06:00:00,2025-03-12T20:00:00
2025-03-13,2025-03,F:BRN\K25,2025-05,K,2025-03-31,18,185160.0,1.0,83.0,prompt_month_calendar_plus_2_using_ice_month_codes,50401,2025-03-13T06:00:00,2025-03-13T20:00:00
2025-03-14,2025-03,F:BRN\K25,2025-05,K,2025-03-31,17,126364.0,1.0,83.0,prompt_month_calendar_plus_2_using_ice_month_codes,50401,2025-03-14T06:00:00,2025-03-14T20:00:00
2025-03-17,2025-03,F:BRN\K25,2025-05,K,2025-03-31,14,154984.0,1.0,83.0,prompt_month_calendar_plus_2_using_ice_month_codes,50401,2025-03-17T06:00:00,2025-03-17T20:00:00
2025-03-18,2025-03,F:BRN\K25,2025-05,K,2025-03-31,13,194274.0,1.0,83.0,prompt_month_calendar_plus_2_using_ice_month_codes,50401,2025-03-18T06:00:00,2025-03-18T20:00:00
2025-03-19,2025-03,F:BRN\K25,2025-05,K,2025-03-31,12,141780.0,1.0,83.0,prompt_month_calendar_plus_2_using_ice_month_codes,50401,2025-03-19T06:00:00,2025-03-19T20:00:00
2025-03-20,2025-03,F:BRN\K25,2025-05,K,2025-03-31,11,150159.0,1.0,83.0,prompt_month_calendar_plus_2_using_ice_month_codes,50401,2025-03-20T06:00:00,2025-03-20T20:00:00
2025-03-21,2025-03,F:BRN\K25,2025-05,K,2025-03-31,10,98684.0,2.0,83.0,prompt_month_calendar_plus_2_using_ice_month_codes,50401,2025-03-21T06:00:00,2025-03-21T20:00:00
2025-03-24,2025-03,F:BRN\K25,2025-05,K,2025-03-31,7,114685.0,2.0,83.0,prompt_month_calendar_plus_2_using_ice_month_codes,50401,2025-03-24T06:00:00,2025-03-24T20:00:00
2025-03-25,2025-03,F:BRN\K25,2025-05,K,2025-03-31,6,113437.0,2.0,83.0,prompt_month_calendar_plus_2_using_ice_month_codes,50401,2025-03-25T06:00:00,2025-03-25T20:00:00
2025-03-26,2025-03,F:BRN\K25,2025-05,K,2025-03-31,5,78896.0,2.0,83.0,prompt_month_calendar_plus_2_using_ice_month_codes,50401,2025-03-26T06:00:00,2025-03-26T20:00:00
2025-03-27,2025-03,F:BRN\K25,2025-05,K,2025-03-31,4,27553.0,3.0,83.0,prompt_month_calendar_plus_2_using_ice_month_codes,50401,2025-03-27T06:00:00,2025-03-27T20:00:00
2025-03-28,2025-03,F:BRN\K25,2025-05,K,2025-03-31,3,26841.0,3.0,83.0,prompt_month_calendar_plus_2_using_ice_month_codes,50401,2025-03-28T06:00:00,2025-03-28T20:00:00
2025-03-31,2025-03,F:BRN\K25,2025-05,K,2025-03-31,0,9736.0,6.0,83.0,prompt_month_calendar_plus_2_using_ice_month_codes,50401,2025-03-31T06:00:00,2025-03-31T20:00:00
2025-04-01,2025-04,F:BRN\M25,2025-06,M,2025-04-30,29,210294.0,1.0,83.0,prompt_month_calendar_plus_2_using_ice_month_codes,50401,2025-04-01T06:00:00,2025-04-01T20:00:00
2025-04-02,2025-04,F:BRN\M25,2025-06,M,2025-04-30,28,232652.0,1.0,83.0,prompt_month_calendar_plus_2_using_ice_month_codes,50401,2025-04-02T06:00:00,2025-04-02T20:00:00
2025-04-03,2025-04,F:BRN\M25,2025-06,M,2025-04-30,27,440988.0,1.0,82.0,prompt_month_calendar_plus_2_using_ice_month_codes,50401,2025-04-03T06:00:00,2025-04-03T20:00:00
2025-04-04,2025-04,F:BRN\M25,2025-06,M,2025-04-30,26,616784.0,1.0,82.0,prompt_month_calendar_plus_2_using_ice_month_codes,50401,2025-04-04T06:00:00,2025-04-04T20:00:00
2025-04-07,2025-04,F:BRN\M25,2025-06,M,2025-04-30,23,552781.0,1.0,82.0,prompt_month_calendar_plus_2_using_ice_month_codes,50401,2025-04-07T06:00:00,2025-04-07T20:00:00
2025-04-08,2025-04,F:BRN\M25,2025-06,M,2025-04-30,22,393639.0,1.0,82.0,prompt_month_calendar_plus_2_using_ice_month_codes,50401,2025-04-08T06:00:00,2025-04-08T20:00:00
2025-04-09,2025-04,F:BRN\M25,2025-06,M,2025-04-30,21,610099.0,1.0,82.0,prompt_month_calendar_plus_2_using_ice_month_codes,50401,2025-04-09T06:00:00,2025-04-09T20:00:00
2025-04-10,2025-04,F:BRN\M25,2025-06,M,2025-04-30,20,326442.0,1.0,82.0,prompt_month_calendar_plus_2_using_ice_month_codes,50401,2025-04-10T06:00:00,2025-04-10T20:00:00
2025-04-11,2025-04,F:BRN\M25,2025-06,M,2025-04-30,19,232287.0,1.0,82.0,prompt_month_calendar_plus_2_using_ice_month_codes,50401,2025-04-11T06:00:00,2025-04-11T20:00:00
2025-04-14,2025-04,F:BRN\M25,2025-06,M,2025-04-30,16,161303.0,1.0,82.0,prompt_month_calendar_plus_2_using_ice_month_codes,50401,2025-04-14T06:00:00,2025-04-14T20:00:00
2025-04-15,2025-04,F:BRN\M25,2025-06,M,2025-04-30,15,131465.0,1.0,82.0,prompt_month_calendar_plus_2_using_ice_month_codes,50401,2025-04-15T06:00:00,2025-04-15T20:00:00
2025-04-16,2025-04,F:BRN\M25,2025-06,M,2025-04-30,14,179364.0,1.0,82.0,prompt_month_calendar_plus_2_using_ice_month_codes,50401,2025-04-16T06:00:00,2025-04-16T20:00:00
2025-04-17,2025-04,F:BRN\M25,2025-06,M,2025-04-30,13,170101.0,1.0,82.0,prompt_month_calendar_plus_2_using_ice_month_codes,50401,2025-04-17T06:00:00,2025-04-17T20:00:00
2025-04-21,2025-04,F:BRN\M25,2025-06,M,2025-04-30,9,109938.0,1.0,82.0,prompt_month_calendar_plus_2_using_ice_month_codes,50401,2025-04-21T06:00:00,2025-04-21T20:00:00
2025-04-22,2025-04,F:BRN\M25,2025-06,M,2025-04-30,8,149743.0,1.0,82.0,prompt_month_calendar_plus_2_using_ice_month_codes,50401,2025-04-22T06:00:00,2025-04-22T20:00:00
2025-04-23,2025-04,F:BRN\M25,2025-06,M,2025-04-30,7,219377.0,1.0,82.0,prompt_month_calendar_plus_2_using_ice_month_codes,50401,2025-04-23T06:00:00,2025-04-23T20:00:00
2025-04-24,2025-04,F:BRN\M25,2025-06,M,2025-04-30,6,95494.0,2.0,82.0,prompt_month_calendar_plus_2_using_ice_month_codes,50401,2025-04-24T06:00:00,2025-04-24T20:00:00
2025-04-25,2025-04,F:BRN\M25,2025-06,M,2025-04-30,5,77910.0,2.0,82.0,prompt_month_calendar_plus_2_using_ice_month_codes,50401,2025-04-25T06:00:00,2025-04-25T20:00:00
2025-04-28,2025-04,F:BRN\M25,2025-06,M,2025-04-30,2,41498.0,3.0,82.0,prompt_month_calendar_plus_2_using_ice_month_codes,50401,2025-04-28T06:00:00,2025-04-28T20:00:00
2025-04-29,2025-04,F:BRN\M25,2025-06,M,2025-04-30,1,29261.0,5.0,82.0,prompt_month_calendar_plus_2_using_ice_month_codes,50401,2025-04-29T06:00:00,2025-04-29T20:00:00
2025-04-30,2025-04,F:BRN\M25,2025-06,M,2025-04-30,0,11594.0,8.0,82.0,prompt_month_calendar_plus_2_using_ice_month_codes,50401,2025-04-30T06:00:00,2025-04-30T20:00:00
2025-05-01,2025-05,F:BRN\N25,2025-07,N,2025-05-30,29,268561.0,1.0,82.0,prompt_month_calendar_plus_2_using_ice_month_codes,50401,2025-05-01T06:00:00,2025-05-01T20:00:00
2025-05-02,2025-05,F:BRN\N25,2025-07,N,2025-05-30,28,216817.0,1.0,81.0,prompt_month_calendar_plus_2_using_ice_month_codes,50401,2025-05-02T06:00:00,2025-05-02T20:00:00
2025-05-05,2025-05,F:BRN\N25,2025-07,N,2025-05-30,25,182717.0,1.0,81.0,prompt_month_calendar_plus_2_using_ice_month_codes,50401,2025-05-05T06:00:00,2025-05-05T20:00:00
2025-05-06,2025-05,F:BRN\N25,2025-07,N,2025-05-30,24,218485.0,1.0,81.0,prompt_month_calendar_plus_2_using_ice_month_codes,50401,2025-05-06T06:00:00,2025-05-06T20:00:00
2025-05-07,2025-05,F:BRN\N25,2025-07,N,2025-05-30,23,190284.0,1.0,81.0,prompt_month_calendar_plus_2_using_ice_month_codes,50401,2025-05-07T06:00:00,2025-05-07T20:00:00
2025-05-08,2025-05,F:BRN\N25,2025-07,N,2025-05-30,22,193741.0,1.0,81.0,prompt_month_calendar_plus_2_using_ice_month_codes,50401,2025-05-08T06:00:00,2025-05-08T20:00:00
2025-05-09,2025-05,F:BRN\N25,2025-07,N,2025-05-30,21,170077.0,1.0,81.0,prompt_month_calendar_plus_2_using_ice_month_codes,50401,2025-05-09T06:00:00,2025-05-09T20:00:00
2025-05-12,2025-05,F:BRN\N25,2025-07,N,2025-05-30,18,250340.0,1.0,81.0,prompt_month_calendar_plus_2_using_ice_month_codes,50401,2025-05-12T06:00:00,2025-05-12T20:00:00
2025-05-13,2025-05,F:BRN\N25,2025-07,N,2025-05-30,17,179217.0,1.0,81.0,prompt_month_calendar_plus_2_using_ice_month_codes,50401,2025-05-13T06:00:00,2025-05-13T20:00:00
2025-05-14,2025-05,F:BRN\N25,2025-07,N,2025-05-30,16,156773.0,1.0,81.0,prompt_month_calendar_plus_2_using_ice_month_codes,50401,2025-05-14T06:00:00,2025-05-14T20:00:00
2025-05-15,2025-05,F:BRN\N25,2025-07,N,2025-05-30,15,238809.0,1.0,81.0,prompt_month_calendar_plus_2_using_ice_month_codes,50401,2025-05-15T06:00:00,2025-05-15T20:00:00
2025-05-16,2025-05,F:BRN\N25,2025-07,N,2025-05-30,14,135614.0,1.0,81.0,prompt_month_calendar_plus_2_using_ice_month_codes,50401,2025-05-16T06:00:00,2025-05-16T20:00:00
2025-05-19,2025-05,F:BRN\N25,2025-07,N,2025-05-30,11,167200.0,1.0,81.0,prompt_month_calendar_plus_2_using_ice_month_codes,50401,2025-05-19T06:00:00,2025-05-19T20:00:00
2025-05-20,2025-05,F:BRN\N25,2025-07,N,2025-05-30,10,139127.0,1.0,81.0,prompt_month_calendar_plus_2_using_ice_month_codes,50401,2025-05-20T06:00:00,2025-05-20T20:00:00
2025-05-21,2025-05,F:BRN\N25,2025-07,N,2025-05-30,9,174841.0,1.0,81.0,prompt_month_calendar_plus_2_using_ice_month_codes,50401,2025-05-21T06:00:00,2025-05-21T20:00:00
2025-05-22,2025-05,F:BRN\N25,2025-07,N,2025-05-30,8,156907.0,1.0,81.0,prompt_month_calendar_plus_2_using_ice_month_codes,50401,2025-05-22T06:00:00,2025-05-22T20:00:00
2025-05-23,2025-05,F:BRN\N25,2025-07,N,2025-05-30,7,117783.0,2.0,81.0,prompt_month_calendar_plus_2_using_ice_month_codes,50401,2025-05-23T06:00:00,2025-05-23T20:00:00
2025-05-26,2025-05,F:BRN\N25,2025-07,N,2025-05-30,4,26527.0,2.0,81.0,prompt_month_calendar_plus_2_using_ice_month_codes,50401,2025-05-26T06:00:00,2025-05-26T20:00:00
2025-05-27,2025-05,F:BRN\N25,2025-07,N,2025-05-30,3,84628.0,2.0,81.0,prompt_month_calendar_plus_2_using_ice_month_codes,50401,2025-05-27T06:00:00,2025-05-27T20:00:00
2025-05-28,2025-05,F:BRN\N25,2025-07,N,2025-05-30,2,40683.0,3.0,81.0,prompt_month_calendar_plus_2_using_ice_month_codes,50401,2025-05-28T06:00:00,2025-05-28T20:00:00
2025-05-30,2025-05,F:BRN\N25,2025-07,N,2025-05-30,0,6882.0,8.0,81.0,prompt_month_calendar_plus_2_using_ice_month_codes,50401,2025-05-30T06:00:00,2025-05-30T20:00:00
2025-06-02,2025-06,F:BRN\Q25,2025-08,Q,2025-06-30,28,261689.0,1.0,81.0,prompt_month_calendar_plus_2_using_ice_month_codes,50401,2025-06-02T06:00:00,2025-06-02T20:00:00
2025-06-03,2025-06,F:BRN\Q25,2025-08,Q,2025-06-30,27,176377.0,1.0,80.0,prompt_month_calendar_plus_2_using_ice_month_codes,50401,2025-06-03T06:00:00,2025-06-03T20:00:00
2025-06-04,2025-06,F:BRN\Q25,2025-08,Q,2025-06-30,26,210617.0,1.0,80.0,prompt_month_calendar_plus_2_using_ice_month_codes,50401,2025-06-04T06:00:00,2025-06-04T20:00:00
2025-06-05,2025-06,F:BRN\Q25,2025-08,Q,2025-06-30,25,144901.0,1.0,80.0,prompt_month_calendar_plus_2_using_ice_month_codes,50401,2025-06-05T06:00:00,2025-06-05T20:00:00
2025-06-06,2025-06,F:BRN\Q25,2025-08,Q,2025-06-30,24,178945.0,1.0,80.0,prompt_month_calendar_plus_2_using_ice_month_codes,50401,2025-06-06T06:00:00,2025-06-06T20:00:00
2025-06-09,2025-06,F:BRN\Q25,2025-08,Q,2025-06-30,21,151567.0,1.0,80.0,prompt_month_calendar_plus_2_using_ice_month_codes,50401,2025-06-09T06:00:00,2025-06-09T20:00:00
2025-06-10,2025-06,F:BRN\Q25,2025-08,Q,2025-06-30,20,187112.0,1.0,80.0,prompt_month_calendar_plus_2_using_ice_month_codes,50401,2025-06-10T06:00:00,2025-06-10T20:00:00
2025-06-11,2025-06,F:BRN\Q25,2025-08,Q,2025-06-30,19,287988.0,1.0,80.0,prompt_month_calendar_plus_2_using_ice_month_codes,50401,2025-06-11T06:00:00,2025-06-11T20:00:00
2025-06-12,2025-06,F:BRN\Q25,2025-08,Q,2025-06-30,18,270295.0,1.0,80.0,prompt_month_calendar_plus_2_using_ice_month_codes,50401,2025-06-12T06:00:00,2025-06-12T20:00:00
2025-06-13,2025-06,F:BRN\Q25,2025-08,Q,2025-06-30,17,700899.0,1.0,80.0,prompt_month_calendar_plus_2_using_ice_month_codes,50401,2025-06-13T06:00:00,2025-06-13T20:00:00
2025-06-16,2025-06,F:BRN\Q25,2025-08,Q,2025-06-30,14,418451.0,1.0,80.0,prompt_month_calendar_plus_2_using_ice_month_codes,50401,2025-06-16T06:00:00,2025-06-16T20:00:00
2025-06-17,2025-06,F:BRN\Q25,2025-08,Q,2025-06-30,13,371346.0,1.0,80.0,prompt_month_calendar_plus_2_using_ice_month_codes,50401,2025-06-17T06:00:00,2025-06-17T20:00:00
2025-06-18,2025-06,F:BRN\Q25,2025-08,Q,2025-06-30,12,369027.0,1.0,80.0,prompt_month_calendar_plus_2_using_ice_month_codes,50401,2025-06-18T06:00:00,2025-06-18T20:00:00
2025-06-19,2025-06,F:BRN\Q25,2025-08,Q,2025-06-30,11,198487.0,1.0,80.0,prompt_month_calendar_plus_2_using_ice_month_codes,50401,2025-06-19T06:00:00,2025-06-19T20:00:00
2025-06-20,2025-06,F:BRN\Q25,2025-08,Q,2025-06-30,10,229681.0,1.0,80.0,prompt_month_calendar_plus_2_using_ice_month_codes,50401,2025-06-20T06:00:00,2025-06-20T20:00:00
2025-06-23,2025-06,F:BRN\Q25,2025-08,Q,2025-06-30,7,376173.0,1.0,80.0,prompt_month_calendar_plus_2_using_ice_month_codes,50401,2025-06-23T06:00:00,2025-06-23T20:00:00
2025-06-24,2025-06,F:BRN\Q25,2025-08,Q,2025-06-30,6,266627.0,2.0,80.0,prompt_month_calendar_plus_2_using_ice_month_codes,50401,2025-06-24T06:00:00,2025-06-24T20:00:00
2025-06-25,2025-06,F:BRN\Q25,2025-08,Q,2025-06-30,5,90198.0,2.0,80.0,prompt_month_calendar_plus_2_using_ice_month_codes,50401,2025-06-25T06:00:00,2025-06-25T20:00:00
2025-06-27,2025-06,F:BRN\Q25,2025-08,Q,2025-06-30,3,15676.0,4.0,80.0,prompt_month_calendar_plus_2_using_ice_month_codes,50401,2025-06-27T06:00:00,2025-06-27T20:00:00
2025-06-30,2025-06,F:BRN\Q25,2025-08,Q,2025-06-30,0,6437.0,5.0,80.0,prompt_month_calendar_plus_2_using_ice_month_codes,50401,2025-06-30T06:00:00,2025-06-30T20:00:00
2025-07-01,2025-07,F:BRN\U25,2025-09,U,2025-07-31,30,123355.0,1.0,80.0,prompt_month_calendar_plus_2_using_ice_month_codes,50401,2025-07-01T06:00:00,2025-07-01T20:00:00
2025-07-02,2025-07,F:BRN\U25,2025-09,U,2025-07-31,29,174365.0,1.0,80.0,prompt_month_calendar_plus_2_using_ice_month_codes,50401,2025-07-02T06:00:00,2025-07-02T20:00:00
2025-07-03,2025-07,F:BRN\U25,2025-09,U,2025-07-31,28,132135.0,1.0,79.0,prompt_month_calendar_plus_2_using_ice_month_codes,50401,2025-07-03T06:00:00,2025-07-03T20:00:00
2025-07-04,2025-07,F:BRN\U25,2025-09,U,2025-07-31,27,78873.0,1.0,79.0,prompt_month_calendar_plus_2_using_ice_month_codes,50401,2025-07-04T06:00:00,2025-07-04T20:00:00
2025-07-07,2025-07,F:BRN\U25,2025-09,U,2025-07-31,24,158983.0,1.0,79.0,prompt_month_calendar_plus_2_using_ice_month_codes,50401,2025-07-07T06:00:00,2025-07-07T20:00:00
2025-07-08,2025-07,F:BRN\U25,2025-09,U,2025-07-31,23,136371.0,1.0,79.0,prompt_month_calendar_plus_2_using_ice_month_codes,50401,2025-07-08T06:00:00,2025-07-08T20:00:00
2025-07-09,2025-07,F:BRN\U25,2025-09,U,2025-07-31,22,126405.0,1.0,79.0,prompt_month_calendar_plus_2_using_ice_month_codes,50401,2025-07-09T06:00:00,2025-07-09T20:00:00
2025-07-10,2025-07,F:BRN\U25,2025-09,U,2025-07-31,21,150100.0,1.0,79.0,prompt_month_calendar_plus_2_using_ice_month_codes,50401,2025-07-10T06:00:00,2025-07-10T20:00:00
2025-07-11,2025-07,F:BRN\U25,2025-09,U,2025-07-31,20,145640.0,1.0,79.0,prompt_month_calendar_plus_2_using_ice_month_codes,50401,2025-07-11T06:00:00,2025-07-11T20:00:00
2025-07-14,2025-07,F:BRN\U25,2025-09,U,2025-07-31,17,166885.0,1.0,79.0,prompt_month_calendar_plus_2_using_ice_month_codes,50401,2025-07-14T06:00:00,2025-07-14T20:00:00
2025-07-15,2025-07,F:BRN\U25,2025-09,U,2025-07-31,16,130078.0,1.0,79.0,prompt_month_calendar_plus_2_using_ice_month_codes,50401,2025-07-15T06:00:00,2025-07-15T20:00:00
2025-07-16,2025-07,F:BRN\U25,2025-09,U,2025-07-31,15,149440.0,1.0,79.0,prompt_month_calendar_plus_2_using_ice_month_codes,50401,2025-07-16T06:00:00,2025-07-16T20:00:00
2025-07-17,2025-07,F:BRN\U25,2025-09,U,2025-07-31,14,125384.0,1.0,79.0,prompt_month_calendar_plus_2_using_ice_month_codes,50401,2025-07-17T06:00:00,2025-07-17T20:00:00
2025-07-18,2025-07,F:BRN\U25,2025-09,U,2025-07-31,13,172713.0,1.0,79.0,prompt_month_calendar_plus_2_using_ice_month_codes,50401,2025-07-18T06:00:00,2025-07-18T20:00:00
2025-07-21,2025-07,F:BRN\U25,2025-09,U,2025-07-31,10,111085.0,1.0,79.0,prompt_month_calendar_plus_2_using_ice_month_codes,50401,2025-07-21T06:00:00,2025-07-21T20:00:00
2025-07-22,2025-07,F:BRN\U25,2025-09,U,2025-07-31,9,116000.0,1.0,79.0,prompt_month_calendar_plus_2_using_ice_month_codes,50401,2025-07-22T06:00:00,2025-07-22T20:00:00
2025-07-23,2025-07,F:BRN\U25,2025-09,U,2025-07-31,8,99341.0,1.0,79.0,prompt_month_calendar_plus_2_using_ice_month_codes,50401,2025-07-23T06:00:00,2025-07-23T20:00:00
2025-07-24,2025-07,F:BRN\U25,2025-09,U,2025-07-31,7,123411.0,1.0,79.0,prompt_month_calendar_plus_2_using_ice_month_codes,50401,2025-07-24T06:00:00,2025-07-24T20:00:00
2025-07-25,2025-07,F:BRN\U25,2025-09,U,2025-07-31,6,67499.0,2.0,79.0,prompt_month_calendar_plus_2_using_ice_month_codes,50401,2025-07-25T06:00:00,2025-07-25T20:00:00
2025-07-28,2025-07,F:BRN\U25,2025-09,U,2025-07-31,3,83724.0,2.0,79.0,prompt_month_calendar_plus_2_using_ice_month_codes,50401,2025-07-28T06:00:00,2025-07-28T20:00:00
2025-07-29,2025-07,F:BRN\U25,2025-09,U,2025-07-31,2,45324.0,4.0,79.0,prompt_month_calendar_plus_2_using_ice_month_codes,50401,2025-07-29T06:00:00,2025-07-29T20:00:00
2025-07-30,2025-07,F:BRN\U25,2025-09,U,2025-07-31,1,22208.0,4.0,79.0,prompt_month_calendar_plus_2_using_ice_month_codes,50401,2025-07-30T06:00:00,2025-07-30T20:00:00
2025-07-31,2025-07,F:BRN\U25,2025-09,U,2025-07-31,0,5442.0,9.0,79.0,prompt_month_calendar_plus_2_using_ice_month_codes,50401,2025-07-31T06:00:00,2025-07-31T20:00:00
2025-08-01,2025-08,F:BRN\V25,2025-10,V,2025-08-29,28,201931.0,1.0,79.0,prompt_month_calendar_plus_2_using_ice_month_codes,50401,2025-08-01T06:00:00,2025-08-01T20:00:00
2025-08-04,2025-08,F:BRN\V25,2025-10,V,2025-08-29,25,182620.0,1.0,78.0,prompt_month_calendar_plus_2_using_ice_month_codes,50401,2025-08-04T06:00:00,2025-08-04T20:00:00
2025-08-05,2025-08,F:BRN\V25,2025-10,V,2025-08-29,24,176729.0,1.0,78.0,prompt_month_calendar_plus_2_using_ice_month_codes,50401,2025-08-05T06:00:00,2025-08-05T20:00:00
2025-08-06,2025-08,F:BRN\V25,2025-10,V,2025-08-29,23,254201.0,1.0,78.0,prompt_month_calendar_plus_2_using_ice_month_codes,50401,2025-08-06T06:00:00,2025-08-06T20:00:00
2025-08-07,2025-08,F:BRN\V25,2025-10,V,2025-08-29,22,176955.0,1.0,78.0,prompt_month_calendar_plus_2_using_ice_month_codes,50401,2025-08-07T06:00:00,2025-08-07T20:00:00
2025-08-08,2025-08,F:BRN\V25,2025-10,V,2025-08-29,21,205224.0,1.0,78.0,prompt_month_calendar_plus_2_using_ice_month_codes,50401,2025-08-08T06:00:00,2025-08-08T20:00:00
2025-08-11,2025-08,F:BRN\V25,2025-10,V,2025-08-29,18,117967.0,1.0,78.0,prompt_month_calendar_plus_2_using_ice_month_codes,50401,2025-08-11T06:00:00,2025-08-11T20:00:00
2025-08-12,2025-08,F:BRN\V25,2025-10,V,2025-08-29,17,114540.0,1.0,78.0,prompt_month_calendar_plus_2_using_ice_month_codes,50401,2025-08-12T06:00:00,2025-08-12T20:00:00
2025-08-13,2025-08,F:BRN\V25,2025-10,V,2025-08-29,16,162411.0,1.0,78.0,prompt_month_calendar_plus_2_using_ice_month_codes,50401,2025-08-13T06:00:00,2025-08-13T20:00:00
2025-08-14,2025-08,F:BRN\V25,2025-10,V,2025-08-29,15,135238.0,1.0,78.0,prompt_month_calendar_plus_2_using_ice_month_codes,50401,2025-08-14T06:00:00,2025-08-14T20:00:00
2025-08-15,2025-08,F:BRN\V25,2025-10,V,2025-08-29,14,120070.0,1.0,78.0,prompt_month_calendar_plus_2_using_ice_month_codes,50401,2025-08-15T06:00:00,2025-08-15T20:00:00
2025-08-18,2025-08,F:BRN\V25,2025-10,V,2025-08-29,11,144103.0,1.0,78.0,prompt_month_calendar_plus_2_using_ice_month_codes,50401,2025-08-18T06:00:00,2025-08-18T20:00:00
2025-08-19,2025-08,F:BRN\V25,2025-10,V,2025-08-29,10,124197.0,1.0,78.0,prompt_month_calendar_plus_2_using_ice_month_codes,50401,2025-08-19T06:00:00,2025-08-19T20:00:00
2025-08-20,2025-08,F:BRN\V25,2025-10,V,2025-08-29,9,141935.0,1.0,78.0,prompt_month_calendar_plus_2_using_ice_month_codes,50401,2025-08-20T06:00:00,2025-08-20T20:00:00
2025-08-21,2025-08,F:BRN\V25,2025-10,V,2025-08-29,8,118794.0,1.0,78.0,prompt_month_calendar_plus_2_using_ice_month_codes,50401,2025-08-21T06:00:00,2025-08-21T20:00:00
2025-08-22,2025-08,F:BRN\V25,2025-10,V,2025-08-29,7,81136.0,2.0,78.0,prompt_month_calendar_plus_2_using_ice_month_codes,50401,2025-08-22T06:00:00,2025-08-22T20:00:00
2025-08-25,2025-08,F:BRN\V25,2025-10,V,2025-08-29,4,66233.0,2.0,78.0,prompt_month_calendar_plus_2_using_ice_month_codes,50401,2025-08-25T06:00:00,2025-08-25T20:00:00
2025-08-26,2025-08,F:BRN\V25,2025-10,V,2025-08-29,3,69731.0,2.0,78.0,prompt_month_calendar_plus_2_using_ice_month_codes,50401,2025-08-26T06:00:00,2025-08-26T20:00:00
2025-08-27,2025-08,F:BRN\V25,2025-10,V,2025-08-29,2,34521.0,3.0,78.0,prompt_month_calendar_plus_2_using_ice_month_codes,50401,2025-08-27T06:00:00,2025-08-27T20:00:00
2025-08-28,2025-08,F:BRN\V25,2025-10,V,2025-08-29,1,21277.0,3.0,78.0,prompt_month_calendar_plus_2_using_ice_month_codes,50401,2025-08-28T06:00:00,2025-08-28T20:00:00
2025-08-29,2025-08,F:BRN\V25,2025-10,V,2025-08-29,0,6637.0,5.0,78.0,prompt_month_calendar_plus_2_using_ice_month_codes,50401,2025-08-29T06:00:00,2025-08-29T20:00:00
2025-09-01,2025-09,F:BRN\X25,2025-11,X,2025-09-30,29,88436.0,1.0,78.0,prompt_month_calendar_plus_2_using_ice_month_codes,50401,2025-09-01T06:00:00,2025-09-01T20:00:00
2025-09-02,2025-09,F:BRN\X25,2025-11,X,2025-09-30,28,202233.0,1.0,77.0,prompt_month_calendar_plus_2_using_ice_month_codes,50401,2025-09-02T06:00:00,2025-09-02T20:00:00
2025-09-03,2025-09,F:BRN\X25,2025-11,X,2025-09-30,27,218298.0,1.0,77.0,prompt_month_calendar_plus_2_using_ice_month_codes,50401,2025-09-03T06:00:00,2025-09-03T20:00:00
2025-09-04,2025-09,F:BRN\X25,2025-11,X,2025-09-30,26,174801.0,1.0,77.0,prompt_month_calendar_plus_2_using_ice_month_codes,50401,2025-09-04T06:00:00,2025-09-04T20:00:00
2025-09-05,2025-09,F:BRN\X25,2025-11,X,2025-09-30,25,206721.0,1.0,77.0,prompt_month_calendar_plus_2_using_ice_month_codes,50401,2025-09-05T06:00:00,2025-09-05T20:00:00
2025-09-08,2025-09,F:BRN\X25,2025-11,X,2025-09-30,22,159013.0,1.0,77.0,prompt_month_calendar_plus_2_using_ice_month_codes,50401,2025-09-08T06:00:00,2025-09-08T20:00:00
2025-09-09,2025-09,F:BRN\X25,2025-11,X,2025-09-30,21,167443.0,1.0,77.0,prompt_month_calendar_plus_2_using_ice_month_codes,50401,2025-09-09T06:00:00,2025-09-09T20:00:00
2025-09-10,2025-09,F:BRN\X25,2025-11,X,2025-09-30,20,167947.0,1.0,77.0,prompt_month_calendar_plus_2_using_ice_month_codes,50401,2025-09-10T06:00:00,2025-09-10T20:00:00
2025-09-11,2025-09,F:BRN\X25,2025-11,X,2025-09-30,19,138981.0,1.0,77.0,prompt_month_calendar_plus_2_using_ice_month_codes,50401,2025-09-11T06:00:00,2025-09-11T20:00:00
2025-09-12,2025-09,F:BRN\X25,2025-11,X,2025-09-30,18,222582.0,1.0,77.0,prompt_month_calendar_plus_2_using_ice_month_codes,50401,2025-09-12T06:00:00,2025-09-12T20:00:00
2025-09-15,2025-09,F:BRN\X25,2025-11,X,2025-09-30,15,111290.0,1.0,77.0,prompt_month_calendar_plus_2_using_ice_month_codes,50401,2025-09-15T06:00:00,2025-09-15T20:00:00
2025-09-16,2025-09,F:BRN\X25,2025-11,X,2025-09-30,14,164925.0,1.0,77.0,prompt_month_calendar_plus_2_using_ice_month_codes,50401,2025-09-16T06:00:00,2025-09-16T20:00:00
2025-09-17,2025-09,F:BRN\X25,2025-11,X,2025-09-30,13,121489.0,1.0,77.0,prompt_month_calendar_plus_2_using_ice_month_codes,50401,2025-09-17T06:00:00,2025-09-17T20:00:00
2025-09-18,2025-09,F:BRN\X25,2025-11,X,2025-09-30,12,138363.0,1.0,77.0,prompt_month_calendar_plus_2_using_ice_month_codes,50401,2025-09-18T06:00:00,2025-09-18T20:00:00
2025-09-19,2025-09,F:BRN\X25,2025-11,X,2025-09-30,11,121841.0,1.0,77.0,prompt_month_calendar_plus_2_using_ice_month_codes,50401,2025-09-19T06:00:00,2025-09-19T20:00:00
2025-09-22,2025-09,F:BRN\X25,2025-11,X,2025-09-30,8,114934.0,1.0,77.0,prompt_month_calendar_plus_2_using_ice_month_codes,50401,2025-09-22T06:00:00,2025-09-22T20:00:00
2025-09-23,2025-09,F:BRN\X25,2025-11,X,2025-09-30,7,128260.0,2.0,77.0,prompt_month_calendar_plus_2_using_ice_month_codes,50401,2025-09-23T06:00:00,2025-09-23T20:00:00
2025-09-24,2025-09,F:BRN\X25,2025-11,X,2025-09-30,6,108083.0,2.0,77.0,prompt_month_calendar_plus_2_using_ice_month_codes,50401,2025-09-24T06:00:00,2025-09-24T20:00:00
2025-09-25,2025-09,F:BRN\X25,2025-11,X,2025-09-30,5,78047.0,2.0,77.0,prompt_month_calendar_plus_2_using_ice_month_codes,50401,2025-09-25T06:00:00,2025-09-25T20:00:00
2025-09-26,2025-09,F:BRN\X25,2025-11,X,2025-09-30,4,44136.0,3.0,77.0,prompt_month_calendar_plus_2_using_ice_month_codes,50401,2025-09-26T06:00:00,2025-09-26T20:00:00
2025-09-29,2025-09,F:BRN\X25,2025-11,X,2025-09-30,1,31362.0,3.0,77.0,prompt_month_calendar_plus_2_using_ice_month_codes,50401,2025-09-29T06:00:00,2025-09-29T20:00:00
2025-09-30,2025-09,F:BRN\X25,2025-11,X,2025-09-30,0,9929.0,7.0,77.0,prompt_month_calendar_plus_2_using_ice_month_codes,50401,2025-09-30T06:00:00,2025-09-30T20:00:00
2025-10-01,2025-10,F:BRN\Z25,2025-12,Z,2025-10-31,30,232659.0,1.0,76.0,prompt_month_calendar_plus_2_using_ice_month_codes,50401,2025-10-01T06:00:00,2025-10-01T20:00:00
2025-10-02,2025-10,F:BRN\Z25,2025-12,Z,2025-10-31,29,258278.0,1.0,76.0,prompt_month_calendar_plus_2_using_ice_month_codes,50401,2025-10-02T06:00:00,2025-10-02T20:00:00
2025-10-03,2025-10,F:BRN\Z25,2025-12,Z,2025-10-31,28,177250.0,1.0,76.0,prompt_month_calendar_plus_2_using_ice_month_codes,50401,2025-10-03T06:00:00,2025-10-03T20:00:00
2025-10-06,2025-10,F:BRN\Z25,2025-12,Z,2025-10-31,25,165623.0,1.0,76.0,prompt_month_calendar_plus_2_using_ice_month_codes,50401,2025-10-06T06:00:00,2025-10-06T20:00:00
2025-10-07,2025-10,F:BRN\Z25,2025-12,Z,2025-10-31,24,159577.0,1.0,76.0,prompt_month_calendar_plus_2_using_ice_month_codes,50401,2025-10-07T06:00:00,2025-10-07T20:00:00
2025-10-08,2025-10,F:BRN\Z25,2025-12,Z,2025-10-31,23,161950.0,1.0,76.0,prompt_month_calendar_plus_2_using_ice_month_codes,50401,2025-10-08T06:00:00,2025-10-08T20:00:00
2025-10-09,2025-10,F:BRN\Z25,2025-12,Z,2025-10-31,22,180173.0,1.0,76.0,prompt_month_calendar_plus_2_using_ice_month_codes,50401,2025-10-09T06:00:00,2025-10-09T20:00:00
2025-10-10,2025-10,F:BRN\Z25,2025-12,Z,2025-10-31,21,312226.0,1.0,76.0,prompt_month_calendar_plus_2_using_ice_month_codes,50401,2025-10-10T06:00:00,2025-10-10T20:00:00
2025-10-13,2025-10,F:BRN\Z25,2025-12,Z,2025-10-31,18,194671.0,1.0,76.0,prompt_month_calendar_plus_2_using_ice_month_codes,50401,2025-10-13T06:00:00,2025-10-13T20:00:00
2025-10-14,2025-10,F:BRN\Z25,2025-12,Z,2025-10-31,17,243588.0,1.0,76.0,prompt_month_calendar_plus_2_using_ice_month_codes,50401,2025-10-14T06:00:00,2025-10-14T20:00:00
2025-10-15,2025-10,F:BRN\Z25,2025-12,Z,2025-10-31,16,161656.0,1.0,76.0,prompt_month_calendar_plus_2_using_ice_month_codes,50401,2025-10-15T06:00:00,2025-10-15T20:00:00
2025-10-16,2025-10,F:BRN\Z25,2025-12,Z,2025-10-31,15,213004.0,1.0,76.0,prompt_month_calendar_plus_2_using_ice_month_codes,50401,2025-10-16T06:00:00,2025-10-16T20:00:00
2025-10-17,2025-10,F:BRN\Z25,2025-12,Z,2025-10-31,14,196436.0,1.0,76.0,prompt_month_calendar_plus_2_using_ice_month_codes,50401,2025-10-17T06:00:00,2025-10-17T20:00:00
2025-10-20,2025-10,F:BRN\Z25,2025-12,Z,2025-10-31,11,130531.0,1.0,76.0,prompt_month_calendar_plus_2_using_ice_month_codes,50401,2025-10-20T06:00:00,2025-10-20T20:00:00
2025-10-21,2025-10,F:BRN\Z25,2025-12,Z,2025-10-31,10,189801.0,1.0,76.0,prompt_month_calendar_plus_2_using_ice_month_codes,50401,2025-10-21T06:00:00,2025-10-21T20:00:00
2025-10-22,2025-10,F:BRN\Z25,2025-12,Z,2025-10-31,9,230467.0,1.0,76.0,prompt_month_calendar_plus_2_using_ice_month_codes,50401,2025-10-22T06:00:00,2025-10-22T20:00:00
2025-10-23,2025-10,F:BRN\Z25,2025-12,Z,2025-10-31,8,363413.0,1.0,76.0,prompt_month_calendar_plus_2_using_ice_month_codes,50401,2025-10-23T06:00:00,2025-10-23T20:00:00
2025-10-24,2025-10,F:BRN\Z25,2025-12,Z,2025-10-31,7,137656.0,2.0,76.0,prompt_month_calendar_plus_2_using_ice_month_codes,50401,2025-10-24T06:00:00,2025-10-24T20:00:00
2025-10-27,2025-10,F:BRN\Z25,2025-12,Z,2025-10-31,4,94595.0,2.0,76.0,prompt_month_calendar_plus_2_using_ice_month_codes,50401,2025-10-27T06:00:00,2025-10-27T20:00:00
2025-10-28,2025-10,F:BRN\Z25,2025-12,Z,2025-10-31,3,98619.0,2.0,76.0,prompt_month_calendar_plus_2_using_ice_month_codes,50401,2025-10-28T06:00:00,2025-10-28T20:00:00
2025-10-29,2025-10,F:BRN\Z25,2025-12,Z,2025-10-31,2,36177.0,3.0,76.0,prompt_month_calendar_plus_2_using_ice_month_codes,50401,2025-10-29T06:00:00,2025-10-29T20:00:00
2025-10-30,2025-10,F:BRN\Z25,2025-12,Z,2025-10-31,1,23196.0,3.0,76.0,prompt_month_calendar_plus_2_using_ice_month_codes,50401,2025-10-30T06:00:00,2025-10-30T20:00:00
2025-10-31,2025-10,F:BRN\Z25,2025-12,Z,2025-10-31,0,6364.0,7.0,76.0,prompt_month_calendar_plus_2_using_ice_month_codes,50401,2025-10-31T06:00:00,2025-10-31T20:00:00
2025-11-03,2025-11,F:BRN\F26,2026-01,F,2025-11-28,25,166565.0,1.0,76.0,prompt_month_calendar_plus_2_using_ice_month_codes,50401,2025-11-03T06:00:00,2025-11-03T20:00:00
2025-11-04,2025-11,F:BRN\F26,2026-01,F,2025-11-28,24,159658.0,1.0,75.0,prompt_month_calendar_plus_2_using_ice_month_codes,50401,2025-11-04T06:00:00,2025-11-04T20:00:00
2025-11-05,2025-11,F:BRN\F26,2026-01,F,2025-11-28,23,182716.0,1.0,75.0,prompt_month_calendar_plus_2_using_ice_month_codes,50401,2025-11-05T06:00:00,2025-11-05T20:00:00
2025-11-06,2025-11,F:BRN\F26,2026-01,F,2025-11-28,22,212382.0,1.0,75.0,prompt_month_calendar_plus_2_using_ice_month_codes,50401,2025-11-06T06:00:00,2025-11-06T20:00:00
2025-11-07,2025-11,F:BRN\F26,2026-01,F,2025-11-28,21,181399.0,1.0,75.0,prompt_month_calendar_plus_2_using_ice_month_codes,50401,2025-11-07T06:00:00,2025-11-07T20:00:00
2025-11-10,2025-11,F:BRN\F26,2026-01,F,2025-11-28,18,143228.0,1.0,75.0,prompt_month_calendar_plus_2_using_ice_month_codes,50401,2025-11-10T06:00:00,2025-11-10T20:00:00
2025-11-11,2025-11,F:BRN\F26,2026-01,F,2025-11-28,17,166613.0,1.0,75.0,prompt_month_calendar_plus_2_using_ice_month_codes,50401,2025-11-11T06:00:00,2025-11-11T20:00:00
2025-11-12,2025-11,F:BRN\F26,2026-01,F,2025-11-28,16,235627.0,1.0,75.0,prompt_month_calendar_plus_2_using_ice_month_codes,50401,2025-11-12T06:00:00,2025-11-12T20:00:00
2025-11-13,2025-11,F:BRN\F26,2026-01,F,2025-11-28,15,159698.0,1.0,75.0,prompt_month_calendar_plus_2_using_ice_month_codes,50401,2025-11-13T06:00:00,2025-11-13T20:00:00
2025-11-14,2025-11,F:BRN\F26,2026-01,F,2025-11-28,14,243464.0,1.0,75.0,prompt_month_calendar_plus_2_using_ice_month_codes,50401,2025-11-14T06:00:00,2025-11-14T20:00:00
2025-11-17,2025-11,F:BRN\F26,2026-01,F,2025-11-28,11,131578.0,1.0,87.0,prompt_month_calendar_plus_2_using_ice_month_codes,50401,2025-11-17T06:00:00,2025-11-17T20:00:00
2025-11-18,2025-11,F:BRN\F26,2026-01,F,2025-11-28,10,192420.0,1.0,87.0,prompt_month_calendar_plus_2_using_ice_month_codes,50401,2025-11-18T06:00:00,2025-11-18T20:00:00
2025-11-19,2025-11,F:BRN\F26,2026-01,F,2025-11-28,9,200828.0,1.0,87.0,prompt_month_calendar_plus_2_using_ice_month_codes,50401,2025-11-19T06:00:00,2025-11-19T20:00:00
2025-11-20,2025-11,F:BRN\F26,2026-01,F,2025-11-28,8,167132.0,1.0,87.0,prompt_month_calendar_plus_2_using_ice_month_codes,50401,2025-11-20T06:00:00,2025-11-20T20:00:00
2025-11-21,2025-11,F:BRN\F26,2026-01,F,2025-11-28,7,170977.0,2.0,87.0,prompt_month_calendar_plus_2_using_ice_month_codes,50401,2025-11-21T06:00:00,2025-11-21T20:00:00
2025-11-24,2025-11,F:BRN\F26,2026-01,F,2025-11-28,4,88155.0,2.0,87.0,prompt_month_calendar_plus_2_using_ice_month_codes,50401,2025-11-24T06:00:00,2025-11-24T20:00:00
2025-11-25,2025-11,F:BRN\F26,2026-01,F,2025-11-28,3,106328.0,2.0,87.0,prompt_month_calendar_plus_2_using_ice_month_codes,50401,2025-11-25T06:00:00,2025-11-25T20:00:00
2025-11-26,2025-11,F:BRN\F26,2026-01,F,2025-11-28,2,31574.0,3.0,87.0,prompt_month_calendar_plus_2_using_ice_month_codes,50401,2025-11-26T06:00:00,2025-11-26T20:00:00
2025-11-27,2025-11,F:BRN\F26,2026-01,F,2025-11-28,1,8366.0,3.0,87.0,prompt_month_calendar_plus_2_using_ice_month_codes,50401,2025-11-27T06:00:00,2025-11-27T20:00:00
2025-11-28,2025-11,F:BRN\F26,2026-01,F,2025-11-28,0,8332.0,5.0,87.0,prompt_month_calendar_plus_2_using_ice_month_codes,50401,2025-11-28T06:00:00,2025-11-28T20:00:00
